time_ns	state_reference	uniform_mean_violation_A	SI_table_mean_violation_A	deposited_pseudo_mean_violation_A	uniform_minus_deposited_A
20.0	open	11.41263157894737	13.051578947368421	11.41	0.0026315789473692064
21.0	open	11.126315789473685	12.777368421052632	11.13	-0.0036842105263161784
22.0	open	11.56578947368421	13.187894736842106	11.57	-0.004210526315789664
23.0	open	10.898421052631578	12.520526315789475	10.9	-0.0015789473684222344
24.0	open	10.246842105263157	11.805263157894736	10.25	-0.0031578947368426924
25.0	open	11.635263157894736	13.257368421052632	11.63	0.00526315789473486
26.0	open	10.279473684210526	11.871052631578948	10.28	-0.000526315789473486
27.0	open	9.966842105263158	11.53	9.97	-0.0031578947368426924
28.0	open	10.648947368421052	12.271052631578948	10.65	-0.0010526315789487484
29.0	open	8.18421052631579	9.835263157894737	8.18	0.004210526315789664
30.0	open	10.316315789473684	11.938421052631577	10.32	-0.0036842105263161784
31.0	open	9.000526315789473	10.622631578947368	9.0	0.000526315789473486
32.0	open	10.184736842105265	11.806842105263158	10.19	-0.00526315789473486
33.0	open	9.918947368421053	11.541052631578948	9.92	-0.001052631578946972
34.0	open	7.454736842105262	9.00157894736842	7.45	0.004736842105262262
35.0	open	5.848947368421053	7.348421052631579	5.85	-0.001052631578946972
36.0	open	6.791052631578947	8.290526315789473	6.79	0.001052631578946972
37.0	open	6.086842105263157	7.632631578947367	6.09	-0.0031578947368426924
38.0	open	6.850526315789473	8.488947368421051	6.85	0.000526315789473486
39.0	open	10.527368421052632	12.149473684210527	10.53	-0.00263157894736743
40.0	open	7.940526315789474	9.504736842105263	7.94	0.000526315789473486
41.0	open	9.883684210526317	11.505789473684212	9.88	0.0036842105263161784
42.0	open	9.9	11.539473684210526	9.9	0.0
43.0	open	9.023684210526318	10.58736842105263	9.02	0.0036842105263179548
44.0	open	9.967368421052631	11.589473684210526	9.97	-0.0026315789473692064
45.0	open	7.021578947368421	8.626842105263158	7.02	0.0015789473684213462
46.0	open	7.280526315789475	8.821052631578949	7.28	0.0005263157894743742
47.0	open	8.82157894736842	10.41421052631579	8.82	0.001578947368420458
48.0	open	7.5131578947368425	9.07736842105263	7.51	0.0031578947368426924
49.0	open	7.921052631578948	9.470526315789474	7.92	0.0010526315789478602
50.0	open	7.817894736842105	9.424736842105263	7.82	-0.0021052631578957204
51.0	open	8.64	10.22578947368421	8.64	0.0
52.0	open	8.26842105263158	9.919473684210526	8.27	-0.001578947368420458
53.0	open	6.923684210526316	8.574736842105263	6.93	-0.0063157894736836084
54.0	open	7.437894736842105	9.014736842105263	7.44	-0.0021052631578957204
55.0	open	8.132105263157895	9.658947368421053	8.13	0.002105263157893944
56.0	open	8.199473684210526	9.801578947368421	8.2	-0.000526315789473486
57.0	open	8.28736842105263	9.82578947368421	8.29	-0.0026315789473692064
58.0	open	8.834736842105263	10.468421052631578	8.84	-0.005263157894736636
59.0	open	8.24421052631579	9.858947368421052	8.24	0.004210526315789664
60.0	open	10.15157894736842	11.802631578947368	10.15	0.001578947368420458
61.0	open	9.280526315789475	10.931578947368422	9.28	0.0005263157894752624
62.0	open	9.866842105263158	11.517894736842106	9.87	-0.003157894736840916
63.0	open	10.135263157894736	11.737368421052631	10.14	-0.004736842105264927
64.0	open	10.811578947368421	12.433684210526316	10.81	0.001578947368420458
65.0	open	11.200526315789475	12.821052631578947	11.2	0.0005263157894752624
66.0	open	11.527894736842105	13.178947368421053	11.53	-0.002105263157893944
67.0	open	10.777368421052632	12.420526315789473	10.78	-0.00263157894736743
68.0	open	11.23842105263158	12.860526315789473	11.24	-0.001578947368420458
69.0	open	9.582105263157894	11.233157894736843	9.58	0.002105263157893944
70.0	open	9.872631578947368	11.479473684210525	9.87	0.0026315789473692064
71.0	open	10.072631578947368	11.723684210526315	10.07	0.00263157894736743
72.0	open	9.178947368421053	10.786842105263158	9.18	-0.001052631578946972
73.0	open	9.960526315789474	11.611578947368422	9.96	0.000526315789473486
74.0	open	8.658947368421053	10.241052631578947	8.66	-0.001052631578946972
75.0	open	9.932631578947369	11.509473684210526	9.93	0.0026315789473692064
76.0	open	10.066842105263158	11.717894736842107	10.07	-0.0031578947368426924
77.0	open	9.510526315789475	11.16157894736842	9.51	0.0005263157894752624
78.0	open	8.798947368421054	10.432631578947369	8.8	-0.001052631578946972
79.0	open	11.910526315789474	13.561578947368423	11.91	0.000526315789473486
80.0	open	10.25157894736842	11.90263157894737	10.25	0.001578947368420458
81.0	open	11.592105263157896	13.214210526315789	11.59	0.0021052631578957204
82.0	open	11.141578947368421	12.792631578947368	11.14	0.001578947368420458
83.0	open	11.557894736842105	13.208947368421052	11.56	-0.0021052631578957204
84.0	open	11.345263157894736	12.996315789473684	11.35	-0.00473684210526315
85.0	open	11.56578947368421	13.216842105263158	11.57	-0.004210526315789664
86.0	open	11.940526315789475	13.572105263157894	11.94	0.0005263157894752624
87.0	open	11.809999999999999	13.461052631578946	11.81	-1.7763568394002505e-15
88.0	open	12.386315789473684	14.008421052631581	12.39	-0.0036842105263161784
89.0	open	11.249473684210527	12.900526315789472	11.25	-0.000526315789473486
90.0	open	11.24842105263158	12.899473684210529	11.25	-0.001578947368420458
91.0	open	11.961052631578946	13.583157894736841	11.96	0.0010526315789451957
92.0	open	12.30578947368421	13.927894736842106	12.31	-0.004210526315789664
93.0	open	12.621052631578948	14.243157894736843	12.62	0.0010526315789487484
94.0	open	12.147368421052633	13.769473684210526	12.15	-0.00263157894736743
95.0	open	12.057368421052631	13.679473684210528	12.06	-0.0026315789473692064
96.0	open	12.776842105263157	14.398947368421052	12.78	-0.0031578947368426924
97.0	open	11.426842105263159	13.048947368421054	11.43	-0.003157894736840916
98.0	open	12.250526315789473	13.87263157894737	12.25	0.000526315789473486
99.0	open	12.521052631578948	14.143157894736843	12.52	0.0010526315789487484
100.0	open	12.406315789473684	14.02842105263158	12.41	-0.0036842105263161784
101.0	open	12.067368421052631	13.69157894736842	12.07	-0.0026315789473692064
102.0	open	11.798947368421052	13.421052631578947	11.8	-0.0010526315789487484
103.0	open	10.946842105263158	12.597894736842104	10.95	-0.003157894736840916
104.0	open	10.46	12.082105263157894	10.46	0.0
105.0	open	11.296315789473685	12.947368421052632	11.3	-0.0036842105263161784
106.0	open	10.813157894736841	12.464210526315789	10.81	0.003157894736840916
107.0	open	12.042105263157895	13.66421052631579	12.04	0.0021052631578957204
108.0	open	11.749473684210527	13.371578947368421	11.75	-0.000526315789473486
109.0	open	10.782105263157893	12.433157894736842	10.78	0.002105263157893944
110.0	open	10.705263157894738	12.32736842105263	10.71	-0.00473684210526315
111.0	open	11.04842105263158	12.699473684210528	11.05	-0.001578947368420458
112.0	open	12.741052631578947	14.363157894736844	12.74	0.001052631578946972
113.0	open	12.00263157894737	13.653684210526317	12.0	0.0026315789473692064
114.0	open	12.222631578947368	13.855263157894736	12.22	0.00263157894736743
115.0	open	11.388421052631578	13.039473684210526	11.39	-0.0015789473684222344
116.0	open	11.726315789473682	13.377368421052632	11.73	-0.0036842105263179548
117.0	open	11.013684210526316	12.664736842105263	11.01	0.0036842105263161784
118.0	open	12.300526315789474	13.92263157894737	12.3	0.000526315789473486
119.0	open	10.809473684210525	12.460526315789474	10.81	-0.0005263157894752624
120.0	open	10.16263157894737	11.813684210526317	10.16	0.0026315789473692064
121.0	open	12.666842105263157	14.288947368421054	12.67	-0.0031578947368426924
122.0	open	12.270526315789473	13.92157894736842	12.27	0.000526315789473486
123.0	open	11.992631578947368	13.614736842105264	11.99	0.00263157894736743
124.0	open	13.238947368421051	14.861052631578948	13.24	-0.0010526315789487484
125.0	open	11.044736842105262	12.675263157894738	11.04	0.00473684210526315
126.0	open	13.185263157894738	14.807368421052633	13.19	-0.004736842105261374
127.0	open	12.153157894736841	13.775263157894738	12.15	0.003157894736840916
128.0	open	11.95263157894737	13.603684210526318	11.95	0.0026315789473709827
129.0	open	12.010526315789473	13.66157894736842	12.01	0.000526315789473486
130.0	open	11.020526315789475	12.642631578947368	11.02	0.0005263157894752624
131.0	open	11.894736842105264	13.516842105263157	11.89	0.00473684210526315
132.0	open	11.423684210526316	13.074736842105263	11.42	0.0036842105263161784
133.0	open	12.122631578947368	13.773684210526316	12.12	0.0026315789473692064
134.0	open	10.454210526315789	12.096842105263159	10.45	0.004210526315789664
135.0	open	11.657894736842104	13.28	11.66	-0.0021052631578957204
136.0	open	12.559473684210525	14.18157894736842	12.56	-0.0005263157894752624
137.0	open	11.75736842105263	13.379473684210527	11.76	-0.0026315789473692064
138.0	open	11.252105263157896	12.87421052631579	11.25	0.0021052631578957204
139.0	open	11.833684210526316	13.484736842105262	11.83	0.0036842105263161784
140.0	open	12.1	13.722105263157896	12.1	0.0
141.0	open	12.400526315789472	14.038947368421054	12.4	0.0005263157894717096
142.0	open	12.766315789473683	14.388421052631578	12.77	-0.0036842105263161784
143.0	open	11.91	13.532105263157895	11.91	0.0
144.0	open	10.532105263157893	12.183157894736842	10.53	0.002105263157893944
145.0	open	12.246842105263157	13.868947368421052	12.25	-0.0031578947368426924
146.0	open	10.041052631578948	11.692105263157895	10.04	0.0010526315789487484
147.0	open	11.58736842105263	13.224210526315789	11.59	-0.0026315789473692064
148.0	open	11.722105263157895	13.344210526315791	11.72	0.002105263157893944
149.0	open	11.214210526315789	12.836315789473684	11.21	0.004210526315787888
150.0	open	12.42315789473684	14.045263157894738	12.42	0.003157894736840916
151.0	open	10.703684210526315	12.354736842105263	10.7	0.0036842105263161784
152.0	open	9.537894736842105	11.188947368421053	9.54	-0.002105263157893944
153.0	open	9.94578947368421	11.567894736842105	9.95	-0.004210526315789664
154.0	open	9.01842105263158	10.669473684210526	9.02	-0.001578947368420458
155.0	open	9.700526315789475	11.351578947368422	9.7	0.0005263157894752624
156.0	open	9.974210526315789	11.625263157894736	9.97	0.004210526315787888
157.0	open	8.787368421052632	10.416315789473684	8.79	-0.00263157894736743
158.0	open	8.576315789473684	10.201578947368422	8.58	-0.0036842105263161784
159.0	open	7.046315789473684	8.668947368421051	7.05	-0.0036842105263161784
160.0	open	8.9	10.478421052631578	8.9	0.0
161.0	open	10.865789473684211	12.487894736842106	10.87	-0.004210526315787888
162.0	open	12.052105263157895	13.67421052631579	12.05	0.002105263157893944
163.0	open	10.641052631578948	12.263157894736842	10.64	0.001052631578946972
164.0	open	10.73842105263158	12.360526315789473	10.74	-0.001578947368420458
165.0	open	11.00263157894737	12.624736842105264	11.0	0.0026315789473692064
166.0	open	11.33842105263158	12.960526315789474	11.34	-0.001578947368420458
167.0	open	9.952631578947368	11.574736842105262	9.95	0.0026315789473692064
168.0	open	10.258947368421053	11.881052631578948	10.26	-0.001052631578946972
169.0	open	10.863684210526316	12.514736842105263	10.86	0.0036842105263161784
170.0	open	8.44	10.061052631578947	8.44	0.0
171.0	open	10.87	12.492105263157894	10.87	0.0
172.0	open	10.045789473684211	11.69	10.05	-0.004210526315789664
173.0	open	9.69578947368421	11.317894736842105	9.7	-0.004210526315789664
174.0	open	11.646842105263158	13.27421052631579	11.65	-0.0031578947368426924
175.0	open	11.952105263157895	13.57421052631579	11.95	0.0021052631578957204
176.0	open	13.00842105263158	14.659473684210525	13.01	-0.001578947368420458
177.0	open	10.958947368421052	12.586315789473685	10.96	-0.0010526315789487484
178.0	open	11.749473684210525	13.37157894736842	11.75	-0.0005263157894752624
179.0	open	11.19	12.812105263157894	11.19	0.0
180.0	open	11.704210526315789	13.326315789473686	11.7	0.004210526315789664
181.0	open	11.119473684210528	12.753684210526316	11.12	-0.0005263157894717096
182.0	open	10.698421052631579	12.349473684210526	10.7	-0.001578947368420458
183.0	open	11.150526315789474	12.801578947368421	11.15	0.000526315789473486
184.0	open	11.909473684210527	13.531578947368422	11.91	-0.000526315789473486
185.0	open	10.371578947368421	12.022631578947369	10.37	0.0015789473684222344
186.0	open	9.769473684210526	11.420526315789473	9.77	-0.000526315789473486
187.0	open	10.658421052631578	12.280526315789473	10.66	-0.0015789473684222344
188.0	open	11.42157894736842	13.044210526315789	11.42	0.001578947368420458
189.0	open	10.48578947368421	12.11	10.49	-0.004210526315789664
190.0	open	11.527894736842105	13.15	11.53	-0.002105263157893944
191.0	open	12.627894736842105	14.25	12.63	-0.0021052631578957204
192.0	open	10.443684210526316	12.094736842105263	10.44	0.0036842105263161784
193.0	open	10.744736842105263	12.395789473684209	10.75	-0.005263157894736636
194.0	open	9.333157894736841	10.958421052631579	9.33	0.003157894736840916
195.0	open	10.130526315789472	11.781578947368422	10.13	0.0005263157894717096
196.0	open	9.30421052631579	10.926315789473684	9.3	0.004210526315789664
197.0	open	10.75263157894737	12.374736842105264	10.75	0.0026315789473692064
198.0	open	10.84578947368421	12.467894736842105	10.85	-0.004210526315789664
199.0	open	11.284736842105263	12.90684210526316	11.28	0.00473684210526315
200.0	open	9.51	11.132105263157897	9.51	0.0
201.0	open	10.141052631578948	11.763157894736842	10.14	0.001052631578946972
202.0	open	10.048947368421054	11.671052631578947	10.05	-0.001052631578946972
203.0	open	9.817894736842106	11.440000000000001	9.82	-0.002105263157893944
204.0	open	9.243157894736843	10.865263157894736	9.24	0.0031578947368426924
205.0	open	8.022631578947369	9.644736842105264	8.02	0.0026315789473692064
206.0	open	9.038947368421054	10.661052631578947	9.04	-0.0010526315789451957
207.0	open	10.096842105263159	11.718947368421052	10.1	-0.003157894736840916
208.0	open	8.919473684210526	10.541578947368421	8.92	-0.000526315789473486
209.0	open	7.847894736842105	9.47	7.85	-0.002105263157894832
210.0	open	7.675263157894736	9.288421052631579	7.68	-0.004736842105264039
211.0	open	7.463684210526316	9.08578947368421	7.46	0.0036842105263161784
212.0	open	8.987894736842104	10.61	8.99	-0.0021052631578957204
213.0	open	7.863157894736841	9.461052631578946	7.86	0.003157894736840916
214.0	open	9.063684210526317	10.68578947368421	9.06	0.0036842105263161784
215.0	open	7.757368421052632	9.408421052631578	7.76	-0.00263157894736743
216.0	open	6.053157894736842	7.696315789473684	6.05	0.0031578947368418042
217.0	open	8.657894736842104	10.273157894736842	8.66	-0.0021052631578957204
218.0	open	8.697894736842105	10.319999999999999	8.7	-0.002105263157893944
219.0	open	8.336315789473685	9.94578947368421	8.33	0.006315789473685385
220.0	open	8.34842105263158	9.970526315789474	8.35	-0.001578947368420458
221.0	open	8.851052631578948	10.471578947368421	8.85	0.0010526315789487484
222.0	open	11.371052631578948	12.993157894736843	11.37	0.0010526315789487484
223.0	open	9.51421052631579	11.136315789473684	9.52	-0.005789473684210122
224.0	open	8.973157894736843	10.595263157894736	8.97	0.0031578947368426924
225.0	open	7.1626315789473685	8.813684210526317	7.16	0.002631578947368318
226.0	open	9.664736842105263	11.286842105263156	9.66	0.00473684210526315
227.0	open	7.11	8.761052631578949	7.11	0.0
228.0	open	8.838947368421053	10.461052631578946	8.84	-0.001052631578946972
229.0	open	7.24421052631579	8.866315789473685	7.24	0.004210526315789664
230.0	open	9.349473684210528	10.971578947368421	9.35	-0.0005263157894717096
231.0	open	8.391052631578948	10.013157894736842	8.39	0.001052631578946972
232.0	open	7.214736842105264	8.836842105263159	7.21	0.004736842105264039
233.0	open	7.664736842105263	9.286842105263156	7.66	0.00473684210526315
234.0	open	7.556315789473683	9.17842105263158	7.56	-0.0036842105263161784
235.0	open	8.27157894736842	9.893684210526317	8.27	0.001578947368420458
236.0	open	7.473157894736842	9.095263157894736	7.47	0.0031578947368426924
237.0	open	8.389473684210527	10.01157894736842	8.39	-0.000526315789473486
238.0	open	8.020526315789473	9.642631578947368	8.02	0.000526315789473486
239.0	open	9.245263157894737	10.867368421052632	9.25	-0.00473684210526315
240.0	open	10.441052631578948	12.063157894736843	10.44	0.0010526315789487484
241.0	open	7.5005263157894735	9.122631578947368	7.5	0.000526315789473486
242.0	open	7.8373684210526315	9.459473684210527	7.84	-0.002631578947368318
243.0	open	8.756842105263157	10.378947368421052	8.76	-0.0031578947368426924
244.0	open	8.354736842105263	9.976842105263158	8.35	0.00473684210526315
245.0	open	8.714736842105262	10.336842105263159	8.71	0.004736842105261374
246.0	open	8.78578947368421	10.407894736842104	8.79	-0.004210526315789664
247.0	open	8.18578947368421	9.807894736842105	8.19	-0.004210526315789664
248.0	open	8.31421052631579	9.936315789473683	8.31	0.004210526315789664
249.0	open	8.795263157894738	10.417368421052632	8.79	0.005263157894738413
250.0	open	8.496842105263157	10.118947368421054	8.5	-0.0031578947368426924
251.0	open	9.47	11.092105263157896	9.47	0.0
252.0	open	8.721578947368421	10.343684210526316	8.72	0.001578947368420458
253.0	open	8.515263157894736	10.137368421052631	8.51	0.005263157894736636
254.0	open	9.527894736842105	11.15	9.53	-0.002105263157893944
255.0	open	8.16578947368421	9.787894736842105	8.17	-0.004210526315789664
256.0	open	8.997894736842106	10.62	9.0	-0.002105263157893944
257.0	open	8.69157894736842	10.313684210526317	8.69	0.001578947368420458
258.0	open	8.803684210526315	10.42578947368421	8.8	0.003684210526314402
259.0	open	8.250526315789473	9.872631578947368	8.25	0.000526315789473486
260.0	open	10.641578947368421	12.263684210526316	10.64	0.001578947368420458
261.0	open	9.074736842105263	10.696842105263158	9.07	0.00473684210526315
262.0	open	8.650526315789472	10.272631578947369	8.65	0.0005263157894717096
263.0	open	9.613157894736842	11.235263157894737	9.61	0.0031578947368426924
264.0	open	10.435263157894738	12.057368421052631	10.43	0.005263157894738413
265.0	open	10.426315789473684	12.048421052631578	10.43	-0.0036842105263161784
266.0	open	10.031578947368422	11.653684210526317	10.03	0.0015789473684222344
267.0	open	9.877894736842105	11.5	9.88	-0.0021052631578957204
268.0	open	11.175263157894738	12.797368421052632	11.18	-0.004736842105261374
269.0	open	9.687368421052632	11.309473684210525	9.69	-0.00263157894736743
270.0	open	10.245263157894737	11.867368421052632	10.25	-0.00473684210526315
271.0	open	10.710526315789474	12.332631578947368	10.71	0.000526315789473486
272.0	open	9.356315789473685	10.97842105263158	9.36	-0.003684210526314402
273.0	open	10.895263157894737	12.51736842105263	10.89	0.005263157894736636
274.0	open	10.986842105263158	12.608947368421054	10.99	-0.0031578947368426924
275.0	open	10.610526315789473	12.232631578947368	10.61	0.000526315789473486
276.0	open	12.241052631578947	13.86315789473684	12.24	0.001052631578946972
277.0	open	12.363684210526316	13.985789473684212	12.36	0.0036842105263161784
278.0	open	11.520526315789475	13.142631578947368	11.52	0.0005263157894752624
279.0	open	11.183684210526316	12.80578947368421	11.18	0.0036842105263161784
280.0	open	13.600526315789475	15.22263157894737	13.6	0.0005263157894752624
281.0	open	13.456315789473683	15.07842105263158	13.46	-0.0036842105263179548
282.0	open	12.922105263157894	14.544210526315789	12.92	0.002105263157893944
283.0	open	11.350526315789475	12.97263157894737	11.35	0.0005263157894752624
284.0	open	11.291052631578948	12.913157894736841	11.29	0.0010526315789487484
285.0	open	12.28	13.902105263157894	12.28	0.0
286.0	open	12.831052631578947	14.453157894736842	12.83	0.001052631578946972
287.0	open	12.233684210526315	13.85578947368421	12.23	0.003684210526314402
288.0	open	11.941052631578946	13.563157894736841	11.94	0.001052631578946972
289.0	open	13.611578947368422	15.233684210526315	13.61	0.0015789473684222344
290.0	open	12.889473684210527	14.51157894736842	12.89	-0.000526315789473486
291.0	open	12.612105263157895	14.234210526315788	12.61	0.0021052631578957204
292.0	open	12.767368421052632	14.389473684210525	12.77	-0.00263157894736743
293.0	open	12.936842105263157	14.558947368421054	12.94	-0.0031578947368426924
294.0	open	14.284736842105264	15.90684210526316	14.28	0.004736842105264927
295.0	open	11.288421052631579	12.910526315789474	11.29	-0.001578947368420458
296.0	open	13.75263157894737	15.374736842105264	13.75	0.0026315789473692064
297.0	open	13.112631578947367	14.734736842105262	13.11	0.00263157894736743
298.0	open	14.086315789473684	15.708421052631579	14.09	-0.0036842105263161784
299.0	open	12.935263157894736	14.55736842105263	12.93	0.005263157894736636
300.0	open	14.152631578947368	15.774736842105261	14.15	0.00263157894736743
301.0	open	13.906315789473686	15.52842105263158	13.91	-0.003684210526314402
302.0	open	12.301052631578948	13.923157894736843	12.3	0.001052631578946972
303.0	open	12.15421052631579	13.776315789473685	12.15	0.004210526315789664
304.0	open	14.172105263157894	15.794210526315789	14.17	0.002105263157893944
305.0	open	12.44	14.062105263157894	12.44	0.0
306.0	open	11.836315789473684	13.458421052631579	11.84	-0.0036842105263161784
307.0	open	10.558947368421054	12.181052631578947	10.56	-0.001052631578946972
308.0	open	12.314736842105262	13.936842105263159	12.31	0.004736842105261374
309.0	open	12.348421052631577	13.970526315789474	12.35	-0.0015789473684222344
310.0	open	10.001052631578947	11.623157894736842	10.0	0.001052631578946972
311.0	open	12.181578947368422	13.803684210526315	12.18	0.0015789473684222344
312.0	open	10.940000000000001	12.562105263157894	10.94	1.7763568394002505e-15
313.0	open	12.764736842105263	14.38684210526316	12.77	-0.005263157894736636
314.0	open	11.544210526315789	13.166315789473686	11.55	-0.005789473684211899
315.0	open	11.84	13.462105263157895	11.84	0.0
316.0	open	10.509473684210526	12.131578947368421	10.51	-0.000526315789473486
317.0	open	12.446842105263157	14.06894736842105	12.45	-0.0031578947368426924
318.0	open	12.582105263157894	14.204210526315789	12.58	0.002105263157893944
319.0	open	12.39	14.012105263157896	12.39	0.0
320.0	open	11.323157894736843	12.945263157894738	11.32	0.0031578947368426924
321.0	open	11.832105263157894	13.454210526315789	11.83	0.002105263157893944
322.0	open	12.311578947368421	13.933684210526316	12.31	0.001578947368420458
323.0	open	12.639473684210527	14.26157894736842	12.64	-0.000526315789473486
324.0	open	11.922105263157896	13.544210526315789	11.92	0.0021052631578957204
325.0	open	11.656315789473684	13.278421052631579	11.66	-0.0036842105263161784
326.0	open	11.519473684210526	13.141578947368421	11.52	-0.000526315789473486
327.0	open	12.746842105263157	14.368947368421052	12.75	-0.0031578947368426924
328.0	open	11.028421052631579	12.650526315789472	11.03	-0.001578947368420458
329.0	open	12.657368421052633	14.279473684210526	12.66	-0.00263157894736743
330.0	open	11.021052631578948	12.643157894736841	11.02	0.0010526315789487484
331.0	open	10.834736842105263	12.456842105263156	10.83	0.00473684210526315
332.0	open	7.767894736842106	9.387368421052631	7.77	-0.002105263157893944
333.0	open	10.937368421052632	12.559473684210525	10.94	-0.00263157894736743
334.0	open	10.12578947368421	11.747894736842104	10.13	-0.004210526315791441
335.0	open	10.718947368421052	12.341052631578947	10.72	-0.0010526315789487484
336.0	open	10.244736842105263	11.866842105263158	10.25	-0.005263157894736636
337.0	open	8.727368421052631	10.349473684210526	8.73	-0.0026315789473692064
338.0	open	9.99578947368421	11.57684210526316	10.0	-0.004210526315789664
339.0	open	9.460526315789474	11.082631578947368	9.46	0.000526315789473486
340.0	open	7.606315789473683	9.22842105263158	7.61	-0.0036842105263170666
341.0	open	9.58	11.202105263157895	9.58	0.0
342.0	open	9.08157894736842	10.703684210526314	9.08	0.001578947368420458
343.0	open	10.379473684210527	12.00157894736842	10.38	-0.000526315789473486
344.0	open	10.414736842105263	12.036842105263156	10.42	-0.005263157894736636
345.0	open	11.016315789473685	12.638421052631578	11.02	-0.003684210526314402
346.0	open	10.662105263157896	12.284210526315789	10.66	0.0021052631578957204
347.0	open	12.140526315789472	13.762631578947369	12.14	0.0005263157894717096
348.0	open	10.882105263157895	12.504210526315788	10.88	0.002105263157893944
349.0	open	8.42578947368421	10.047894736842105	8.42	0.005789473684210122
350.0	open	8.671052631578947	10.293157894736842	8.67	0.001052631578946972
351.0	open	7.416842105263157	9.038947368421052	7.42	-0.0031578947368426924
352.0	open	9.301578947368421	10.923684210526316	9.3	0.001578947368420458
353.0	open	10.461578947368421	12.083684210526316	10.46	0.001578947368420458
354.0	open	8.912105263157894	10.534210526315789	8.91	0.002105263157893944
355.0	open	10.51	12.132105263157895	10.51	0.0
356.0	open	8.589473684210526	10.211578947368421	8.59	-0.000526315789473486
357.0	open	8.654736842105264	10.276842105263157	8.65	0.00473684210526315
358.0	open	8.455263157894738	10.07736842105263	8.46	-0.00473684210526315
359.0	open	9.688421052631579	11.310526315789474	9.69	-0.001578947368420458
360.0	open	9.376315789473685	10.99842105263158	9.38	-0.0036842105263161784
361.0	open	8.99578947368421	10.617894736842103	9.0	-0.004210526315789664
362.0	open	9.443157894736842	11.065263157894737	9.44	0.0031578947368426924
363.0	open	9.635263157894736	11.257368421052632	9.63	0.00526315789473486
364.0	open	8.22	9.842105263157896	8.22	0.0
365.0	open	8.82684210526316	10.448947368421052	8.83	-0.003157894736840916
366.0	open	8.515789473684212	10.137894736842105	8.52	-0.004210526315787888
367.0	open	8.446315789473683	10.06842105263158	8.45	-0.0036842105263161784
368.0	open	8.103157894736842	9.725263157894737	8.1	0.0031578947368426924
369.0	open	7.744736842105263	9.366842105263158	7.75	-0.005263157894736636
370.0	open	8.884736842105264	10.503684210526316	8.88	0.00473684210526315
371.0	open	8.265263157894738	9.887368421052633	8.27	-0.004736842105261374
372.0	open	8.258947368421053	9.881052631578948	8.26	-0.001052631578946972
373.0	open	8.854210526315791	10.476315789473684	8.85	0.004210526315791441
374.0	open	8.981052631578947	10.60315789473684	8.98	0.001052631578946972
375.0	open	10.72421052631579	12.346315789473685	10.72	0.004210526315789664
376.0	open	9.606315789473685	11.22842105263158	9.61	-0.003684210526314402
377.0	open	8.715263157894736	10.325263157894735	8.71	0.00526315789473486
378.0	open	8.667368421052632	10.289473684210526	8.67	-0.00263157894736743
379.0	open	9.373684210526315	10.99578947368421	9.37	0.0036842105263161784
380.0	open	10.096315789473685	11.718421052631578	10.1	-0.003684210526314402
381.0	open	9.69421052631579	11.316315789473684	9.69	0.004210526315789664
382.0	open	10.202105263157895	11.82421052631579	10.2	0.0021052631578957204
383.0	open	10.900526315789472	12.522631578947367	10.9	0.0005263157894717096
384.0	open	10.378421052631579	12.000526315789473	10.38	-0.0015789473684222344
385.0	open	10.98578947368421	12.607894736842104	10.99	-0.004210526315789664
386.0	open	10.547368421052632	12.169473684210526	10.55	-0.0026315789473692064
387.0	open	9.452631578947368	11.074736842105263	9.45	0.0026315789473692064
388.0	open	8.186315789473683	9.80842105263158	8.19	-0.0036842105263161784
389.0	open	11.343157894736843	12.965263157894737	11.34	0.0031578947368426924
390.0	open	10.188947368421053	11.811052631578947	10.19	-0.001052631578946972
391.0	open	8.648421052631578	10.270526315789475	8.65	-0.0015789473684222344
392.0	open	9.809473684210525	11.43157894736842	9.81	-0.0005263157894752624
393.0	open	10.153157894736841	11.775263157894736	10.15	0.003157894736840916
394.0	open	8.762631578947367	10.384736842105264	8.76	0.00263157894736743
395.0	open	8.943684210526316	10.56578947368421	8.94	0.0036842105263161784
396.0	open	7.8910526315789475	9.43578947368421	7.89	0.0010526315789478602
397.0	open	9.537894736842105	11.16	9.54	-0.002105263157893944
398.0	open	8.542105263157895	10.16421052631579	8.54	0.0021052631578957204
399.0	open	8.65	10.272105263157894	8.65	0.0
400.0	open	11.437894736842106	13.06	11.44	-0.002105263157893944
401.0	open	8.863684210526316	10.485789473684212	8.86	0.0036842105263161784
402.0	open	9.156315789473684	10.778421052631579	9.16	-0.0036842105263161784
403.0	open	8.496842105263157	10.118947368421052	8.5	-0.0031578947368426924
404.0	open	7.245263157894737	8.84842105263158	7.24	0.005263157894736636
405.0	open	7.036842105263159	8.556842105263158	7.04	-0.003157894736840916
406.0	open	9.047894736842105	10.67	9.05	-0.0021052631578957204
407.0	open	8.761052631578949	10.383157894736842	8.76	0.0010526315789487484
408.0	open	9.26842105263158	10.890526315789472	9.27	-0.001578947368420458
409.0	open	9.512105263157894	11.134210526315789	9.51	0.002105263157893944
410.0	open	10.623684210526315	12.24578947368421	10.62	0.0036842105263161784
411.0	open	11.162105263157894	12.784210526315789	11.16	0.002105263157893944
412.0	open	12.16578947368421	13.787894736842103	12.17	-0.004210526315789664
413.0	open	10.452105263157895	12.07421052631579	10.45	0.0021052631578957204
414.0	open	9.736842105263158	11.358947368421054	9.74	-0.0031578947368426924
415.0	open	10.07842105263158	11.700526315789475	10.08	-0.001578947368420458
416.0	open	9.700526315789475	11.322631578947368	9.7	0.0005263157894752624
417.0	open	10.715263157894737	12.33736842105263	10.71	0.005263157894736636
418.0	open	11.382631578947368	13.004736842105263	11.38	0.00263157894736743
419.0	open	9.198947368421052	10.821052631578947	9.2	-0.001052631578946972
420.0	open	12.49842105263158	14.120526315789474	12.5	-0.001578947368420458
421.0	open	11.720526315789474	13.342631578947367	11.72	0.000526315789473486
422.0	open	11.108947368421054	12.731052631578947	11.11	-0.0010526315789451957
423.0	open	10.400526315789474	12.022631578947369	10.4	0.000526315789473486
424.0	open	10.753684210526316	12.375789473684211	10.75	0.0036842105263161784
425.0	open	10.075263157894737	11.697368421052632	10.08	-0.00473684210526315
426.0	open	10.497368421052633	12.119473684210528	10.5	-0.00263157894736743
427.0	open	9.349473684210526	10.971578947368421	9.35	-0.000526315789473486
428.0	open	10.462105263157895	12.08421052631579	10.46	0.002105263157893944
429.0	open	10.909473684210525	12.531578947368422	10.91	-0.0005263157894752624
430.0	open	11.42263157894737	13.044736842105264	11.42	0.0026315789473692064
431.0	open	10.442631578947369	12.064736842105264	10.44	0.0026315789473692064
432.0	open	11.573684210526316	13.19578947368421	11.57	0.0036842105263161784
433.0	open	9.63578947368421	11.257894736842106	9.64	-0.004210526315791441
434.0	open	12.570526315789474	14.192631578947367	12.57	0.000526315789473486
435.0	open	12.50157894736842	14.123684210526317	12.5	0.001578947368420458
436.0	open	9.443684210526316	11.06578947368421	9.44	0.0036842105263161784
437.0	open	11.381052631578948	13.003157894736843	11.38	0.001052631578946972
438.0	open	9.731578947368419	11.353684210526316	9.73	0.0015789473684186817
439.0	open	10.621052631578948	12.243157894736843	10.62	0.0010526315789487484
440.0	open	11.217368421052631	12.839473684210526	11.22	-0.0026315789473692064
441.0	open	11.508947368421053	13.131052631578946	11.51	-0.001052631578946972
442.0	open	13.02578947368421	14.647894736842105	13.03	-0.004210526315789664
443.0	open	11.036842105263156	12.658947368421053	11.04	-0.0031578947368426924
444.0	open	9.31842105263158	10.940526315789475	9.32	-0.001578947368420458
445.0	open	10.643684210526317	12.265789473684212	10.64	0.0036842105263161784
446.0	open	9.91157894736842	11.533684210526316	9.91	0.001578947368420458
447.0	open	10.75421052631579	12.376315789473685	10.76	-0.005789473684210122
448.0	open	8.081052631578949	9.703157894736842	8.08	0.0010526315789487484
449.0	open	7.363684210526316	8.985789473684212	7.36	0.0036842105263152902
450.0	open	8.75263157894737	10.374736842105264	8.75	0.0026315789473692064
451.0	open	8.32421052631579	9.946315789473683	8.32	0.004210526315789664
452.0	open	8.624210526315789	10.246315789473684	8.62	0.004210526315789664
453.0	open	8.07842105263158	9.700526315789475	8.08	-0.001578947368420458
454.0	open	8.661052631578947	10.283157894736842	8.66	0.001052631578946972
455.0	open	8.103684210526316	9.72578947368421	8.1	0.0036842105263161784
456.0	open	8.409473684210527	10.031578947368422	8.41	-0.000526315789473486
457.0	open	8.843157894736843	10.457368421052632	8.84	0.0031578947368426924
458.0	open	9.606842105263159	11.228947368421052	9.61	-0.003157894736840916
459.0	open	10.158947368421051	11.781052631578948	10.16	-0.0010526315789487484
460.0	open	9.647894736842105	11.27	9.65	-0.0021052631578957204
461.0	open	8.59	10.212105263157895	8.59	0.0
462.0	open	8.850526315789473	10.47263157894737	8.85	0.000526315789473486
463.0	open	9.093684210526316	10.715789473684211	9.09	0.0036842105263161784
464.0	open	7.652631578947369	9.274736842105263	7.65	0.002631578947368318
465.0	open	7.3589473684210525	8.981052631578947	7.36	-0.0010526315789478602
466.0	open	6.928947368421053	8.551052631578948	6.93	-0.001052631578946972
467.0	open	8.08736842105263	9.709473684210527	8.09	-0.0026315789473692064
468.0	open	8.538947368421054	10.161052631578947	8.54	-0.0010526315789451957
469.0	open	8.299473684210525	9.92157894736842	8.3	-0.0005263157894752624
470.0	open	10.064736842105262	11.686842105263159	10.07	-0.005263157894738413
471.0	open	8.9	10.522105263157895	8.9	0.0
472.0	open	8.739473684210527	10.361578947368422	8.74	-0.000526315789473486
473.0	open	9.17421052631579	10.796315789473685	9.17	0.004210526315789664
474.0	open	8.663684210526316	10.285789473684211	8.66	0.0036842105263161784
475.0	open	8.399473684210527	10.02157894736842	8.4	-0.000526315789473486
476.0	open	8.290526315789473	9.91263157894737	8.29	0.000526315789473486
477.0	open	8.733684210526315	10.35578947368421	8.73	0.003684210526314402
478.0	open	9.386315789473684	11.00842105263158	9.39	-0.0036842105263161784
479.0	open	9.367368421052632	10.989473684210527	9.37	-0.00263157894736743
480.0	open	8.078947368421053	9.69157894736842	8.08	-0.001052631578946972
481.0	open	10.087894736842104	11.71	10.09	-0.0021052631578957204
482.0	open	7.902631578947369	9.524736842105263	7.9	0.002631578947368318
483.0	open	8.24736842105263	9.869473684210526	8.25	-0.0026315789473692064
484.0	open	7.407368421052632	9.029473684210526	7.41	-0.002631578947368318
485.0	open	8.93421052631579	10.556315789473684	8.93	0.004210526315789664
486.0	open	7.9252631578947375	9.547368421052632	7.93	-0.004736842105262262
487.0	open	8.069473684210527	9.691578947368422	8.07	-0.000526315789473486
488.0	open	7.5415789473684205	9.163684210526315	7.54	0.001578947368420458
489.0	open	7.781578947368421	9.403684210526315	7.78	0.001578947368420458
490.0	open	9.557368421052631	11.179473684210528	9.56	-0.0026315789473692064
491.0	open	9.506842105263157	11.128947368421054	9.51	-0.0031578947368426924
492.0	open	7.25	8.872105263157897	7.25	0.0
493.0	open	9.049999999999999	10.672105263157896	9.05	-1.7763568394002505e-15
494.0	open	8.427368421052632	10.049473684210525	8.43	-0.00263157894736743
495.0	open	7.113157894736841	8.722105263157895	7.11	0.003157894736840916
496.0	open	7.9868421052631575	9.608947368421052	7.99	-0.0031578947368426924
497.0	open	7.949473684210526	9.567894736842105	7.95	-0.0005263157894743742
498.0	open	8.096315789473683	9.718421052631578	8.1	-0.0036842105263161784
499.0	open	7.398947368421052	8.974736842105262	7.4	-0.0010526315789487484
500.0	open	8.716315789473683	10.338421052631578	8.72	-0.0036842105263179548
501.0	open	7.871052631578946	9.493157894736841	7.87	0.0010526315789460838
502.0	open	7.636315789473684	9.237894736842104	7.64	-0.0036842105263152902
503.0	open	7.5394736842105265	9.16157894736842	7.54	-0.000526315789473486
504.0	open	7.214210526315789	8.836315789473684	7.21	0.004210526315788776
505.0	open	7.425789473684211	9.047894736842105	7.43	-0.004210526315788776
506.0	open	7.286315789473684	8.885263157894736	7.29	-0.0036842105263161784
507.0	open	8.437894736842106	10.059999999999999	8.44	-0.002105263157893944
508.0	open	8.446315789473685	10.06842105263158	8.45	-0.003684210526314402
509.0	open	8.146315789473684	9.76842105263158	8.15	-0.0036842105263161784
510.0	open	7.444210526315789	9.026315789473685	7.44	0.004210526315788776
511.0	open	7.868947368421052	9.491052631578947	7.87	-0.0010526315789478602
512.0	open	8.330526315789474	9.952631578947368	8.33	0.000526315789473486
513.0	open	7.819473684210526	9.44157894736842	7.82	-0.0005263157894743742
514.0	open	9.236315789473684	10.858421052631579	9.24	-0.0036842105263161784
515.0	open	6.750526315789474	8.372631578947368	6.75	0.0005263157894743742
516.0	open	9.00842105263158	10.630526315789472	9.01	-0.001578947368420458
517.0	open	9.474210526315789	11.096315789473683	9.47	0.004210526315787888
518.0	open	8.864736842105264	10.486842105263158	8.86	0.004736842105264927
519.0	open	10.195263157894738	11.817368421052631	10.2	-0.004736842105261374
520.0	open	8.88684210526316	10.508947368421053	8.89	-0.003157894736840916
521.0	open	9.677368421052632	11.299473684210525	9.68	-0.00263157894736743
522.0	open	9.114210526315789	10.736315789473684	9.11	0.004210526315789664
523.0	open	7.718421052631579	9.340526315789473	7.72	-0.001578947368420458
524.0	open	8.85	10.472105263157895	8.85	0.0
525.0	open	9.096842105263159	10.718947368421052	9.1	-0.003157894736840916
526.0	open	8.103157894736842	9.725263157894737	8.1	0.0031578947368426924
527.0	open	8.882105263157895	10.504210526315788	8.88	0.002105263157893944
528.0	open	8.772105263157894	10.394210526315788	8.77	0.002105263157893944
529.0	open	9.136842105263158	10.758947368421053	9.14	-0.0031578947368426924
530.0	open	7.94842105263158	9.551578947368421	7.95	-0.001578947368420458
531.0	open	8.326842105263157	9.948947368421052	8.33	-0.0031578947368426924
532.0	open	8.295789473684211	9.917894736842106	8.3	-0.004210526315789664
533.0	open	7.3578947368421055	8.942631578947369	7.36	-0.002105263157894832
534.0	open	7.934736842105263	9.533157894736842	7.93	0.00473684210526315
535.0	open	8.623684210526315	10.245789473684212	8.62	0.0036842105263161784
536.0	open	8.583157894736841	10.205263157894738	8.58	0.003157894736840916
537.0	open	8.197368421052632	9.81842105263158	8.2	-0.00263157894736743
538.0	open	8.07578947368421	9.697894736842105	8.08	-0.004210526315789664
539.0	open	7.927368421052631	9.549473684210525	7.93	-0.002631578947368318
540.0	open	7.8657894736842096	9.487894736842106	7.86	0.005789473684209234
541.0	open	7.086315789473685	8.708421052631579	7.09	-0.0036842105263152902
542.0	open	7.560526315789474	9.182631578947369	7.56	0.0005263157894743742
543.0	open	8.214736842105264	9.836842105263159	8.21	0.00473684210526315
544.0	open	7.953157894736843	9.575263157894737	7.95	0.0031578947368426924
545.0	open	8.197894736842105	9.773684210526316	8.2	-0.002105263157893944
546.0	open	8.567368421052631	10.189473684210526	8.57	-0.0026315789473692064
547.0	open	9.101052631578947	10.723157894736842	9.1	0.001052631578946972
548.0	open	8.580526315789474	10.202631578947368	8.58	0.000526315789473486
549.0	open	9.600526315789473	11.222631578947368	9.6	0.000526315789473486
550.0	open	8.625789473684211	10.247894736842106	8.63	-0.004210526315789664
551.0	open	8.697894736842105	10.32	8.7	-0.002105263157893944
552.0	open	8.872631578947368	10.494736842105263	8.87	0.0026315789473692064
553.0	open	9.004736842105263	10.626842105263158	9.0	0.00473684210526315
554.0	open	8.687894736842106	10.308947368421054	8.69	-0.002105263157893944
555.0	open	9.035789473684211	10.657894736842104	9.04	-0.004210526315787888
556.0	open	8.140526315789472	9.762631578947367	8.14	0.0005263157894717096
557.0	open	7.559473684210526	9.18157894736842	7.56	-0.000526315789473486
558.0	open	8.186315789473685	9.80842105263158	8.19	-0.003684210526314402
559.0	open	9.559473684210525	11.18157894736842	9.56	-0.0005263157894752624
560.0	open	9.876842105263158	11.498947368421051	9.88	-0.0031578947368426924
561.0	open	9.19157894736842	10.813684210526315	9.19	0.001578947368420458
562.0	open	8.542631578947368	10.164736842105263	8.54	0.0026315789473692064
563.0	open	7.932105263157895	9.55421052631579	7.93	0.0021052631578957204
564.0	open	8.337894736842104	9.96	8.34	-0.0021052631578957204
565.0	open	7.101578947368421	8.723684210526315	7.1	0.0015789473684213462
566.0	open	9.554736842105262	11.164736842105263	9.55	0.004736842105261374
567.0	open	10.541578947368421	12.163684210526315	10.54	0.0015789473684222344
568.0	open	11.498947368421051	13.121052631578948	11.5	-0.0010526315789487484
569.0	open	12.050526315789474	13.67263157894737	12.05	0.000526315789473486
570.0	open	10.133157894736842	11.755263157894737	10.13	0.003157894736840916
571.0	open	10.676842105263159	12.298947368421054	10.68	-0.003157894736840916
572.0	open	10.59	12.212105263157895	10.59	0.0
573.0	open	10.195263157894738	11.817368421052631	10.2	-0.004736842105261374
574.0	open	12.699473684210526	14.321578947368423	12.7	-0.000526315789473486
575.0	open	13.88315789473684	15.505263157894738	13.88	0.0031578947368391397
576.0	open	10.116315789473685	11.686315789473683	10.12	-0.003684210526314402
577.0	open	12.155263157894737	13.77736842105263	12.16	-0.00473684210526315
578.0	open	10.369473684210528	11.99157894736842	10.37	-0.0005263157894717096
579.0	open	8.786842105263158	10.431578947368422	8.79	-0.003157894736840916
580.0	open	11.602105263157895	13.224210526315789	11.6	0.0021052631578957204
581.0	open	9.803157894736842	11.425263157894738	9.8	0.003157894736840916
582.0	open	11.092631578947369	12.714736842105264	11.09	0.0026315789473692064
583.0	open	10.580526315789474	12.202631578947368	10.58	0.000526315789473486
584.0	open	11.013157894736842	12.635263157894737	11.01	0.0031578947368426924
585.0	open	12.16578947368421	13.787894736842107	12.17	-0.004210526315789664
586.0	open	11.221578947368421	12.843684210526316	11.22	0.001578947368420458
587.0	open	11.91578947368421	13.537894736842107	11.92	-0.004210526315789664
588.0	open	11.289473684210526	12.91157894736842	11.29	-0.000526315789473486
589.0	open	11.638421052631578	13.260526315789473	11.64	-0.0015789473684222344
590.0	open	10.63421052631579	12.256315789473684	10.63	0.004210526315789664
591.0	open	11.968421052631578	13.590526315789472	11.97	-0.0015789473684222344
592.0	open	10.60578947368421	12.227894736842105	10.61	-0.004210526315789664
593.0	open	11.98157894736842	13.603684210526314	11.98	0.001578947368420458
594.0	open	11.735789473684212	13.357894736842105	11.73	0.005789473684211899
595.0	open	11.068947368421053	12.691052631578946	11.07	-0.001052631578946972
596.0	open	9.840526315789473	11.462631578947368	9.84	0.000526315789473486
597.0	open	11.102631578947367	12.724736842105262	11.1	0.00263157894736743
598.0	open	10.225263157894737	11.84736842105263	10.22	0.005263157894736636
599.0	open	11.477894736842105	13.1	11.48	-0.0021052631578957204
600.0	open	10.866315789473683	12.48842105263158	10.87	-0.0036842105263161784
601.0	open	10.567894736842105	12.190000000000001	10.57	-0.0021052631578957204
602.0	open	11.307894736842105	12.93	11.31	-0.0021052631578957204
603.0	open	9.383684210526315	11.00578947368421	9.38	0.003684210526314402
604.0	open	12.900526315789472	14.522631578947369	12.9	0.0005263157894717096
605.0	open	10.56842105263158	12.190526315789475	10.57	-0.001578947368420458
606.0	open	11.511052631578949	13.133157894736842	11.51	0.0010526315789487484
607.0	open	11.782631578947369	13.404736842105264	11.78	0.0026315789473692064
608.0	open	13.205789473684211	14.827894736842106	13.21	-0.004210526315789664
609.0	open	11.736842105263158	13.358947368421052	11.74	-0.0031578947368426924
610.0	open	12.255789473684212	13.877894736842105	12.25	0.005789473684211899
611.0	open	11.657368421052633	13.279473684210526	11.66	-0.00263157894736743
612.0	open	11.55842105263158	13.180526315789473	11.56	-0.001578947368420458
613.0	open	10.717368421052631	12.339473684210526	10.72	-0.0026315789473692064
614.0	open	12.57421052631579	14.196315789473685	12.57	0.004210526315789664
615.0	open	11.594736842105263	13.216842105263158	11.59	0.00473684210526315
616.0	open	11.551578947368421	13.173684210526314	11.55	0.001578947368420458
617.0	open	11.677368421052632	13.299473684210525	11.68	-0.00263157894736743
618.0	open	12.132105263157895	13.754210526315788	12.13	0.002105263157893944
619.0	open	10.42263157894737	12.044736842105262	10.42	0.0026315789473692064
620.0	open	9.74	11.362105263157895	9.74	0.0
621.0	open	9.793157894736842	11.415263157894737	9.79	0.0031578947368426924
622.0	open	13.015789473684212	14.637894736842105	13.01	0.005789473684211899
623.0	open	11.745263157894737	13.367368421052632	11.74	0.005263157894736636
624.0	open	10.458947368421052	12.081052631578947	10.46	-0.0010526315789487484
625.0	open	11.351052631578947	12.973157894736842	11.35	0.001052631578946972
626.0	open	12.410000000000002	14.032105263157895	12.41	1.7763568394002505e-15
627.0	open	11.676315789473684	13.298421052631578	11.68	-0.0036842105263161784
628.0	open	11.611578947368422	13.233684210526315	11.61	0.0015789473684222344
629.0	open	12.58578947368421	14.207894736842105	12.59	-0.004210526315789664
630.0	open	12.880526315789474	14.50263157894737	12.88	0.000526315789473486
631.0	open	13.965263157894736	15.587368421052632	13.97	-0.004736842105264927
632.0	open	11.246315789473684	12.868421052631579	11.25	-0.0036842105263161784
633.0	open	13.231578947368419	14.853684210526314	13.23	0.0015789473684186817
634.0	open	12.58157894736842	14.203684210526315	12.58	0.001578947368420458
635.0	open	11.215263157894737	12.83736842105263	11.22	-0.00473684210526315
636.0	open	11.573157894736841	13.195263157894738	11.57	0.003157894736840916
637.0	open	12.358947368421052	13.981052631578947	12.36	-0.001052631578946972
638.0	open	11.366842105263158	12.988947368421051	11.37	-0.003157894736840916
639.0	open	11.706315789473685	13.32842105263158	11.71	-0.0036842105263161784
640.0	open	12.836315789473685	14.458421052631579	12.84	-0.003684210526314402
641.0	open	11.976315789473684	13.579473684210527	11.98	-0.0036842105263161784
642.0	open	12.876315789473685	14.49842105263158	12.88	-0.0036842105263161784
643.0	open	14.645789473684209	16.267894736842106	14.65	-0.004210526315791441
644.0	open	13.150526315789472	14.772631578947369	13.15	0.0005263157894717096
645.0	open	13.621578947368421	15.243684210526316	13.62	0.0015789473684222344
646.0	open	13.792105263157895	15.41421052631579	13.79	0.0021052631578957204
647.0	open	12.326315789473686	13.948421052631579	12.33	-0.003684210526314402
648.0	open	11.44578947368421	13.067894736842105	11.45	-0.004210526315789664
649.0	open	13.232105263157894	14.854210526315791	13.23	0.002105263157893944
650.0	open	11.901052631578947	13.523157894736842	11.9	0.001052631578946972
651.0	open	11.234736842105262	12.856842105263157	11.23	0.004736842105261374
652.0	open	9.727368421052631	11.349473684210528	9.73	-0.0026315789473692064
653.0	open	11.381578947368421	13.003684210526316	11.38	0.001578947368420458
654.0	open	12.598947368421053	14.221052631578948	12.6	-0.001052631578946972
655.0	open	12.086842105263159	13.708947368421054	12.09	-0.003157894736840916
656.0	open	12.138947368421052	13.761052631578947	12.14	-0.0010526315789487484
657.0	open	11.084736842105263	12.706842105263158	11.08	0.00473684210526315
658.0	open	12.387368421052631	14.009473684210526	12.39	-0.0026315789473692064
659.0	open	13.453157894736842	15.075263157894737	13.45	0.0031578947368426924
660.0	open	12.78736842105263	14.409473684210525	12.79	-0.0026315789473692064
661.0	open	12.007894736842106	13.63	12.01	-0.002105263157893944
662.0	open	14.39421052631579	16.016315789473683	14.39	0.004210526315789664
663.0	open	12.400526315789472	14.022631578947369	12.4	0.0005263157894717096
664.0	open	11.833684210526316	13.455789473684211	11.83	0.0036842105263161784
665.0	open	13.736315789473684	15.358421052631579	13.74	-0.0036842105263161784
666.0	open	11.596842105263159	13.218947368421052	11.6	-0.003157894736840916
667.0	open	10.51421052631579	12.136315789473684	10.51	0.004210526315789664
668.0	open	12.816842105263158	14.43894736842105	12.82	-0.0031578947368426924
669.0	open	10.676315789473684	12.298421052631578	10.68	-0.0036842105263161784
670.0	open	12.240526315789474	13.862631578947367	12.24	0.000526315789473486
671.0	open	10.459473684210527	12.081578947368422	10.46	-0.000526315789473486
672.0	open	12.310526315789474	13.93263157894737	12.31	0.000526315789473486
673.0	open	10.749473684210525	12.371578947368421	10.75	-0.0005263157894752624
674.0	open	10.906842105263157	12.528947368421052	10.91	-0.0031578947368426924
675.0	open	10.33157894736842	11.953684210526315	10.33	0.001578947368420458
676.0	open	9.243157894736843	10.865263157894736	9.24	0.0031578947368426924
677.0	open	9.227894736842106	10.85	9.23	-0.002105263157893944
678.0	open	11.516842105263159	13.138947368421054	11.52	-0.003157894736840916
679.0	open	11.551578947368421	13.173684210526316	11.55	0.001578947368420458
680.0	open	9.052105263157895	10.67421052631579	9.05	0.002105263157893944
681.0	open	10.458947368421052	12.081052631578949	10.46	-0.0010526315789487484
682.0	open	9.408947368421051	11.031052631578948	9.41	-0.0010526315789487484
683.0	open	11.604210526315791	13.226315789473684	11.6	0.004210526315791441
684.0	open	9.317894736842106	10.938947368421054	9.32	-0.002105263157893944
685.0	open	9.803684210526315	11.42578947368421	9.8	0.003684210526314402
686.0	open	10.146315789473684	11.76842105263158	10.15	-0.0036842105263161784
687.0	open	10.15	11.772105263157895	10.15	0.0
688.0	open	11.049473684210525	12.67157894736842	11.05	-0.0005263157894752624
689.0	open	9.127368421052632	10.749473684210527	9.13	-0.0026315789473692064
690.0	open	10.23421052631579	11.856315789473685	10.23	0.004210526315789664
691.0	open	10.071052631578947	11.693157894736842	10.07	0.001052631578946972
692.0	open	8.752105263157894	10.37421052631579	8.75	0.002105263157893944
693.0	open	9.595263157894736	11.217368421052631	9.59	0.005263157894736636
694.0	open	10.089473684210526	11.711578947368421	10.09	-0.000526315789473486
695.0	open	9.703157894736842	11.313684210526315	9.7	0.0031578947368426924
696.0	open	8.539473684210526	10.16	8.54	-0.000526315789473486
697.0	open	9.674736842105263	11.29	9.67	0.00473684210526315
698.0	open	8.147894736842105	9.723157894736843	8.15	-0.0021052631578957204
699.0	open	8.79842105263158	10.420526315789473	8.8	-0.001578947368420458
700.0	open	8.36578947368421	9.987894736842104	8.37	-0.004210526315789664
701.0	open	9.414736842105263	11.036842105263156	9.42	-0.005263157894736636
702.0	open	8.956315789473683	10.578421052631578	8.96	-0.0036842105263179548
703.0	open	8.482105263157894	10.084736842105263	8.48	0.002105263157893944
704.0	open	9.218421052631578	10.840526315789473	9.22	-0.0015789473684222344
705.0	open	10.25	11.872105263157895	10.25	0.0
706.0	open	8.864210526315789	10.486315789473684	8.86	0.004210526315789664
707.0	open	9.435263157894738	11.057368421052631	9.44	-0.004736842105261374
708.0	open	9.67157894736842	11.293684210526315	9.67	0.001578947368420458
709.0	open	9.033157894736842	10.629473684210527	9.03	0.0031578947368426924
710.0	open	10.767894736842106	12.39	10.77	-0.002105263157893944
711.0	open	11.469473684210527	13.091578947368422	11.47	-0.000526315789473486
712.0	open	11.814736842105262	13.436842105263159	11.81	0.004736842105261374
713.0	open	10.91263157894737	12.534736842105263	10.91	0.0026315789473692064
714.0	open	11.329999999999998	12.952105263157893	11.33	-1.7763568394002505e-15
715.0	open	12.249473684210527	13.871578947368421	12.25	-0.000526315789473486
716.0	open	12.311052631578947	13.933157894736842	12.31	0.001052631578946972
717.0	open	8.515263157894736	10.137368421052633	8.51	0.005263157894736636
718.0	open	10.042105263157893	11.66421052631579	10.04	0.002105263157893944
719.0	open	11.292105263157895	12.91421052631579	11.29	0.0021052631578957204
720.0	open	11.037894736842105	12.66	11.04	-0.002105263157893944
721.0	open	10.838947368421053	12.461052631578948	10.84	-0.001052631578946972
722.0	open	10.554736842105262	12.176842105263159	10.55	0.004736842105261374
723.0	open	10.710526315789474	12.332631578947368	10.71	0.000526315789473486
724.0	open	12.341578947368422	13.963684210526315	12.34	0.0015789473684222344
725.0	open	10.78	12.402105263157894	10.78	0.0
726.0	open	10.576315789473684	12.198421052631579	10.58	-0.0036842105263161784
727.0	open	10.044210526315789	11.666315789473684	10.04	0.004210526315789664
728.0	open	11.27421052631579	12.896315789473684	11.27	0.004210526315789664
729.0	open	10.465789473684211	12.087894736842106	10.47	-0.004210526315789664
730.0	open	11.345263157894736	12.967368421052631	11.35	-0.00473684210526315
731.0	open	10.572631578947368	12.194736842105263	10.57	0.00263157894736743
732.0	open	9.694736842105263	11.316842105263158	9.69	0.00473684210526315
733.0	open	8.198421052631579	9.803157894736842	8.2	-0.001578947368420458
734.0	open	10.213684210526315	11.83578947368421	10.21	0.003684210526314402
735.0	open	11.034736842105263	12.65684210526316	11.04	-0.005263157894736636
736.0	open	10.456315789473685	12.07842105263158	10.46	-0.0036842105263161784
737.0	open	9.66263157894737	11.284736842105263	9.66	0.0026315789473692064
738.0	open	12.307894736842105	13.930000000000001	12.31	-0.0021052631578957204
739.0	open	9.353157894736842	10.975263157894737	9.35	0.0031578947368426924
740.0	open	10.017894736842106	11.64	10.02	-0.002105263157893944
741.0	open	8.550526315789474	10.17263157894737	8.55	0.000526315789473486
742.0	open	11.198421052631579	12.820526315789474	11.2	-0.001578947368420458
743.0	open	10.923684210526316	12.545789473684211	10.92	0.0036842105263161784
744.0	open	10.697894736842105	12.32	10.7	-0.002105263157893944
745.0	open	11.734210526315788	13.356315789473683	11.73	0.004210526315787888
746.0	open	9.601578947368422	11.223684210526315	9.6	0.0015789473684222344
747.0	open	9.586315789473685	11.208421052631579	9.59	-0.003684210526314402
748.0	open	8.347894736842104	9.94157894736842	8.35	-0.0021052631578957204
749.0	open	8.90578947368421	10.527894736842105	8.9	0.005789473684210122
750.0	open	10.026842105263157	11.648947368421053	10.02	0.0068421052631570944
751.0	open	7.898947368421052	9.449473684210526	7.9	-0.0010526315789487484
752.0	open	7.860526315789474	9.482631578947368	7.86	0.000526315789473486
753.0	open	8.527368421052632	10.149473684210527	8.53	-0.00263157894736743
754.0	open	7.427368421052631	9.049473684210525	7.43	-0.002631578947368318
755.0	open	8.939473684210526	10.561578947368421	8.94	-0.000526315789473486
756.0	open	9.916842105263159	11.538947368421054	9.92	-0.003157894736840916
757.0	open	9.810526315789474	11.432631578947369	9.81	0.000526315789473486
758.0	open	7.833157894736843	9.455263157894738	7.83	0.0031578947368426924
759.0	open	9.83578947368421	11.457894736842105	9.84	-0.004210526315789664
760.0	open	8.563157894736841	10.185263157894738	8.56	0.003157894736840916
761.0	open	6.215263157894737	7.8373684210526315	6.22	-0.00473684210526315
762.0	open	5.150526315789474	6.772631578947369	5.15	0.000526315789473486
763.0	open	4.515263157894736	6.075263157894736	4.51	0.005263157894736636
764.0	open	4.51	6.068421052631579	4.51	0.0
765.0	open	4.740526315789474	6.2926315789473675	4.74	0.000526315789473486
766.0	open	3.5021052631578953	4.906842105263158	3.5	0.0021052631578952763
767.0	open	6.204210526315789	7.826315789473684	6.2	0.004210526315788776
768.0	open	6.510000000000001	8.132105263157897	6.51	8.881784197001252e-16
769.0	open	7.509473684210526	9.131578947368421	7.51	-0.000526315789473486
770.0	open	6.368421052631579	7.990526315789474	6.37	-0.0015789473684213462
771.0	open	7.5210526315789465	9.143157894736841	7.52	0.001052631578946972
772.0	open	6.64578947368421	8.267894736842104	6.65	-0.004210526315790553
773.0	open	7.706842105263158	9.328947368421053	7.71	-0.0031578947368418042
774.0	open	5.529473684210526	7.151578947368421	5.53	-0.0005263157894743742
775.0	open	7.497368421052631	9.119473684210528	7.5	-0.0026315789473692064
776.0	open	7.783684210526316	9.40578947368421	7.78	0.0036842105263161784
777.0	open	6.578947368421052	8.201052631578946	6.58	-0.0010526315789478602
778.0	open	5.800526315789474	7.422631578947368	5.8	0.0005263157894743742
779.0	open	5.158947368421052	6.768421052631578	5.16	-0.0010526315789478602
780.0	open	4.741578947368422	6.315789473684211	4.74	0.0015789473684213462
781.0	open	6.288421052631579	7.9105263157894745	6.29	-0.0015789473684213462
782.0	open	5.222105263157895	6.846315789473685	5.22	0.002105263157894832
783.0	open	5.83	7.4810526315789465	5.83	0.0
784.0	open	7.19157894736842	8.813684210526315	7.19	0.0015789473684195698
785.0	open	5.032631578947368	6.596315789473684	5.03	0.00263157894736743
786.0	open	5.016842105263158	6.588421052631579	5.02	-0.0031578947368418042
787.0	open	4.886842105263159	6.407368421052631	4.89	-0.003157894736840916
788.0	open	4.482105263157894	6.017894736842105	4.48	0.002105263157893944
789.0	open	5.686842105263158	7.242105263157894	5.69	-0.0031578947368426924
790.0	open	5.116315789473685	6.661052631578947	5.12	-0.0036842105263152902
791.0	open	5.761578947368421	7.306315789473683	5.76	0.0015789473684213462
792.0	open	5.887368421052631	7.475263157894737	5.89	-0.002631578947368318
793.0	open	4.691578947368421	6.238421052631579	4.69	0.001578947368420458
794.0	open	4.6352631578947365	6.177368421052631	4.63	0.005263157894736636
795.0	open	4.796315789473684	6.341052631578947	4.8	-0.0036842105263161784
796.0	open	4.140526315789474	5.723684210526316	4.14	0.0005263157894743742
797.0	open	5.1284210526315785	6.779473684210527	5.13	-0.0015789473684213462
798.0	open	5.295789473684211	6.924736842105263	5.29	0.005789473684211011
799.0	open	4.932631578947368	6.537368421052632	4.93	0.002631578947368318
800.0	open	5.123157894736842	6.756842105263158	5.12	0.0031578947368418042
801.0	open	4.31157894736842	5.962631578947368	4.31	0.001578947368420458
802.0	open	6.167894736842105	7.807894736842105	6.17	-0.002105263157894832
803.0	open	5.377368421052632	6.973157894736842	5.38	-0.002631578947368318
804.0	open	5.943157894736841	7.576315789473684	5.94	0.003157894736840916
805.0	open	5.034210526315789	6.673684210526315	5.03	0.004210526315788776
806.0	open	3.6963157894736836	5.175789473684211	3.7	-0.0036842105263166225
807.0	open	3.4200000000000004	4.532105263157895	3.42	4.440892098500626e-16
808.0	open	3.630526315789474	4.6352631578947365	3.63	0.0005263157894739301
809.0	open	3.748947368421053	5.27	3.75	-0.001052631578946972
810.0	open	5.986315789473683	7.593157894736841	5.99	-0.0036842105263170666
811.0	open	4.43157894736842	5.990526315789474	4.43	0.001578947368420458
812.0	open	5.552631578947368	7.174736842105263	5.55	0.002631578947368318
813.0	open	6.3384210526315785	7.751052631578948	6.34	-0.0015789473684213462
814.0	open	7.005263157894737	8.627368421052632	7.01	-0.00473684210526315
815.0	open	5.174736842105263	6.598947368421053	5.17	0.00473684210526315
816.0	open	6.1478947368421055	7.63	6.15	-0.002105263157894832
817.0	open	5.160526315789474	6.585263157894737	5.16	0.000526315789473486
818.0	open	4.323157894736842	5.7642105263157895	4.32	0.0031578947368418042
819.0	open	4.796842105263159	6.2836842105263155	4.8	-0.003157894736840916
820.0	open	5.0473684210526315	6.3968421052631586	5.05	-0.002631578947368318
821.0	open	5.095789473684211	6.624736842105263	5.1	-0.004210526315788776
822.0	open	5.172631578947368	6.664736842105263	5.17	0.002631578947368318
823.0	open	4.421052631578948	5.898421052631579	4.42	0.0010526315789478602
824.0	open	5.139473684210526	6.6478947368421055	5.14	-0.000526315789473486
825.0	open	4.521052631578947	5.954736842105263	4.52	0.0010526315789478602
826.0	open	4.2494736842105265	5.765789473684211	4.25	-0.000526315789473486
827.0	open	4.535263157894737	5.872105263157894	4.54	-0.00473684210526315
828.0	open	5.479473684210526	7.101578947368421	5.48	-0.0005263157894743742
829.0	open	5.914736842105263	7.536842105263157	5.92	-0.005263157894736636
830.0	open	4.118421052631579	5.579473684210527	4.12	-0.0015789473684213462
831.0	open	4.8236842105263165	6.278421052631579	4.82	0.0036842105263161784
832.0	open	4.098421052631579	5.514736842105263	4.1	-0.001578947368420458
833.0	open	3.8505263157894736	5.1978947368421045	3.85	0.000526315789473486
834.0	open	3.651578947368421	4.63578947368421	3.65	0.0015789473684209021
835.0	open	4.253684210526315	5.440526315789473	4.25	0.0036842105263152902
836.0	open	4.015789473684211	5.273157894736842	4.02	-0.004210526315788776
837.0	open	4.423684210526315	5.668947368421052	4.42	0.0036842105263152902
838.0	open	4.281052631578947	5.518947368421053	4.28	0.001052631578946972
839.0	open	4.354210526315789	5.555789473684211	4.36	-0.005789473684211011
840.0	open	4.458947368421053	5.716842105263158	4.46	-0.001052631578946972
841.0	open	4.189473684210526	5.4331578947368415	4.19	-0.0005263157894743742
842.0	open	4.863157894736842	6.2084210526315795	4.86	0.0031578947368418042
843.0	open	4.62	6.103157894736842	4.62	0.0
844.0	open	4.434736842105264	5.668947368421053	4.43	0.004736842105264039
845.0	open	3.827894736842105	5.116315789473684	3.83	-0.0021052631578952763
846.0	open	3.2363157894736845	4.298421052631579	3.24	-0.0036842105263157343
847.0	open	4.456315789473685	5.921578947368421	4.46	-0.0036842105263152902
848.0	open	4.46	5.841052631578947	4.46	0.0
849.0	open	4.672631578947368	6.19	4.67	0.002631578947368318
850.0	open	4.722631578947369	6.100526315789473	4.72	0.0026315789473692064
851.0	open	4.582631578947368	5.9731578947368416	4.58	0.002631578947368318
852.0	open	4.0610526315789475	5.3531578947368414	4.06	0.0010526315789478602
853.0	open	4.592631578947368	6.072105263157894	4.59	0.002631578947368318
854.0	open	4.806315789473683	6.27	4.81	-0.0036842105263161784
855.0	open	6.056315789473683	7.645263157894736	6.06	-0.0036842105263161784
856.0	open	4.928421052631579	6.400526315789474	4.93	-0.001578947368420458
857.0	open	4.882105263157894	6.448947368421052	4.88	0.002105263157893944
858.0	open	4.467368421052631	5.8989473684210525	4.47	-0.002631578947368318
859.0	open	5.273157894736843	6.681052631578948	5.27	0.0031578947368435806
860.0	open	5.003684210526315	6.513684210526315	5.0	0.0036842105263152902
861.0	open	5.31	6.88	5.31	0.0
862.0	open	5.252631578947368	6.807894736842105	5.25	0.002631578947368318
863.0	open	5.462631578947368	7.010526315789473	5.46	0.002631578947368318
864.0	open	6.346842105263158	7.946315789473684	6.35	-0.0031578947368418042
865.0	open	6.356315789473684	7.97578947368421	6.36	-0.0036842105263161784
866.0	open	6.284736842105263	7.890526315789475	6.28	0.00473684210526315
867.0	open	5.832631578947368	7.4526315789473685	5.83	0.002631578947368318
868.0	open	5.090526315789473	6.5394736842105265	5.09	0.000526315789473486
869.0	open	3.811052631578947	5.037894736842105	3.81	0.001052631578946972
870.0	open	6.41578947368421	7.967894736842105	6.42	-0.004210526315789664
871.0	open	5.128947368421052	6.72	5.13	-0.0010526315789478602
872.0	open	4.990526315789474	6.535263157894737	4.99	0.000526315789473486
873.0	open	4.777368421052632	6.26	4.78	-0.002631578947368318
874.0	open	7.324210526315789	8.946315789473683	7.32	0.004210526315788776
875.0	open	5.275263157894736	6.88578947368421	5.28	-0.004736842105264039
876.0	open	3.538947368421052	4.808421052631579	3.54	-0.0010526315789478602
877.0	open	4.988947368421053	6.555789473684211	4.99	-0.001052631578946972
878.0	open	4.776315789473684	6.321052631578947	4.78	-0.0036842105263161784
879.0	open	5.436842105263159	7.031052631578947	5.44	-0.0031578947368418042
880.0	open	5.427894736842106	6.967894736842106	5.43	-0.002105263157893944
881.0	open	4.878947368421053	6.490526315789474	4.88	-0.001052631578946972
882.0	open	5.232631578947369	6.778947368421053	5.23	0.002631578947368318
883.0	open	5.733684210526316	7.2973684210526315	5.73	0.0036842105263152902
884.0	open	4.378947368421053	5.93	4.38	-0.001052631578946972
885.0	open	4.1421052631578945	5.45	4.14	0.002105263157894832
886.0	open	4.2973684210526315	5.8	4.3	-0.002631578947368318
887.0	open	4.388421052631578	5.888421052631578	4.39	-0.0015789473684213462
888.0	open	4.4605263157894735	5.895263157894737	4.46	0.000526315789473486
889.0	open	3.878947368421052	5.152105263157895	3.88	-0.0010526315789478602
890.0	open	4.696842105263158	6.092105263157895	4.7	-0.0031578947368418042
891.0	open	3.4821052631578944	4.78842105263158	3.48	0.002105263157894388
892.0	open	4.031578947368422	5.3178947368421055	4.03	0.0015789473684213462
893.0	open	3.523157894736842	4.75578947368421	3.52	0.0031578947368418042
894.0	open	3.4668421052631575	4.73578947368421	3.47	-0.0031578947368426924
895.0	open	3.3521052631578945	4.571578947368421	3.35	0.002105263157894388
896.0	open	3.8905263157894736	5.314736842105263	3.89	0.000526315789473486
897.0	open	5.176842105263158	6.6	5.18	-0.0031578947368418042
898.0	open	5.834736842105262	7.391052631578947	5.84	-0.005263157894737525
899.0	open	4.7700000000000005	6.220000000000001	4.77	8.881784197001252e-16
900.0	open	4.661578947368421	6.145789473684211	4.66	0.001578947368420458
901.0	open	4.714210526315789	6.18578947368421	4.71	0.004210526315788776
902.0	open	4.027894736842105	5.324210526315789	4.03	-0.002105263157894832
903.0	open	3.9963157894736847	5.4389473684210525	4.0	-0.0036842105263152902
904.0	open	4.701052631578947	6.055263157894736	4.7	0.001052631578946972
905.0	open	3.388421052631579	4.542631578947368	3.39	-0.0015789473684213462
906.0	open	4.7105263157894735	6.099473684210526	4.71	0.000526315789473486
907.0	open	4.781578947368422	6.158947368421053	4.78	0.0015789473684213462
908.0	open	4.346842105263158	5.678421052631579	4.35	-0.0031578947368418042
909.0	open	4.829473684210527	6.0815789473684205	4.83	-0.000526315789473486
910.0	open	4.467894736842105	5.883684210526316	4.47	-0.002105263157894832
911.0	open	4.648421052631579	5.95	4.65	-0.0015789473684213462
912.0	open	5.18	6.692105263157895	5.18	0.0
913.0	open	4.49	5.877894736842105	4.49	0.0
914.0	open	4.487368421052632	5.907894736842105	4.49	-0.002631578947368318
915.0	open	5.363684210526316	6.848947368421053	5.36	0.0036842105263152902
916.0	open	5.273157894736842	6.762105263157895	5.27	0.0031578947368426924
917.0	open	5.365263157894736	6.889473684210525	5.37	-0.004736842105264039
918.0	open	5.215263157894737	6.68	5.22	-0.00473684210526315
919.0	open	3.8000000000000003	5.086842105263158	3.8	4.440892098500626e-16
920.0	open	5.216315789473685	6.715263157894737	5.22	-0.003684210526314402
921.0	open	6.531578947368421	8.049473684210525	6.53	0.001578947368420458
922.0	open	6.197368421052632	7.759473684210526	6.2	-0.002631578947368318
923.0	open	5.743157894736842	7.238421052631579	5.74	0.0031578947368418042
924.0	open	6.42421052631579	7.881052631578948	6.43	-0.005789473684210122
925.0	open	6.017368421052632	7.598947368421053	6.02	-0.00263157894736743
926.0	open	5.417894736842105	6.852631578947368	5.42	-0.002105263157894832
927.0	open	6.502105263157895	8.08842105263158	6.5	0.002105263157894832
928.0	open	5.543157894736842	7.032631578947369	5.54	0.0031578947368418042
929.0	open	4.836842105263157	6.3	4.84	-0.0031578947368426924
930.0	open	5.386842105263159	6.911052631578947	5.39	-0.003157894736840916
931.0	open	4.8500000000000005	6.333157894736843	4.85	8.881784197001252e-16
932.0	open	3.651052631578947	4.962631578947368	3.65	0.001052631578946972
933.0	open	4.71578947368421	6.152631578947368	4.72	-0.004210526315789664
934.0	open	5.028947368421052	6.541052631578947	5.03	-0.0010526315789478602
935.0	open	3.5510526315789472	4.881052631578947	3.55	0.001052631578947416
936.0	open	3.7294736842105265	5.166842105263158	3.73	-0.000526315789473486
937.0	open	4.316315789473684	5.737368421052632	4.32	-0.0036842105263161784
938.0	open	4.574210526315789	6.004736842105263	4.58	-0.005789473684211011
939.0	open	3.8726315789473684	5.356315789473684	3.87	0.002631578947368318
940.0	open	4.266842105263158	5.827894736842104	4.27	-0.0031578947368418042
941.0	open	4.5405263157894735	6.024210526315789	4.54	0.000526315789473486
942.0	open	3.7215789473684207	5.196315789473684	3.72	0.001578947368420458
943.0	open	4.160000000000001	5.704736842105264	4.16	8.881784197001252e-16
944.0	open	4.90421052631579	6.463157894736842	4.9	0.004210526315789664
945.0	open	4.569473684210527	6.07	4.57	-0.000526315789473486
946.0	open	4.508947368421054	6.069473684210527	4.51	-0.0010526315789460838
947.0	open	4.169473684210526	5.538947368421052	4.17	-0.000526315789473486
948.0	open	4.111578947368422	5.603684210526316	4.11	0.0015789473684213462
949.0	open	5.083684210526316	6.617368421052632	5.08	0.0036842105263161784
950.0	open	4.958947368421053	6.492105263157894	4.96	-0.001052631578946972
951.0	open	4.685263157894736	6.181578947368421	4.69	-0.004736842105264039
952.0	open	6.021052631578947	7.621052631578948	6.02	0.0010526315789478602
953.0	open	4.841052631578948	6.376315789473685	4.84	0.0010526315789478602
954.0	open	4.7	6.187894736842105	4.7	0.0
955.0	open	5.613157894736842	7.146842105263158	5.61	0.0031578947368418042
956.0	open	5.388421052631579	6.988421052631579	5.39	-0.001578947368420458
957.0	open	5.348421052631578	6.899473684210527	5.35	-0.0015789473684213462
958.0	open	6.274736842105263	7.890526315789473	6.28	-0.005263157894737525
959.0	open	4.984736842105263	6.443157894736841	4.98	0.004736842105262262
960.0	open	4.873684210526315	6.338947368421053	4.87	0.0036842105263152902
961.0	open	4.543157894736842	6.080526315789474	4.54	0.0031578947368418042
962.0	open	5.871052631578947	7.413157894736842	5.87	0.001052631578946972
963.0	open	5.372105263157894	6.964736842105262	5.37	0.002105263157893944
964.0	open	4.4047368421052635	5.787894736842105	4.41	-0.005263157894736636
965.0	open	4.860526315789474	6.321578947368421	4.86	0.000526315789473486
966.0	open	4.949473684210527	6.447894736842105	4.95	-0.000526315789473486
967.0	open	4.240526315789474	5.686842105263158	4.24	0.000526315789473486
968.0	open	5.087368421052632	6.618947368421053	5.09	-0.00263157894736743
969.0	open	5.294736842105263	6.785789473684211	5.29	0.00473684210526315
970.0	open	6.664736842105263	8.227894736842106	6.66	0.00473684210526315
971.0	open	3.5452631578947367	4.968421052631579	3.55	-0.00473684210526315
972.0	open	4.21578947368421	5.677368421052631	4.22	-0.004210526315789664
973.0	open	4.266842105263158	5.773157894736842	4.27	-0.0031578947368418042
974.0	open	3.9078947368421053	5.347368421052631	3.91	-0.002105263157894832
975.0	open	3.5747368421052634	5.0552631578947365	3.58	-0.005263157894736636
976.0	open	4.549473684210526	6.003157894736842	4.55	-0.000526315789473486
977.0	open	4.592631578947368	6.142631578947368	4.59	0.002631578947368318
978.0	open	4.927368421052631	6.388421052631578	4.93	-0.002631578947368318
979.0	open	4.314736842105264	5.872631578947368	4.31	0.004736842105264039
980.0	open	3.882105263157895	5.38578947368421	3.88	0.0021052631578952763
981.0	open	4.722631578947369	6.160526315789474	4.72	0.0026315789473692064
982.0	open	4.231578947368421	5.698947368421052	4.23	0.001578947368420458
983.0	open	3.9710526315789476	5.333157894736842	3.97	0.001052631578947416
984.0	open	5.12421052631579	6.572105263157895	5.12	0.004210526315789664
985.0	open	6.360526315789474	7.9331578947368415	6.36	0.000526315789473486
986.0	open	4.89	6.402105263157895	4.89	0.0
987.0	open	4.462631578947369	6.034736842105263	4.46	0.0026315789473692064
988.0	open	4.343157894736842	5.855789473684211	4.34	0.0031578947368418042
989.0	open	5.077368421052632	6.575263157894736	5.08	-0.002631578947368318
990.0	open	4.699473684210527	6.281578947368421	4.7	-0.000526315789473486
991.0	open	4.832631578947368	6.3784210526315785	4.83	0.002631578947368318
992.0	open	6.433157894736842	8.043157894736842	6.43	0.0031578947368426924
993.0	open	5.042105263157895	6.536842105263158	5.04	0.002105263157894832
994.0	open	4.034210526315789	5.556842105263158	4.03	0.004210526315788776
995.0	open	3.97	5.422631578947368	3.97	0.0
996.0	open	3.6500000000000004	5.108947368421053	3.65	4.440892098500626e-16
997.0	open	4.621052631578947	6.068947368421052	4.62	0.001052631578946972
998.0	open	3.616315789473685	5.015789473684211	3.62	-0.0036842105263152902
999.0	open	4.139473684210526	5.706315789473685	4.14	-0.000526315789473486
1000.0	open	5.066315789473684	6.58	5.07	-0.0036842105263161784
1001.0	open	6.211052631578947	7.782631578947369	6.21	0.001052631578946972
1002.0	open	4.1010526315789475	5.6031578947368414	4.1	0.0010526315789478602
1003.0	open	6.160526315789474	7.782631578947369	6.16	0.000526315789473486
1004.0	open	5.017368421052631	6.573157894736842	5.02	-0.002631578947368318
1005.0	open	4.904210526315789	6.454210526315789	4.9	0.004210526315788776
1006.0	open	4.884736842105263	6.3989473684210525	4.88	0.00473684210526315
1007.0	open	4.377368421052632	5.808947368421052	4.38	-0.002631578947368318
1008.0	open	3.951578947368421	5.377894736842105	3.95	0.0015789473684209021
1009.0	open	5.551052631578948	7.100526315789473	5.55	0.0010526315789478602
1010.0	open	5.529473684210526	7.012631578947367	5.53	-0.0005263157894743742
1011.0	open	5.515789473684211	7.015789473684211	5.52	-0.004210526315788776
1012.0	open	5.857368421052632	7.351052631578947	5.86	-0.002631578947368318
1013.0	open	4.503157894736842	5.836842105263157	4.5	0.0031578947368418042
1014.0	open	4.701052631578948	6.221052631578948	4.7	0.0010526315789478602
1015.0	open	4.927368421052631	6.325263157894736	4.93	-0.002631578947368318
1016.0	open	5.404736842105263	6.786842105263157	5.4	0.004736842105262262
1017.0	open	5.943684210526316	7.398421052631579	5.94	0.0036842105263152902
1018.0	open	4.441578947368421	5.689473684210526	4.44	0.001578947368420458
1019.0	open	6.315263157894736	7.781052631578947	6.32	-0.004736842105264039
1020.0	open	6.919999999999999	8.439473684210526	6.92	-8.881784197001252e-16
20.0	closed	4.912	3.2640000000000002	4.91	0.0019999999999997797
21.0	closed	4.84	3.192	4.84	0.0
22.0	closed	6.204000000000001	4.556	6.2	0.004000000000000448
23.0	closed	9.296	7.648000000000001	9.3	-0.004000000000001336
24.0	closed	6.82	5.1720000000000015	6.82	0.0
25.0	closed	7.192	5.5440000000000005	7.19	0.0019999999999997797
26.0	closed	6.442	4.794	6.44	0.0019999999999997797
27.0	closed	8.008000000000001	6.360000000000001	8.01	-0.0019999999999988916
28.0	closed	5.024	3.3760000000000003	5.02	0.004000000000000448
29.0	closed	11.142	9.494	11.14	0.0019999999999988916
30.0	closed	9.203999999999999	7.555999999999999	9.21	-0.006000000000002004
31.0	closed	11.2	9.552000000000001	11.2	0.0
32.0	closed	11.994	10.346	11.99	0.0039999999999995595
33.0	closed	11.994000000000002	10.346	11.99	0.004000000000001336
34.0	closed	14.095999999999998	12.447999999999999	14.1	-0.004000000000001336
35.0	closed	13.382	11.733999999999998	13.38	0.0019999999999988916
36.0	closed	13.725999999999999	12.078	13.73	-0.004000000000001336
37.0	closed	14.276	12.628	14.27	0.006000000000000227
38.0	closed	14.097999999999999	12.45	14.1	-0.002000000000000668
39.0	closed	10.563999999999998	8.916	10.56	0.003999999999997783
40.0	closed	12.925999999999998	11.278	12.93	-0.004000000000001336
41.0	closed	11.563999999999998	9.916	11.56	0.003999999999997783
42.0	closed	12.096	10.447999999999999	12.1	-0.0039999999999995595
43.0	closed	12.745999999999999	11.098	12.74	0.005999999999998451
44.0	closed	11.801999999999998	10.154	11.8	0.001999999999997115
45.0	closed	15.413999999999998	13.765999999999996	15.41	0.003999999999997783
46.0	closed	12.565999999999999	10.918000000000001	12.57	-0.004000000000001336
47.0	closed	12.706	11.058	12.71	-0.004000000000001336
48.0	closed	10.174000000000001	8.842000000000002	10.17	0.004000000000001336
49.0	closed	9.831999999999999	8.194	9.83	0.0019999999999988916
50.0	closed	8.6	6.952	8.6	0.0
51.0	closed	9.888	8.24	9.89	-0.002000000000000668
52.0	closed	11.766	10.118	11.76	0.006000000000000227
53.0	closed	10.424000000000001	8.776000000000002	10.43	-0.005999999999998451
54.0	closed	12.106	10.458	12.11	-0.0039999999999995595
55.0	closed	11.708	10.059999999999999	11.71	-0.002000000000000668
56.0	closed	12.14	10.492	12.14	0.0
57.0	closed	11.597999999999999	9.95	11.6	-0.002000000000000668
58.0	closed	10.312000000000001	8.664000000000001	10.31	0.002000000000000668
59.0	closed	12.114	10.466	12.11	0.004000000000001336
60.0	closed	12.706	11.058	12.71	-0.004000000000001336
61.0	closed	12.069999999999999	10.422	12.07	-1.7763568394002505e-15
62.0	closed	10.053999999999998	8.406	10.05	0.003999999999997783
63.0	closed	11.157999999999998	9.51	11.16	-0.0020000000000024443
64.0	closed	7.231999999999999	5.6659999999999995	7.23	0.0019999999999988916
65.0	closed	7.744	6.095999999999999	7.74	0.0039999999999995595
66.0	closed	8.714	7.066	8.71	0.0039999999999995595
67.0	closed	9.52	7.872000000000002	9.52	0.0
68.0	closed	10.178	8.53	10.18	-0.0019999999999988916
69.0	closed	10.756	9.108	10.76	-0.0039999999999995595
70.0	closed	13.425999999999998	11.778000000000002	13.43	-0.004000000000001336
71.0	closed	11.876000000000001	10.228000000000002	11.87	0.006000000000002004
72.0	closed	8.605999999999998	6.958	8.61	-0.004000000000001336
73.0	closed	9.168	7.6240000000000006	9.17	-0.002000000000000668
74.0	closed	11.146	9.498000000000001	11.15	-0.0039999999999995595
75.0	closed	10.588000000000001	8.940000000000001	10.59	-0.0019999999999988916
76.0	closed	10.66	9.012	10.66	0.0
77.0	closed	8.745999999999999	7.098000000000001	8.75	-0.004000000000001336
78.0	closed	8.604	6.956	8.6	0.0039999999999995595
79.0	closed	7.357999999999999	5.709999999999999	7.36	-0.002000000000001556
80.0	closed	7.546000000000001	6.128000000000001	7.55	-0.003999999999998671
81.0	closed	9.288	7.640000000000001	9.29	-0.0019999999999988916
82.0	closed	8.776	7.128000000000002	8.77	0.006000000000000227
83.0	closed	7.316	5.984	7.32	-0.004000000000000448
84.0	closed	7.2299999999999995	5.898	7.23	-8.881784197001252e-16
85.0	closed	6.590000000000001	5.258000000000001	6.59	8.881784197001252e-16
86.0	closed	6.553999999999999	5.5600000000000005	6.55	0.0039999999999995595
87.0	closed	8.26	6.612	8.26	0.0
88.0	closed	7.599999999999999	6.196	7.6	-8.881784197001252e-16
89.0	closed	7.254	5.922	7.25	0.0039999999999995595
90.0	closed	7.242	5.812	7.24	0.0019999999999997797
91.0	closed	8.548	6.9	8.55	-0.002000000000000668
92.0	closed	6.718000000000001	5.07	6.72	-0.0019999999999988916
93.0	closed	6.186	4.876	6.19	-0.004000000000000448
94.0	closed	6.298	5.304	6.3	-0.0019999999999997797
95.0	closed	8.088	6.525999999999999	8.09	-0.002000000000000668
96.0	closed	5.5600000000000005	4.25	5.56	8.881784197001252e-16
97.0	closed	6.27	5.276	6.27	0.0
98.0	closed	5.640000000000001	4.470000000000001	5.64	8.881784197001252e-16
99.0	closed	6.831999999999999	5.756	6.83	0.0019999999999988916
100.0	closed	5.4959999999999996	4.334	5.5	-0.004000000000000448
101.0	closed	5.65	4.340000000000001	5.65	0.0
102.0	closed	7.7700000000000005	6.260000000000001	7.77	8.881784197001252e-16
103.0	closed	8.446000000000002	6.798	8.45	-0.003999999999997783
104.0	closed	10.274000000000001	8.626000000000001	10.27	0.004000000000001336
105.0	closed	8.63	6.982000000000002	8.63	0.0
106.0	closed	9.132	7.483999999999999	9.13	0.0019999999999988916
107.0	closed	9.688	8.040000000000003	9.69	-0.0019999999999988916
108.0	closed	9.975999999999999	8.328	9.98	-0.004000000000001336
109.0	closed	11.648	10.000000000000002	11.65	-0.002000000000000668
110.0	closed	8.57	6.922	8.57	0.0
111.0	closed	11.419999999999998	9.772	11.42	-1.7763568394002505e-15
112.0	closed	8.766	7.118	8.76	0.006000000000000227
113.0	closed	9.888	8.24	9.89	-0.002000000000000668
114.0	closed	10.190000000000001	8.542000000000002	10.19	1.7763568394002505e-15
115.0	closed	10.18	8.532	10.18	0.0
116.0	closed	9.836000000000002	8.188	9.83	0.006000000000002004
117.0	closed	10.268	8.620000000000001	10.27	-0.0019999999999988916
118.0	closed	9.906	8.258000000000001	9.91	-0.0039999999999995595
119.0	closed	7.822	6.174000000000001	7.82	0.0019999999999997797
120.0	closed	9.924000000000001	8.276	9.93	-0.005999999999998451
121.0	closed	7.5120000000000005	6.052	7.51	0.002000000000000668
122.0	closed	8.252	6.604000000000001	8.25	0.002000000000000668
123.0	closed	8.232000000000001	6.69	8.23	0.002000000000000668
124.0	closed	7.492000000000002	5.844000000000001	7.49	0.002000000000001556
125.0	closed	7.224000000000001	5.616000000000001	7.22	0.004000000000001336
126.0	closed	6.608	4.982000000000001	6.61	-0.002000000000000668
127.0	closed	8.298	6.65	8.3	-0.002000000000000668
128.0	closed	10.041999999999998	8.394	10.04	0.0019999999999988916
129.0	closed	10.475999999999999	8.906	10.48	-0.004000000000001336
130.0	closed	10.166	8.550000000000002	10.17	-0.0039999999999995595
131.0	closed	10.634	8.986	10.63	0.0039999999999995595
132.0	closed	6.814	5.166000000000001	6.82	-0.006000000000000227
133.0	closed	8.402000000000001	6.808000000000002	8.4	0.002000000000000668
134.0	closed	8.501999999999999	7.0	8.5	0.0019999999999988916
135.0	closed	8.475999999999999	6.828	8.48	-0.004000000000001336
136.0	closed	9.898	8.25	9.9	-0.002000000000000668
137.0	closed	10.236	8.588000000000001	10.24	-0.0039999999999995595
138.0	closed	9.468	7.8199999999999985	9.47	-0.002000000000000668
139.0	closed	9.418	7.8740000000000006	9.42	-0.002000000000000668
140.0	closed	8.472	6.992	8.47	0.0019999999999988916
141.0	closed	8.308	6.837999999999999	8.31	-0.002000000000000668
142.0	closed	10.228	8.896	10.23	-0.002000000000000668
143.0	closed	9.228	7.580000000000001	9.23	-0.002000000000000668
144.0	closed	8.565999999999999	7.233999999999999	8.57	-0.004000000000001336
145.0	closed	10.430000000000001	8.782000000000002	10.43	1.7763568394002505e-15
146.0	closed	9.209999999999999	7.590000000000001	9.21	-1.7763568394002505e-15
147.0	closed	9.972	8.324000000000002	9.97	0.0019999999999988916
148.0	closed	9.968	8.320000000000002	9.97	-0.002000000000000668
149.0	closed	10.238	8.59	10.24	-0.002000000000000668
150.0	closed	9.362	7.714000000000001	9.36	0.002000000000000668
151.0	closed	10.302	8.748000000000001	10.3	0.0019999999999988916
152.0	closed	10.111999999999998	8.655999999999999	10.11	0.0019999999999988916
153.0	closed	9.282	7.674000000000001	9.28	0.002000000000000668
154.0	closed	10.814	9.166	10.81	0.0039999999999995595
155.0	closed	11.423999999999998	9.776	11.42	0.003999999999997783
156.0	closed	8.914	7.266	8.91	0.0039999999999995595
157.0	closed	10.05	8.402000000000001	10.05	0.0
158.0	closed	11.496	9.856000000000002	11.5	-0.0039999999999995595
159.0	closed	9.488000000000001	7.840000000000002	9.49	-0.0019999999999988916
160.0	closed	7.776000000000001	6.182	7.77	0.0060000000000011156
161.0	closed	7.536	5.948	7.54	-0.004000000000000448
162.0	closed	6.026000000000001	4.492	6.03	-0.0039999999999995595
163.0	closed	5.518000000000001	4.156000000000001	5.52	-0.0019999999999988916
164.0	closed	7.128	5.766	7.13	-0.0019999999999997797
165.0	closed	7.413999999999999	5.766	7.41	0.003999999999998671
166.0	closed	8.148	6.5	8.15	-0.002000000000000668
167.0	closed	7.797999999999999	6.153999999999999	7.8	-0.002000000000000668
168.0	closed	7.884	6.236	7.88	0.004000000000000448
169.0	closed	8.136	6.642	8.14	-0.004000000000001336
170.0	closed	10.117999999999999	8.47	10.12	-0.002000000000000668
171.0	closed	9.382000000000001	7.758000000000001	9.38	0.002000000000000668
172.0	closed	9.8	8.152	9.8	0.0
173.0	closed	10.92	9.272	10.92	0.0
174.0	closed	8.818	7.17	8.82	-0.002000000000000668
175.0	closed	9.684000000000001	8.05	9.69	-0.005999999999998451
176.0	closed	8.463999999999999	6.816	8.46	0.003999999999997783
177.0	closed	9.104	7.456	9.1	0.0039999999999995595
178.0	closed	7.134	5.802000000000001	7.14	-0.005999999999999339
179.0	closed	8.34	6.692	8.34	0.0
180.0	closed	7.660000000000001	6.012000000000001	7.66	8.881784197001252e-16
181.0	closed	8.266	6.748000000000002	8.27	-0.0039999999999995595
182.0	closed	7.132	5.484	7.13	0.0019999999999997797
183.0	closed	8.218	6.57	8.22	-0.002000000000000668
184.0	closed	7.678	6.029999999999999	7.68	-0.0019999999999997797
185.0	closed	10.508	8.86	10.51	-0.002000000000000668
186.0	closed	7.967999999999999	6.32	7.97	-0.002000000000000668
187.0	closed	8.334	6.686000000000002	8.33	0.0039999999999995595
188.0	closed	10.440000000000001	8.804000000000002	10.44	1.7763568394002505e-15
189.0	closed	9.74	8.092000000000002	9.74	0.0
190.0	closed	13.294	11.646	13.29	0.004000000000001336
191.0	closed	8.226	6.588000000000001	8.23	-0.0039999999999995595
192.0	closed	8.854	7.206	8.85	0.0039999999999995595
193.0	closed	10.489999999999998	9.038	10.49	-1.7763568394002505e-15
194.0	closed	10.934000000000001	9.286000000000001	10.93	0.004000000000001336
195.0	closed	10.93	9.574000000000002	10.93	0.0
196.0	closed	12.73	11.082	12.73	0.0
197.0	closed	11.674000000000001	10.026	11.67	0.004000000000001336
198.0	closed	11.524	9.876000000000001	11.52	0.0039999999999995595
199.0	closed	11.190000000000001	9.576000000000002	11.19	1.7763568394002505e-15
200.0	closed	11.394000000000002	9.764000000000001	11.39	0.004000000000001336
201.0	closed	11.544	9.896	11.54	0.004000000000001336
202.0	closed	11.606	9.958000000000002	11.61	-0.0039999999999995595
203.0	closed	10.533999999999999	9.202	10.53	0.0039999999999995595
204.0	closed	13.092000000000002	11.568000000000001	13.09	0.0020000000000024443
205.0	closed	14.262	12.614	14.26	0.002000000000000668
206.0	closed	12.122	10.474	12.12	0.002000000000000668
207.0	closed	10.77	9.122	10.77	0.0
208.0	closed	11.248	9.6	11.25	-0.002000000000000668
209.0	closed	11.322	9.988	11.32	0.0019999999999988916
210.0	closed	11.202000000000002	9.554000000000002	11.2	0.0020000000000024443
211.0	closed	14.739999999999998	13.091999999999999	14.74	-1.7763568394002505e-15
212.0	closed	12.395999999999999	10.748	12.4	-0.004000000000001336
213.0	closed	15.451999999999998	13.803999999999998	15.45	0.0019999999999988916
214.0	closed	11.755999999999998	10.108	11.76	-0.004000000000001336
215.0	closed	11.319999999999999	9.675999999999998	11.32	-1.7763568394002505e-15
216.0	closed	12.245999999999999	10.597999999999999	12.25	-0.004000000000001336
217.0	closed	10.052	8.404	10.05	0.0019999999999988916
218.0	closed	14.468	12.819999999999999	14.47	-0.002000000000000668
219.0	closed	14.01	12.362	14.01	0.0
220.0	closed	10.004	8.356	10.01	-0.006000000000000227
221.0	closed	10.17	8.522	10.17	0.0
222.0	closed	9.172	7.628000000000002	9.17	0.002000000000000668
223.0	closed	10.16	8.512	10.16	0.0
224.0	closed	10.16	8.642	10.16	0.0
225.0	closed	10.74	9.134	10.74	0.0
226.0	closed	9.812000000000001	8.306000000000001	9.81	0.002000000000000668
227.0	closed	10.428	8.780000000000001	10.43	-0.0019999999999988916
228.0	closed	9.846	8.514	9.85	-0.0039999999999995595
229.0	closed	12.952000000000002	11.304	12.95	0.0020000000000024443
230.0	closed	10.16	8.512	10.16	0.0
231.0	closed	10.51	8.922	10.51	0.0
232.0	closed	10.912	9.382000000000001	10.91	0.002000000000000668
233.0	closed	10.132000000000001	8.484	10.13	0.002000000000000668
234.0	closed	11.809999999999999	10.162	11.81	-1.7763568394002505e-15
235.0	closed	10.792	9.370000000000001	10.79	0.002000000000000668
236.0	closed	11.748000000000001	10.224	11.75	-0.0019999999999988916
237.0	closed	12.052	10.404	12.05	0.0019999999999988916
238.0	closed	12.508	10.860000000000001	12.51	-0.002000000000000668
239.0	closed	11.548	9.900000000000002	11.55	-0.002000000000000668
240.0	closed	8.516000000000002	6.868	8.52	-0.003999999999997783
241.0	closed	11.86	10.212	11.86	0.0
242.0	closed	12.706	11.058000000000002	12.71	-0.004000000000001336
243.0	closed	11.225999999999999	9.578	11.23	-0.004000000000001336
244.0	closed	11.970000000000002	10.322000000000001	11.97	1.7763568394002505e-15
245.0	closed	11.372	9.724	11.37	0.002000000000000668
246.0	closed	11.63	10.030000000000001	11.63	0.0
247.0	closed	11.286000000000001	9.638000000000002	11.29	-0.003999999999997783
248.0	closed	11.884	10.532	11.88	0.0039999999999995595
249.0	closed	11.616000000000001	9.968	11.62	-0.003999999999997783
250.0	closed	11.352	9.704000000000002	11.35	0.002000000000000668
251.0	closed	11.668	10.02	11.67	-0.002000000000000668
252.0	closed	12.857999999999999	11.209999999999999	12.86	-0.002000000000000668
253.0	closed	12.288	10.642000000000001	12.29	-0.0019999999999988916
254.0	closed	12.063999999999998	10.416	12.07	-0.006000000000002004
255.0	closed	12.952000000000002	11.304000000000002	12.95	0.0020000000000024443
256.0	closed	12.079999999999998	10.431999999999999	12.08	-1.7763568394002505e-15
257.0	closed	12.88	11.232000000000003	12.88	0.0
258.0	closed	11.95	10.432	11.95	0.0
259.0	closed	13.681999999999999	12.034000000000002	13.68	0.0019999999999988916
260.0	closed	11.608	9.959999999999999	11.61	-0.0019999999999988916
261.0	closed	11.43	9.782	11.43	0.0
262.0	closed	12.370000000000001	10.722	12.37	1.7763568394002505e-15
263.0	closed	11.32	9.672	11.32	0.0
264.0	closed	11.512	9.864	11.51	0.002000000000000668
265.0	closed	10.962	9.314	10.96	0.0019999999999988916
266.0	closed	10.379999999999999	8.732	10.38	-1.7763568394002505e-15
267.0	closed	10.45	8.802	10.45	0.0
268.0	closed	10.64	8.992	10.64	0.0
269.0	closed	10.058	8.41	10.06	-0.002000000000000668
270.0	closed	11.562000000000001	9.914000000000001	11.56	0.002000000000000668
271.0	closed	10.894000000000002	9.246	10.89	0.004000000000001336
272.0	closed	11.312000000000001	9.664000000000001	11.31	0.002000000000000668
273.0	closed	10.379999999999999	8.732	10.38	-1.7763568394002505e-15
274.0	closed	11.268	9.620000000000001	11.27	-0.0019999999999988916
275.0	closed	10.374	8.726	10.38	-0.006000000000000227
276.0	closed	8.736	7.104000000000001	8.74	-0.0039999999999995595
277.0	closed	10.462	8.814000000000002	10.46	0.0019999999999988916
278.0	closed	10.056000000000001	8.408	10.05	0.006000000000000227
279.0	closed	9.062000000000001	7.414	9.06	0.002000000000000668
280.0	closed	8.896	7.248000000000002	8.89	0.006000000000000227
281.0	closed	10.708	9.059999999999999	10.71	-0.002000000000000668
282.0	closed	8.059999999999999	6.49	8.06	-1.7763568394002505e-15
283.0	closed	7.748	6.222	7.75	-0.0019999999999997797
284.0	closed	8.828000000000001	7.216000000000003	8.83	-0.0019999999999988916
285.0	closed	9.394	7.746	9.39	0.0039999999999995595
286.0	closed	9.34	7.692	9.34	0.0
287.0	closed	9.791999999999998	8.144	9.79	0.0019999999999988916
288.0	closed	9.748000000000001	8.1	9.75	-0.0019999999999988916
289.0	closed	9.854000000000001	8.206	9.85	0.004000000000001336
290.0	closed	11.101999999999999	9.483999999999998	11.1	0.0019999999999988916
291.0	closed	10.034	8.386000000000001	10.03	0.004000000000001336
292.0	closed	10.034	8.386000000000001	10.04	-0.005999999999998451
293.0	closed	10.224	8.576	10.22	0.0039999999999995595
294.0	closed	9.786	8.138	9.79	-0.0039999999999995595
295.0	closed	11.136	9.488	11.14	-0.004000000000001336
296.0	closed	9.559999999999999	7.911999999999999	9.56	-1.7763568394002505e-15
297.0	closed	9.852	8.204000000000002	9.85	0.002000000000000668
298.0	closed	8.418000000000001	6.770000000000001	8.42	-0.0019999999999988916
299.0	closed	9.944	8.296000000000001	9.94	0.004000000000001336
300.0	closed	8.918000000000001	7.270000000000001	8.92	-0.0019999999999988916
301.0	closed	8.780000000000001	7.132000000000001	8.78	1.7763568394002505e-15
302.0	closed	9.756	8.108	9.76	-0.0039999999999995595
303.0	closed	8.66	7.0120000000000005	8.66	0.0
304.0	closed	9.751999999999999	8.134	9.75	0.0019999999999988916
305.0	closed	10.097999999999999	8.45	10.1	-0.002000000000000668
306.0	closed	11.416	9.767999999999999	11.42	-0.0039999999999995595
307.0	closed	11.612	9.992	11.61	0.002000000000000668
308.0	closed	11.443999999999999	9.796000000000001	11.44	0.0039999999999995595
309.0	closed	11.676	10.028000000000002	11.68	-0.0039999999999995595
310.0	closed	11.458000000000002	9.958000000000002	11.46	-0.0019999999999988916
311.0	closed	9.939999999999998	8.291999999999998	9.94	-1.7763568394002505e-15
312.0	closed	10.69	9.088	10.69	0.0
313.0	closed	9.986	8.373999999999999	9.98	0.006000000000000227
314.0	closed	11.51	9.862	11.51	0.0
315.0	closed	11.348	9.700000000000001	11.35	-0.0019999999999988916
316.0	closed	11.596	9.948000000000002	11.6	-0.0039999999999995595
317.0	closed	9.642	7.994	9.64	0.0019999999999988916
318.0	closed	9.794	8.226	9.79	0.004000000000001336
319.0	closed	9.862	8.214	9.86	0.002000000000000668
320.0	closed	11.693999999999999	10.046000000000001	11.69	0.0039999999999995595
321.0	closed	10.101999999999999	8.453999999999999	10.1	0.0019999999999988916
322.0	closed	11.9	10.288	11.9	0.0
323.0	closed	11.466	9.894	11.47	-0.004000000000001336
324.0	closed	10.64	8.992	10.64	0.0
325.0	closed	10.284	8.654	10.29	-0.005999999999998451
326.0	closed	9.442000000000002	7.794000000000001	9.44	0.0020000000000024443
327.0	closed	11.238	9.59	11.24	-0.002000000000000668
328.0	closed	12.288	10.639999999999999	12.29	-0.0019999999999988916
329.0	closed	10.541999999999998	8.894	10.54	0.0019999999999988916
330.0	closed	11.774000000000001	10.126000000000001	11.77	0.004000000000001336
331.0	closed	11.534	10.002	11.53	0.004000000000001336
332.0	closed	13.584	11.936000000000002	13.59	-0.006000000000000227
333.0	closed	12.014	10.682	12.01	0.0039999999999995595
334.0	closed	11.148000000000001	9.500000000000002	11.15	-0.0019999999999988916
335.0	closed	11.491999999999999	9.844	11.49	0.0019999999999988916
336.0	closed	11.430000000000001	9.782	11.43	1.7763568394002505e-15
337.0	closed	10.126	8.478	10.13	-0.004000000000001336
338.0	closed	9.978	8.646	9.98	-0.002000000000000668
339.0	closed	9.52	8.290000000000001	9.52	0.0
340.0	closed	10.744	9.166	10.74	0.0039999999999995595
341.0	closed	12.636	10.988000000000001	12.64	-0.004000000000001336
342.0	closed	11.564	9.916	11.57	-0.006000000000000227
343.0	closed	10.688	9.040000000000001	10.69	-0.0019999999999988916
344.0	closed	12.272	10.642	12.27	0.002000000000000668
345.0	closed	12.568000000000001	10.92	12.57	-0.0019999999999988916
346.0	closed	11.701999999999998	10.053999999999998	11.7	0.0019999999999988916
347.0	closed	11.582	9.968	11.58	0.002000000000000668
348.0	closed	13.280000000000001	11.632000000000001	13.28	1.7763568394002505e-15
349.0	closed	9.393999999999998	7.85	9.4	-0.006000000000002004
350.0	closed	12.719999999999999	11.072	12.72	-1.7763568394002505e-15
351.0	closed	11.858	10.209999999999999	11.86	-0.0019999999999988916
352.0	closed	12.814000000000002	11.204	12.81	0.004000000000001336
353.0	closed	11.922	10.274000000000001	11.93	-0.007999999999999119
354.0	closed	13.638	11.99	13.64	-0.002000000000000668
355.0	closed	12.174000000000001	10.526000000000002	12.18	-0.005999999999998451
356.0	closed	11.749999999999998	10.102	11.75	-1.7763568394002505e-15
357.0	closed	12.984	11.336	12.98	0.0039999999999995595
358.0	closed	12.258	10.61	12.26	-0.002000000000000668
359.0	closed	12.73	11.081999999999999	12.73	0.0
360.0	closed	11.866	10.218	11.87	-0.0039999999999995595
361.0	closed	10.181999999999999	8.534	10.18	0.0019999999999988916
362.0	closed	10.484	8.906	10.48	0.0039999999999995595
363.0	closed	10.712	9.136000000000001	10.71	0.0019999999999988916
364.0	closed	10.254	8.606	10.25	0.0039999999999995595
365.0	closed	10.056000000000001	8.522	10.06	-0.0039999999999995595
366.0	closed	11.152	9.504	11.15	0.0019999999999988916
367.0	closed	9.331999999999999	7.720000000000001	9.33	0.0019999999999988916
368.0	closed	11.674000000000001	10.026	11.67	0.004000000000001336
369.0	closed	11.456	9.808	11.46	-0.004000000000001336
370.0	closed	11.166	9.534000000000002	11.16	0.006000000000000227
371.0	closed	12.428	10.896	12.43	-0.0019999999999988916
372.0	closed	11.77	10.122	11.77	0.0
373.0	closed	11.774000000000001	10.294	11.77	0.004000000000001336
374.0	closed	11.867999999999999	10.22	11.87	-0.002000000000000668
375.0	closed	10.651999999999997	9.004	10.65	0.001999999999997115
376.0	closed	10.315999999999999	8.712	10.31	0.005999999999998451
377.0	closed	10.443999999999999	8.795999999999998	10.44	0.0039999999999995595
378.0	closed	10.964	9.316	10.97	-0.006000000000000227
379.0	closed	7.146000000000001	5.534000000000001	7.15	-0.0039999999999995595
380.0	closed	10.196	8.548	10.2	-0.0039999999999995595
381.0	closed	9.668000000000001	8.020000000000001	9.67	-0.0019999999999988916
382.0	closed	9.324	7.676	9.32	0.0039999999999995595
383.0	closed	9.518	7.87	9.52	-0.0019999999999988916
384.0	closed	7.343999999999999	5.696	7.34	0.0039999999999995595
385.0	closed	7.618	6.17	7.62	-0.0019999999999997797
386.0	closed	10.408	8.760000000000002	10.41	-0.002000000000000668
387.0	closed	11.251999999999999	9.604	11.25	0.0019999999999988916
388.0	closed	12.913999999999998	11.266	12.91	0.003999999999997783
389.0	closed	11.725999999999999	10.078	11.72	0.005999999999998451
390.0	closed	11.034	9.386	11.03	0.004000000000001336
391.0	closed	13.978	12.33	13.98	-0.002000000000000668
392.0	closed	12.963999999999999	11.315999999999999	12.96	0.003999999999997783
393.0	closed	14.174000000000001	12.526	14.17	0.004000000000001336
394.0	closed	11.440000000000001	9.858	11.44	1.7763568394002505e-15
395.0	closed	10.977999999999998	9.329999999999998	10.98	-0.0020000000000024443
396.0	closed	13.363999999999999	11.716	13.37	-0.006000000000000227
397.0	closed	12.116	10.468	12.12	-0.0039999999999995595
398.0	closed	14.788	13.14	14.79	-0.0019999999999988916
399.0	closed	14.7	13.052000000000001	14.7	0.0
400.0	closed	9.57	7.922	9.57	0.0
401.0	closed	12.620000000000001	10.972000000000001	12.62	1.7763568394002505e-15
402.0	closed	12.594	10.946000000000002	12.59	0.0039999999999995595
403.0	closed	11.799999999999999	10.152	11.8	-1.7763568394002505e-15
404.0	closed	14.686000000000002	13.038	14.69	-0.003999999999997783
405.0	closed	11.129999999999999	9.482	11.13	-1.7763568394002505e-15
406.0	closed	12.156	10.508000000000001	12.16	-0.0039999999999995595
407.0	closed	10.712	9.064	10.72	-0.008000000000000895
408.0	closed	11.154	9.506	11.15	0.0039999999999995595
409.0	closed	10.703999999999999	9.056000000000001	10.71	-0.006000000000002004
410.0	closed	7.367999999999999	6.036	7.37	-0.002000000000000668
411.0	closed	10.062000000000001	8.414000000000001	10.06	0.002000000000000668
412.0	closed	9.524	7.906000000000001	9.52	0.0039999999999995595
413.0	closed	10.61	8.962	10.61	0.0
414.0	closed	9.594	8.022	9.59	0.0039999999999995595
415.0	closed	9.716	8.068000000000001	9.71	0.005999999999998451
416.0	closed	9.376000000000001	7.728	9.38	-0.0039999999999995595
417.0	closed	9.782	8.134	9.78	0.002000000000000668
418.0	closed	10.072	8.424000000000001	10.07	0.0019999999999988916
419.0	closed	10.528	8.88	10.53	-0.0019999999999988916
420.0	closed	10.709999999999999	9.062000000000001	10.71	-1.7763568394002505e-15
421.0	closed	9.075999999999999	7.456	9.08	-0.004000000000001336
422.0	closed	9.09	7.442000000000002	9.09	0.0
423.0	closed	9.656	8.008	9.66	-0.0039999999999995595
424.0	closed	7.441999999999998	5.794	7.44	0.0019999999999980034
425.0	closed	10.809999999999999	9.162	10.81	-1.7763568394002505e-15
426.0	closed	10.748	9.1	10.75	-0.002000000000000668
427.0	closed	10.384	8.736	10.38	0.0039999999999995595
428.0	closed	11.324000000000002	9.676	11.33	-0.005999999999998451
429.0	closed	11.098	9.45	11.1	-0.0019999999999988916
430.0	closed	10.288	8.64	10.29	-0.0019999999999988916
431.0	closed	9.716	8.068000000000001	9.72	-0.004000000000001336
432.0	closed	10.868	9.22	10.87	-0.0019999999999988916
433.0	closed	9.198	7.550000000000002	9.2	-0.0019999999999988916
434.0	closed	8.584	6.936	8.58	0.0039999999999995595
435.0	closed	8.063999999999998	6.4159999999999995	8.07	-0.006000000000002004
436.0	closed	8.623999999999999	7.128	8.62	0.0039999999999995595
437.0	closed	9.416	7.768000000000001	9.42	-0.0039999999999995595
438.0	closed	9.191999999999998	7.544	9.19	0.0019999999999988916
439.0	closed	10.809999999999999	9.161999999999999	10.81	-1.7763568394002505e-15
440.0	closed	10.466	8.818	10.46	0.005999999999998451
441.0	closed	7.464000000000001	5.816000000000001	7.46	0.004000000000001336
442.0	closed	11.512	9.864	11.51	0.002000000000000668
443.0	closed	10.692	9.193999999999999	10.69	0.002000000000000668
444.0	closed	13.151999999999997	11.504000000000001	13.15	0.001999999999997115
445.0	closed	13.584	11.936	13.58	0.0039999999999995595
446.0	closed	12.238000000000001	10.59	12.24	-0.0019999999999988916
447.0	closed	9.2	7.552000000000001	9.2	0.0
448.0	closed	10.784	9.136	10.79	-0.005999999999998451
449.0	closed	10.71	9.062000000000001	10.71	0.0
450.0	closed	13.286000000000001	11.638000000000002	13.29	-0.003999999999997783
451.0	closed	10.994	9.346	10.99	0.0039999999999995595
452.0	closed	10.692	9.044	10.69	0.002000000000000668
453.0	closed	12.28	10.632	12.28	0.0
454.0	closed	11.624	9.976000000000003	11.62	0.004000000000001336
455.0	closed	12.526	10.878000000000002	12.53	-0.0039999999999995595
456.0	closed	10.61	9.078	10.61	0.0
457.0	closed	13.184000000000001	11.536	13.19	-0.005999999999998451
458.0	closed	8.803999999999998	7.436000000000002	8.8	0.003999999999997783
459.0	closed	8.572	7.168000000000001	8.57	0.0019999999999988916
460.0	closed	11.142	9.494	11.14	0.0019999999999988916
461.0	closed	9.908000000000001	8.260000000000002	9.91	-0.0019999999999988916
462.0	closed	10.096	8.517999999999999	10.1	-0.0039999999999995595
463.0	closed	12.654	11.006000000000002	12.65	0.0039999999999995595
464.0	closed	11.163999999999998	9.516	11.16	0.003999999999997783
465.0	closed	11.904	10.342	11.9	0.0039999999999995595
466.0	closed	10.988	9.34	10.98	0.007999999999999119
467.0	closed	9.424000000000001	7.776000000000001	9.42	0.004000000000001336
468.0	closed	8.53	6.946	8.53	0.0
469.0	closed	10.424000000000001	8.776	10.42	0.004000000000001336
470.0	closed	11.357999999999999	9.936	11.36	-0.002000000000000668
471.0	closed	11.26	9.646	11.26	0.0
472.0	closed	12.058	10.41	12.06	-0.002000000000000668
473.0	closed	10.705999999999998	9.057999999999998	10.7	0.005999999999998451
474.0	closed	9.888	8.239999999999998	9.89	-0.002000000000000668
475.0	closed	12.236	10.588000000000001	12.23	0.006000000000000227
476.0	closed	11.274	9.626000000000001	11.27	0.0039999999999995595
477.0	closed	10.925999999999998	9.593999999999998	10.93	-0.004000000000001336
478.0	closed	11.05	9.402000000000001	11.05	0.0
479.0	closed	9.664	8.016000000000002	9.66	0.0039999999999995595
480.0	closed	9.902000000000001	8.484	9.9	0.002000000000000668
481.0	closed	8.562000000000001	7.153999999999999	8.56	0.002000000000000668
482.0	closed	9.706	8.058000000000002	9.71	-0.004000000000001336
483.0	closed	10.767999999999999	9.12	10.77	-0.002000000000000668
484.0	closed	9.662	8.084	9.66	0.002000000000000668
485.0	closed	10.99	9.342	10.99	0.0
486.0	closed	10.938	9.290000000000001	10.94	-0.0019999999999988916
487.0	closed	9.782	8.134	9.78	0.002000000000000668
488.0	closed	9.661999999999999	8.014	9.66	0.0019999999999988916
489.0	closed	11.092	9.443999999999999	11.09	0.002000000000000668
490.0	closed	10.434000000000001	8.786	10.43	0.004000000000001336
491.0	closed	12.026	10.474	12.02	0.006000000000000227
492.0	closed	10.536	8.888	10.54	-0.0039999999999995595
493.0	closed	12.372000000000002	10.724	12.37	0.0020000000000024443
494.0	closed	11.66	10.012	11.66	0.0
495.0	closed	11.284	9.658	11.29	-0.005999999999998451
496.0	closed	10.706	9.058000000000002	10.71	-0.004000000000001336
497.0	closed	11.01	9.362	11.01	0.0
498.0	closed	12.152000000000001	10.504000000000001	12.15	0.002000000000000668
499.0	closed	11.146	9.498000000000001	11.15	-0.0039999999999995595
500.0	closed	12.258	10.610000000000001	12.26	-0.002000000000000668
501.0	closed	8.642	7.128	8.64	0.0019999999999988916
502.0	closed	9.298	7.670000000000002	9.3	-0.002000000000000668
503.0	closed	11.02	9.372000000000002	11.02	0.0
504.0	closed	10.008000000000001	8.360000000000003	10.01	-0.0019999999999988916
505.0	closed	8.466	6.938000000000001	8.47	-0.004000000000001336
506.0	closed	10.204	8.556000000000001	10.2	0.004000000000001336
507.0	closed	12.482	10.834	12.48	0.0019999999999988916
508.0	closed	9.463999999999999	7.816	9.46	0.003999999999997783
509.0	closed	12.082	10.434000000000001	12.08	0.002000000000000668
510.0	closed	11.458	9.809999999999999	11.46	-0.002000000000000668
511.0	closed	9.808	8.476	9.81	-0.002000000000000668
512.0	closed	11.842	10.193999999999999	11.84	0.002000000000000668
513.0	closed	10.928	9.596	10.93	-0.0019999999999988916
514.0	closed	11.814000000000002	10.334000000000001	11.81	0.004000000000001336
515.0	closed	10.776	9.181999999999999	10.78	-0.0039999999999995595
516.0	closed	10.703999999999999	9.056000000000001	10.71	-0.006000000000002004
517.0	closed	11.22	9.572	11.22	0.0
518.0	closed	11.755999999999998	10.107999999999999	11.76	-0.004000000000001336
519.0	closed	12.564	10.916	12.56	0.0039999999999995595
520.0	closed	15.692000000000002	14.044	15.69	0.0020000000000024443
521.0	closed	11.968	10.320000000000002	11.97	-0.002000000000000668
522.0	closed	13.966	12.318000000000001	13.97	-0.004000000000001336
523.0	closed	13.670000000000002	12.022000000000002	13.67	1.7763568394002505e-15
524.0	closed	10.116	8.468	10.11	0.006000000000000227
525.0	closed	11.008	9.36	11.01	-0.002000000000000668
526.0	closed	10.55	8.966000000000001	10.55	0.0
527.0	closed	10.352	8.703999999999999	10.35	0.002000000000000668
528.0	closed	11.332	9.684000000000001	11.33	0.002000000000000668
529.0	closed	9.83	8.181999999999999	9.83	0.0
530.0	closed	11.396	9.748000000000001	11.4	-0.0039999999999995595
531.0	closed	12.256	10.608	12.25	0.006000000000000227
532.0	closed	10.758000000000001	9.110000000000001	10.76	-0.0019999999999988916
533.0	closed	13.078	11.43	13.08	-0.002000000000000668
534.0	closed	10.248	8.736	10.25	-0.002000000000000668
535.0	closed	10.43	8.782	10.43	0.0
536.0	closed	11.225999999999999	9.578	11.23	-0.004000000000001336
537.0	closed	10.428	8.780000000000001	10.43	-0.0019999999999988916
538.0	closed	10.447999999999999	9.096	10.45	-0.002000000000000668
539.0	closed	10.106000000000002	8.552000000000001	10.11	-0.003999999999997783
540.0	closed	10.862	9.214	10.86	0.002000000000000668
541.0	closed	7.1659999999999995	5.97	7.17	-0.004000000000000448
542.0	closed	9.968	8.32	9.97	-0.002000000000000668
543.0	closed	10.511999999999999	8.863999999999999	10.51	0.0019999999999988916
544.0	closed	11.6	10.04	11.6	0.0
545.0	closed	10.442	8.794	10.44	0.002000000000000668
546.0	closed	9.748	8.1	9.75	-0.002000000000000668
547.0	closed	11.28	9.632	11.28	0.0
548.0	closed	10.684000000000001	9.297999999999998	10.68	0.004000000000001336
549.0	closed	10.791999999999998	9.174	10.79	0.0019999999999988916
550.0	closed	10.709999999999999	9.062000000000001	10.71	-1.7763568394002505e-15
551.0	closed	10.356	9.008000000000001	10.36	-0.0039999999999995595
552.0	closed	10.175999999999998	8.626	10.17	0.005999999999998451
553.0	closed	10.540000000000001	8.892	10.54	1.7763568394002505e-15
554.0	closed	10.620000000000001	9.176000000000002	10.62	1.7763568394002505e-15
555.0	closed	10.79	9.28	10.79	0.0
556.0	closed	11.53	10.018	11.53	0.0
557.0	closed	11.232	9.584	11.23	0.0019999999999988916
558.0	closed	10.014	8.366	10.01	0.0039999999999995595
559.0	closed	9.478	7.830000000000001	9.48	-0.002000000000000668
560.0	closed	9.8	8.152000000000001	9.8	0.0
561.0	closed	11.084	9.732	11.08	0.0039999999999995595
562.0	closed	12.357999999999999	10.709999999999999	12.36	-0.002000000000000668
563.0	closed	8.912	7.422	8.91	0.002000000000000668
564.0	closed	11.024000000000001	9.408000000000001	11.02	0.004000000000001336
565.0	closed	13.580000000000002	11.932	13.58	1.7763568394002505e-15
566.0	closed	10.267999999999997	8.62	10.27	-0.0020000000000024443
567.0	closed	10.184000000000001	8.536000000000001	10.18	0.004000000000001336
568.0	closed	9.745999999999999	8.11	9.75	-0.004000000000001336
569.0	closed	8.440000000000001	6.792000000000002	8.44	1.7763568394002505e-15
570.0	closed	11.69	10.041999999999998	11.69	0.0
571.0	closed	9.874	8.226	9.88	-0.006000000000000227
572.0	closed	11.691999999999998	10.044	11.69	0.0019999999999988916
573.0	closed	11.256	9.608	11.26	-0.0039999999999995595
574.0	closed	9.706	8.196000000000002	9.71	-0.004000000000001336
575.0	closed	9.042	7.394000000000001	9.04	0.002000000000000668
576.0	closed	10.994	9.346	10.99	0.0039999999999995595
577.0	closed	11.734	10.086	11.73	0.0039999999999995595
578.0	closed	12.308	10.66	12.31	-0.002000000000000668
579.0	closed	12.658000000000001	11.010000000000002	12.66	-0.0019999999999988916
580.0	closed	8.542000000000002	7.212000000000001	8.54	0.0020000000000024443
581.0	closed	10.001999999999999	8.354	10.0	0.0019999999999988916
582.0	closed	9.459999999999999	7.812	9.46	-1.7763568394002505e-15
583.0	closed	9.66	8.012	9.66	0.0
584.0	closed	10.784	9.156	10.78	0.004000000000001336
585.0	closed	11.198	9.55	11.2	-0.0019999999999988916
586.0	closed	10.234	8.586000000000002	10.23	0.0039999999999995595
587.0	closed	10.59	8.942000000000002	10.59	0.0
588.0	closed	10.968	9.320000000000002	10.97	-0.002000000000000668
589.0	closed	10.943999999999999	9.296000000000001	10.95	-0.006000000000000227
590.0	closed	10.062000000000001	8.414	10.06	0.002000000000000668
591.0	closed	8.065999999999999	6.5280000000000005	8.07	-0.004000000000001336
592.0	closed	8.648	7.0	8.65	-0.002000000000000668
593.0	closed	9.158000000000001	7.510000000000001	9.16	-0.0019999999999988916
594.0	closed	9.645999999999999	8.012	9.64	0.005999999999998451
595.0	closed	10.462	8.814	10.46	0.0019999999999988916
596.0	closed	8.644	6.9959999999999996	8.65	-0.006000000000000227
597.0	closed	8.174000000000001	6.824000000000001	8.17	0.004000000000001336
598.0	closed	8.03	6.630000000000001	8.03	0.0
599.0	closed	8.178	6.82	8.18	-0.0019999999999988916
600.0	closed	9.47	7.978	9.47	0.0
601.0	closed	9.191999999999998	7.544	9.19	0.0019999999999988916
602.0	closed	8.354	6.706	8.35	0.0039999999999995595
603.0	closed	8.436000000000002	7.042000000000002	8.43	0.006000000000002004
604.0	closed	7.675999999999999	6.0280000000000005	7.68	-0.004000000000000448
605.0	closed	9.562	7.914	9.56	0.0019999999999988916
606.0	closed	10.848	9.2	10.85	-0.0019999999999988916
607.0	closed	9.356	7.708	9.35	0.006000000000000227
608.0	closed	6.795999999999999	5.3	6.79	0.005999999999999339
609.0	closed	6.806	5.158000000000001	6.81	-0.0039999999999995595
610.0	closed	8.274	6.6259999999999994	8.27	0.0039999999999995595
611.0	closed	7.645999999999999	6.314	7.64	0.005999999999999339
612.0	closed	10.129999999999999	8.482	10.13	-1.7763568394002505e-15
613.0	closed	6.9719999999999995	5.610000000000001	6.97	0.0019999999999997797
614.0	closed	7.766	6.434	7.77	-0.0039999999999995595
615.0	closed	8.164	6.516	8.17	-0.006000000000000227
616.0	closed	8.35	6.702000000000001	8.35	0.0
617.0	closed	8.704	7.056	8.71	-0.006000000000000227
618.0	closed	6.65	5.3	6.65	0.0
619.0	closed	8.574	6.925999999999999	8.57	0.0039999999999995595
620.0	closed	9.396	7.748	9.4	-0.0039999999999995595
621.0	closed	8.11	6.4879999999999995	8.11	0.0
622.0	closed	8.722	7.074000000000001	8.72	0.0019999999999988916
623.0	closed	7.958000000000001	6.530000000000001	7.96	-0.0019999999999988916
624.0	closed	8.714	7.382	8.71	0.0039999999999995595
625.0	closed	8.879999999999999	7.231999999999999	8.88	-1.7763568394002505e-15
626.0	closed	7.058	5.593999999999999	7.06	-0.0019999999999997797
627.0	closed	8.728	7.08	8.73	-0.002000000000000668
628.0	closed	8.565999999999999	6.958000000000001	8.57	-0.004000000000001336
629.0	closed	8.338	6.703999999999999	8.34	-0.002000000000000668
630.0	closed	8.402000000000001	6.7540000000000004	8.4	0.002000000000000668
631.0	closed	6.698000000000002	5.260000000000001	6.7	-0.0019999999999980034
632.0	closed	6.787999999999999	5.456	6.79	-0.002000000000000668
633.0	closed	8.376000000000001	6.728	8.38	-0.0039999999999995595
634.0	closed	9.406	7.758000000000001	9.41	-0.0039999999999995595
635.0	closed	9.928	8.280000000000001	9.93	-0.0019999999999988916
636.0	closed	8.902	7.2540000000000004	8.9	0.0019999999999988916
637.0	closed	9.453999999999999	7.874	9.45	0.0039999999999995595
638.0	closed	9.962	8.314000000000002	9.96	0.0019999999999988916
639.0	closed	9.05	7.514000000000001	9.05	0.0
640.0	closed	8.662	7.014	8.66	0.002000000000000668
641.0	closed	7.868	6.340000000000001	7.87	-0.0019999999999997797
642.0	closed	9.088	7.44	9.09	-0.002000000000000668
643.0	closed	10.076	8.428	10.08	-0.0039999999999995595
644.0	closed	7.536	5.973999999999999	7.54	-0.004000000000000448
645.0	closed	7.847999999999999	6.2	7.85	-0.002000000000000668
646.0	closed	10.097999999999999	8.45	10.1	-0.002000000000000668
647.0	closed	9.092000000000002	7.444000000000001	9.09	0.0020000000000024443
648.0	closed	10.354	8.706	10.35	0.0039999999999995595
649.0	closed	9.072	7.74	9.07	0.0019999999999988916
650.0	closed	8.972	7.324000000000001	8.97	0.0019999999999988916
651.0	closed	9.216	7.688000000000001	9.22	-0.004000000000001336
652.0	closed	9.888	8.556000000000001	9.89	-0.002000000000000668
653.0	closed	9.748	8.1	9.75	-0.002000000000000668
654.0	closed	9.316	7.8100000000000005	9.32	-0.0039999999999995595
655.0	closed	9.764	8.274000000000001	9.77	-0.006000000000000227
656.0	closed	10.346	8.697999999999999	10.35	-0.0039999999999995595
657.0	closed	9.624	8.292000000000002	9.62	0.004000000000001336
658.0	closed	7.508000000000001	6.448	7.51	-0.0019999999999988916
659.0	closed	6.808000000000002	5.814000000000001	6.81	-0.0019999999999980034
660.0	closed	7.097999999999999	6.064	7.1	-0.002000000000000668
661.0	closed	7.145999999999998	5.8359999999999985	7.15	-0.004000000000002224
662.0	closed	6.87	5.49	6.87	0.0
663.0	closed	6.164000000000001	4.854000000000001	6.16	0.004000000000000448
664.0	closed	8.41	6.8180000000000005	8.41	0.0
665.0	closed	8.943999999999999	7.471999999999999	8.94	0.0039999999999995595
666.0	closed	7.734	6.424000000000001	7.73	0.0039999999999995595
667.0	closed	7.175999999999999	5.811999999999999	7.18	-0.004000000000000448
668.0	closed	6.989999999999999	5.68	6.99	-8.881784197001252e-16
669.0	closed	7.5600000000000005	6.402000000000001	7.56	8.881784197001252e-16
670.0	closed	7.063999999999998	5.754	7.06	0.003999999999998671
671.0	closed	7.026000000000001	5.716	7.02	0.0060000000000011156
672.0	closed	8.113999999999999	6.803999999999999	8.11	0.0039999999999995595
673.0	closed	6.99	5.996	6.99	0.0
674.0	closed	6.604000000000001	5.610000000000001	6.6	0.004000000000001336
675.0	closed	8.129999999999999	6.8199999999999985	8.13	-1.7763568394002505e-15
676.0	closed	8.36	7.034000000000001	8.36	0.0
677.0	closed	11.346	9.698	11.35	-0.0039999999999995595
678.0	closed	11.748000000000001	10.100000000000001	11.75	-0.0019999999999988916
679.0	closed	11.302000000000001	9.654	11.3	0.002000000000000668
680.0	closed	10.666	9.213999999999999	10.67	-0.0039999999999995595
681.0	closed	11.27	9.622	11.27	0.0
682.0	closed	11.656	10.008000000000001	11.65	0.006000000000000227
683.0	closed	9.988	8.656	9.99	-0.002000000000000668
684.0	closed	10.352	8.704	10.35	0.002000000000000668
685.0	closed	11.315999999999999	9.668000000000001	11.32	-0.004000000000001336
686.0	closed	11.592	9.944	11.59	0.002000000000000668
687.0	closed	11.2	9.552	11.2	0.0
688.0	closed	11.5	9.852	11.5	0.0
689.0	closed	12.056000000000001	10.408000000000001	12.05	0.006000000000000227
690.0	closed	11.739999999999998	10.091999999999999	11.74	-1.7763568394002505e-15
691.0	closed	11.046	9.398	11.05	-0.004000000000001336
692.0	closed	11.364	9.716000000000001	11.37	-0.005999999999998451
693.0	closed	12.038	10.39	12.04	-0.0019999999999988916
694.0	closed	11.414	9.766	11.41	0.0039999999999995595
695.0	closed	11.286	9.638	11.29	-0.0039999999999995595
696.0	closed	10.436	8.982000000000003	10.44	-0.0039999999999995595
697.0	closed	11.282	9.633999999999999	11.28	0.002000000000000668
698.0	closed	11.404	9.756	11.4	0.0039999999999995595
699.0	closed	11.22	9.645999999999999	11.22	0.0
700.0	closed	11.819999999999999	10.171999999999999	11.82	-1.7763568394002505e-15
701.0	closed	11.524000000000001	9.876000000000001	11.52	0.004000000000001336
702.0	closed	10.984	9.336000000000002	10.99	-0.006000000000000227
703.0	closed	11.16	9.512	11.16	0.0
704.0	closed	12.886000000000001	11.238	12.89	-0.0039999999999995595
705.0	closed	11.196	9.547999999999998	11.2	-0.0039999999999995595
706.0	closed	10.974	9.326000000000002	10.97	0.0039999999999995595
707.0	closed	11.488000000000001	9.840000000000002	11.49	-0.0019999999999988916
708.0	closed	10.54	8.892	10.54	0.0
709.0	closed	11.402	9.754	11.4	0.0019999999999988916
710.0	closed	10.739999999999998	9.091999999999999	10.74	-1.7763568394002505e-15
711.0	closed	11.157999999999998	9.535999999999998	11.16	-0.0020000000000024443
712.0	closed	11.296	9.648	11.29	0.006000000000000227
713.0	closed	11.392	9.76	11.39	0.0019999999999988916
714.0	closed	10.626000000000001	8.978	10.63	-0.0039999999999995595
715.0	closed	11.446000000000002	9.798	11.45	-0.003999999999997783
716.0	closed	10.282	8.95	10.28	0.002000000000000668
717.0	closed	11.312000000000001	9.73	11.31	0.002000000000000668
718.0	closed	12.18	10.532	12.18	0.0
719.0	closed	11.681999999999999	10.034	11.68	0.0019999999999988916
720.0	closed	11.42	9.772000000000002	11.42	0.0
721.0	closed	10.056000000000001	8.408000000000001	10.06	-0.0039999999999995595
722.0	closed	11.134	9.572000000000001	11.14	-0.006000000000000227
723.0	closed	12.315999999999999	10.668	12.32	-0.004000000000001336
724.0	closed	11.474	9.826000000000002	11.48	-0.006000000000000227
725.0	closed	11.588	9.940000000000001	11.59	-0.002000000000000668
726.0	closed	11.398000000000001	9.750000000000004	11.4	-0.0019999999999988916
727.0	closed	11.510000000000002	9.862	11.51	1.7763568394002505e-15
728.0	closed	11.482	9.834	11.48	0.0019999999999988916
729.0	closed	11.11	9.462	11.11	0.0
730.0	closed	11.256	9.608	11.26	-0.0039999999999995595
731.0	closed	11.962	10.314000000000002	11.96	0.0019999999999988916
732.0	closed	10.858	9.21	10.86	-0.0019999999999988916
733.0	closed	12.006	10.358	12.01	-0.0039999999999995595
734.0	closed	11.652	10.004	11.65	0.0019999999999988916
735.0	closed	11.594	9.946000000000002	11.59	0.0039999999999995595
736.0	closed	11.41	9.762	11.41	0.0
737.0	closed	9.954	8.306000000000001	9.95	0.004000000000001336
738.0	closed	9.744000000000002	8.096000000000002	9.74	0.004000000000001336
739.0	closed	10.848	9.2	10.85	-0.0019999999999988916
740.0	closed	11.94	10.291999999999998	11.94	0.0
741.0	closed	10.766	9.118	10.77	-0.0039999999999995595
742.0	closed	9.998000000000001	8.350000000000001	10.0	-0.0019999999999988916
743.0	closed	8.957999999999998	7.386	8.96	-0.0020000000000024443
744.0	closed	12.064	10.416	12.06	0.0039999999999995595
745.0	closed	9.848	8.200000000000001	9.85	-0.0019999999999988916
746.0	closed	11.687999999999999	10.040000000000001	11.69	-0.002000000000000668
747.0	closed	10.756	9.108	10.76	-0.0039999999999995595
748.0	closed	10.906	9.258000000000001	10.9	0.006000000000000227
749.0	closed	11.766	10.118	11.77	-0.0039999999999995595
750.0	closed	11.724	10.076	11.72	0.0039999999999995595
751.0	closed	10.3	8.652000000000001	10.3	0.0
752.0	closed	11.629999999999999	9.982	11.63	-1.7763568394002505e-15
753.0	closed	11.919999999999998	10.272	11.92	-1.7763568394002505e-15
754.0	closed	10.443999999999999	8.796000000000001	10.45	-0.006000000000000227
755.0	closed	10.786000000000001	9.138000000000002	10.79	-0.003999999999997783
756.0	closed	11.928	10.280000000000001	11.93	-0.0019999999999988916
757.0	closed	10.825999999999999	9.178	10.83	-0.004000000000001336
758.0	closed	12.331999999999999	10.684000000000001	12.33	0.0019999999999988916
759.0	closed	12.529999999999998	10.882	12.53	-1.7763568394002505e-15
760.0	closed	11.952000000000002	10.304000000000002	11.95	0.0020000000000024443
761.0	closed	11.272	9.624	11.27	0.002000000000000668
762.0	closed	12.748	11.1	12.75	-0.002000000000000668
763.0	closed	11.766	10.118	11.77	-0.0039999999999995595
764.0	closed	11.678	10.030000000000001	11.68	-0.0019999999999988916
765.0	closed	11.744	10.096	11.74	0.0039999999999995595
766.0	closed	12.622	10.974	12.62	0.002000000000000668
767.0	closed	11.524	9.876000000000001	11.52	0.0039999999999995595
768.0	closed	11.3	9.652000000000001	11.3	0.0
769.0	closed	12.202000000000002	10.554	12.2	0.0020000000000024443
770.0	closed	11.681999999999999	10.033999999999999	11.68	0.0019999999999988916
771.0	closed	12.346	10.697999999999999	12.35	-0.0039999999999995595
772.0	closed	10.922	9.274000000000001	10.92	0.002000000000000668
773.0	closed	12.02	10.372000000000002	12.02	0.0
774.0	closed	12.088	10.440000000000001	12.09	-0.002000000000000668
775.0	closed	12.14	10.492	12.14	0.0
776.0	closed	11.844	10.196000000000002	11.85	-0.006000000000000227
777.0	closed	12.416	10.768	12.42	-0.0039999999999995595
778.0	closed	12.27	10.622000000000002	12.27	0.0
779.0	closed	11.392	9.744	11.39	0.0019999999999988916
780.0	closed	11.063999999999998	9.416	11.06	0.003999999999997783
781.0	closed	11.946000000000002	10.297999999999998	11.95	-0.003999999999997783
782.0	closed	11.14	9.492	11.14	0.0
783.0	closed	12.370000000000001	10.722	12.37	1.7763568394002505e-15
784.0	closed	11.474	9.826	11.47	0.0039999999999995595
785.0	closed	11.6	9.952000000000002	11.6	0.0
786.0	closed	12.127999999999998	10.48	12.13	-0.0020000000000024443
787.0	closed	11.430000000000001	9.786000000000001	11.43	1.7763568394002505e-15
788.0	closed	11.303999999999998	9.656	11.3	0.003999999999997783
789.0	closed	12.348	10.7	12.35	-0.0019999999999988916
790.0	closed	11.768	10.120000000000001	11.77	-0.0019999999999988916
791.0	closed	11.575999999999999	9.928	11.58	-0.004000000000001336
792.0	closed	10.936	9.542	10.94	-0.0039999999999995595
793.0	closed	11.648	9.999999999999998	11.65	-0.002000000000000668
794.0	closed	10.956	9.308000000000002	10.96	-0.004000000000001336
795.0	closed	11.294	9.646	11.29	0.004000000000001336
796.0	closed	12.065999999999999	10.418000000000001	12.06	0.005999999999998451
797.0	closed	12.388	10.74	12.39	-0.002000000000000668
798.0	closed	10.975999999999999	9.432	10.98	-0.004000000000001336
799.0	closed	11.74	10.091999999999999	11.74	0.0
800.0	closed	11.498000000000001	9.85	11.5	-0.0019999999999988916
801.0	closed	11.98	10.332	11.98	0.0
802.0	closed	11.934000000000001	10.286	11.93	0.004000000000001336
803.0	closed	12.206	10.558000000000002	12.21	-0.004000000000001336
804.0	closed	10.496	8.848000000000003	10.49	0.006000000000000227
805.0	closed	11.656	10.008000000000001	11.66	-0.0039999999999995595
806.0	closed	11.772	10.124	11.77	0.002000000000000668
807.0	closed	11.476	9.828	11.47	0.006000000000000227
808.0	closed	12.564	10.916	12.56	0.0039999999999995595
809.0	closed	12.612	10.964000000000002	12.61	0.002000000000000668
810.0	closed	11.968	10.320000000000002	11.97	-0.002000000000000668
811.0	closed	12.068000000000001	10.42	12.07	-0.0019999999999988916
812.0	closed	11.620000000000001	9.972	11.62	1.7763568394002505e-15
813.0	closed	11.0	9.352	11.0	0.0
814.0	closed	11.462	9.813999999999998	11.46	0.0019999999999988916
815.0	closed	11.576	9.928	11.58	-0.0039999999999995595
816.0	closed	13.73	12.082	13.73	0.0
817.0	closed	11.482000000000001	9.85	11.48	0.002000000000000668
818.0	closed	12.746	11.098	12.74	0.006000000000000227
819.0	closed	13.803999999999998	12.156	13.8	0.003999999999997783
820.0	closed	12.306000000000001	10.658	12.31	-0.0039999999999995595
821.0	closed	11.746	10.098000000000003	11.75	-0.0039999999999995595
822.0	closed	12.512	10.864	12.51	0.002000000000000668
823.0	closed	11.238000000000001	9.59	11.24	-0.0019999999999988916
824.0	closed	12.142	10.494	12.14	0.0019999999999988916
825.0	closed	13.314000000000002	11.666	13.32	-0.005999999999998451
826.0	closed	11.622	9.974	11.62	0.002000000000000668
827.0	closed	12.12	10.472	12.12	0.0
828.0	closed	11.99	10.342000000000002	11.99	0.0
829.0	closed	12.065999999999999	10.418000000000001	12.06	0.005999999999998451
830.0	closed	12.408	10.760000000000002	12.41	-0.002000000000000668
831.0	closed	12.414000000000001	10.766000000000002	12.41	0.004000000000001336
832.0	closed	11.718	10.07	11.72	-0.002000000000000668
833.0	closed	13.468	11.82	13.47	-0.002000000000000668
834.0	closed	12.594	10.946000000000002	12.6	-0.006000000000000227
835.0	closed	11.802	10.214	11.8	0.0019999999999988916
836.0	closed	12.392	10.744000000000002	12.39	0.0019999999999988916
837.0	closed	12.764	11.116	12.76	0.0039999999999995595
838.0	closed	11.252	9.604000000000003	11.25	0.002000000000000668
839.0	closed	12.016	10.368	12.01	0.006000000000000227
840.0	closed	11.398	9.776	11.4	-0.002000000000000668
841.0	closed	11.272	9.623999999999999	11.27	0.002000000000000668
842.0	closed	11.526000000000002	9.878000000000002	11.53	-0.003999999999997783
843.0	closed	11.786	10.138	11.79	-0.0039999999999995595
844.0	closed	11.084	9.596	11.08	0.0039999999999995595
845.0	closed	11.592	9.944	11.59	0.002000000000000668
846.0	closed	12.144	10.496	12.14	0.0039999999999995595
847.0	closed	11.71	10.062000000000001	11.71	0.0
848.0	closed	11.498	9.85	11.5	-0.002000000000000668
849.0	closed	11.032	9.383999999999999	11.03	0.002000000000000668
850.0	closed	9.628	8.06	9.63	-0.002000000000000668
851.0	closed	9.056000000000001	7.530000000000001	9.05	0.006000000000000227
852.0	closed	10.806000000000001	9.158	10.81	-0.0039999999999995595
853.0	closed	10.726000000000003	9.078000000000001	10.73	-0.003999999999997783
854.0	closed	11.431999999999999	9.784	11.43	0.0019999999999988916
855.0	closed	11.7	10.052	11.7	0.0
856.0	closed	12.342	10.693999999999999	12.34	0.002000000000000668
857.0	closed	11.304	9.656	11.3	0.0039999999999995595
858.0	closed	12.535999999999998	10.888	12.54	-0.004000000000001336
859.0	closed	11.466	9.818000000000001	11.47	-0.004000000000001336
860.0	closed	11.435999999999998	9.788	11.44	-0.004000000000001336
861.0	closed	12.866	11.218	12.87	-0.0039999999999995595
862.0	closed	13.038	11.390000000000002	13.04	-0.0019999999999988916
863.0	closed	11.634	9.986	11.64	-0.006000000000000227
864.0	closed	14.080000000000002	12.432	14.08	1.7763568394002505e-15
865.0	closed	12.446000000000002	11.042000000000002	12.45	-0.003999999999997783
866.0	closed	12.649999999999999	11.049999999999999	12.65	-1.7763568394002505e-15
867.0	closed	13.494	11.846	13.49	0.0039999999999995595
868.0	closed	12.054	10.406	12.06	-0.006000000000000227
869.0	closed	11.61	10.052000000000001	11.61	0.0
870.0	closed	11.648	10.0	11.65	-0.002000000000000668
871.0	closed	13.034	11.386000000000001	13.03	0.004000000000001336
872.0	closed	12.372	10.724	12.37	0.002000000000000668
873.0	closed	11.536	9.888	11.53	0.006000000000000227
874.0	closed	11.514	9.866000000000001	11.51	0.0039999999999995595
875.0	closed	11.622000000000002	10.112000000000002	11.62	0.0020000000000024443
876.0	closed	12.538	10.89	12.54	-0.0019999999999988916
877.0	closed	11.866000000000001	10.218	11.87	-0.003999999999997783
878.0	closed	12.26	10.612	12.26	0.0
879.0	closed	12.192	10.544	12.19	0.002000000000000668
880.0	closed	12.424	10.776	12.42	0.0039999999999995595
881.0	closed	12.728	11.080000000000002	12.73	-0.002000000000000668
882.0	closed	13.027999999999997	11.379999999999999	13.03	-0.0020000000000024443
883.0	closed	13.319999999999999	11.671999999999999	13.32	-1.7763568394002505e-15
884.0	closed	13.075999999999999	11.428	13.08	-0.004000000000001336
885.0	closed	12.831999999999999	11.208	12.83	0.0019999999999988916
886.0	closed	12.692	11.044	12.69	0.002000000000000668
887.0	closed	13.626000000000001	11.978000000000002	13.62	0.006000000000002004
888.0	closed	10.434000000000001	8.786	10.43	0.004000000000001336
889.0	closed	11.634	9.986	11.63	0.0039999999999995595
890.0	closed	12.802000000000001	11.154	12.8	0.002000000000000668
891.0	closed	11.396	9.748000000000001	11.4	-0.0039999999999995595
892.0	closed	11.338000000000001	9.690000000000001	11.34	-0.0019999999999988916
893.0	closed	11.448000000000002	9.8	11.45	-0.001999999999997115
894.0	closed	11.224	9.576000000000002	11.22	0.0039999999999995595
895.0	closed	11.042	9.394	11.04	0.002000000000000668
896.0	closed	12.856	11.208	12.85	0.006000000000000227
897.0	closed	12.04	10.392	12.04	0.0
898.0	closed	10.806000000000001	9.216	10.8	0.006000000000000227
899.0	closed	12.120000000000001	10.472	12.12	1.7763568394002505e-15
900.0	closed	10.748000000000001	9.1	10.75	-0.0019999999999988916
901.0	closed	11.78	10.132	11.78	0.0
902.0	closed	12.264000000000001	10.616000000000001	12.26	0.004000000000001336
903.0	closed	11.89	10.242	11.89	0.0
904.0	closed	12.5	10.852	12.5	0.0
905.0	closed	12.505999999999998	10.857999999999999	12.51	-0.004000000000001336
906.0	closed	11.75	10.102	11.75	0.0
907.0	closed	11.258	9.610000000000001	11.26	-0.002000000000000668
908.0	closed	12.614	10.966000000000001	12.61	0.004000000000001336
909.0	closed	14.039999999999997	12.392	14.04	-1.7763568394002505e-15
910.0	closed	13.054000000000002	11.406000000000002	13.05	0.004000000000001336
911.0	closed	13.354	11.706	13.35	0.0039999999999995595
912.0	closed	12.696000000000002	11.048000000000002	12.7	-0.003999999999997783
913.0	closed	12.274000000000001	10.626000000000001	12.27	0.004000000000001336
914.0	closed	12.578	10.93	12.58	-0.002000000000000668
915.0	closed	11.272	9.624	11.27	0.002000000000000668
916.0	closed	11.902000000000001	10.254000000000001	11.9	0.002000000000000668
917.0	closed	10.86	9.212	10.86	0.0
918.0	closed	10.84	9.202000000000002	10.84	0.0
919.0	closed	13.882	12.234000000000002	13.88	0.0019999999999988916
920.0	closed	12.086	10.438	12.08	0.006000000000000227
921.0	closed	12.382	10.734	12.38	0.0019999999999988916
922.0	closed	14.303999999999998	12.656	14.3	0.003999999999997783
923.0	closed	13.831999999999999	12.184000000000001	13.83	0.0019999999999988916
924.0	closed	13.988	12.34	13.99	-0.002000000000000668
925.0	closed	14.022	12.374	14.02	0.002000000000000668
926.0	closed	14.266	12.618	14.26	0.006000000000000227
927.0	closed	12.982	11.334000000000001	12.98	0.0019999999999988916
928.0	closed	14.61	12.962	14.61	0.0
929.0	closed	14.852	13.204000000000002	14.85	0.002000000000000668
930.0	closed	14.322	12.674000000000001	14.32	0.0019999999999988916
931.0	closed	10.882000000000001	9.234	10.88	0.002000000000000668
932.0	closed	12.034	10.386000000000001	12.03	0.004000000000001336
933.0	closed	12.514	10.866	12.51	0.0039999999999995595
934.0	closed	12.16	10.511999999999997	12.16	0.0
935.0	closed	13.504	11.856	13.5	0.0039999999999995595
936.0	closed	11.930000000000001	10.430000000000001	11.93	1.7763568394002505e-15
937.0	closed	14.588	12.940000000000001	14.59	-0.002000000000000668
938.0	closed	15.328	13.680000000000001	15.33	-0.002000000000000668
939.0	closed	12.687999999999999	11.040000000000001	12.69	-0.002000000000000668
940.0	closed	14.934000000000001	13.286000000000001	14.93	0.004000000000001336
941.0	closed	12.825999999999999	11.178	12.82	0.005999999999998451
942.0	closed	12.713999999999999	11.065999999999999	12.72	-0.006000000000002004
943.0	closed	12.122000000000002	10.474	12.12	0.0020000000000024443
944.0	closed	11.336	9.688	11.34	-0.0039999999999995595
945.0	closed	11.379999999999999	9.732000000000001	11.38	-1.7763568394002505e-15
946.0	closed	11.604000000000001	9.956000000000001	11.6	0.004000000000001336
947.0	closed	11.225999999999999	9.578	11.22	0.005999999999998451
948.0	closed	11.638	9.99	11.64	-0.002000000000000668
949.0	closed	12.492	10.844	12.49	0.002000000000000668
950.0	closed	13.484	11.836000000000002	13.48	0.0039999999999995595
951.0	closed	12.888	11.24	12.89	-0.002000000000000668
952.0	closed	13.562000000000001	11.914000000000001	13.56	0.002000000000000668
953.0	closed	15.080000000000002	13.431999999999999	15.08	1.7763568394002505e-15
954.0	closed	14.074000000000002	12.426	14.07	0.004000000000001336
955.0	closed	13.612	11.964	13.61	0.002000000000000668
956.0	closed	13.2	11.552000000000001	13.2	0.0
957.0	closed	12.331999999999999	10.684000000000001	12.33	0.0019999999999988916
958.0	closed	9.73	8.14	9.73	0.0
959.0	closed	12.058	10.41	12.06	-0.002000000000000668
960.0	closed	13.557999999999998	11.91	13.56	-0.0020000000000024443
961.0	closed	12.974	11.326	12.97	0.0039999999999995595
962.0	closed	13.736	12.088000000000001	13.74	-0.0039999999999995595
963.0	closed	13.172	11.524000000000001	13.17	0.002000000000000668
964.0	closed	12.39	10.742	12.39	0.0
965.0	closed	13.896	12.248000000000001	13.9	-0.0039999999999995595
966.0	closed	12.931999999999999	11.283999999999999	12.93	0.0019999999999988916
967.0	closed	12.838	11.190000000000001	12.84	-0.002000000000000668
968.0	closed	12.907999999999998	11.26	12.91	-0.0020000000000024443
969.0	closed	12.218	10.57	12.22	-0.002000000000000668
970.0	closed	12.936000000000002	11.288	12.94	-0.003999999999997783
971.0	closed	13.530000000000001	11.882	13.53	1.7763568394002505e-15
972.0	closed	11.872	10.224	11.87	0.002000000000000668
973.0	closed	13.398000000000001	11.75	13.4	-0.0019999999999988916
974.0	closed	12.596	10.948	12.6	-0.0039999999999995595
975.0	closed	12.674	11.026	12.67	0.0039999999999995595
976.0	closed	12.748	11.1	12.75	-0.002000000000000668
977.0	closed	12.474	10.825999999999999	12.47	0.0039999999999995595
978.0	closed	12.495999999999999	10.847999999999999	12.49	0.005999999999998451
979.0	closed	11.956	10.308000000000002	11.96	-0.004000000000001336
980.0	closed	10.741999999999999	9.094	10.74	0.0019999999999988916
981.0	closed	12.036	10.388000000000002	12.04	-0.0039999999999995595
982.0	closed	12.534	10.886000000000001	12.54	-0.005999999999998451
983.0	closed	13.034	11.386	13.03	0.004000000000001336
984.0	closed	13.4	11.752	13.4	0.0
985.0	closed	13.112	11.464	13.11	0.002000000000000668
986.0	closed	13.12	11.472	13.12	0.0
987.0	closed	13.136	11.488000000000001	13.13	0.005999999999998451
988.0	closed	14.358	12.71	14.36	-0.0019999999999988916
989.0	closed	14.156	12.508000000000001	14.16	-0.0039999999999995595
990.0	closed	14.216	12.568000000000001	14.21	0.005999999999998451
991.0	closed	13.288	11.64	13.29	-0.0019999999999988916
992.0	closed	12.608	10.96	12.61	-0.0019999999999988916
993.0	closed	14.254	12.606	14.25	0.0039999999999995595
994.0	closed	14.59	12.942000000000002	14.59	0.0
995.0	closed	13.922	12.274000000000001	13.92	0.002000000000000668
996.0	closed	15.136	13.488	15.14	-0.004000000000001336
997.0	closed	13.886	12.238	13.89	-0.004000000000001336
998.0	closed	13.235999999999999	11.588	13.23	0.005999999999998451
999.0	closed	12.796	11.148	12.8	-0.004000000000001336
1000.0	closed	13.156	11.508	13.16	-0.0039999999999995595
1001.0	closed	11.524000000000001	9.876000000000001	11.52	0.004000000000001336
1002.0	closed	11.392	9.982000000000001	11.39	0.0019999999999988916
1003.0	closed	12.888	11.24	12.89	-0.002000000000000668
1004.0	closed	12.902000000000001	11.254000000000001	12.9	0.002000000000000668
1005.0	closed	11.370000000000001	9.722	11.37	1.7763568394002505e-15
1006.0	closed	12.302000000000001	10.654	12.3	0.002000000000000668
1007.0	closed	10.614	8.966	10.61	0.004000000000001336
1008.0	closed	13.474	11.826	13.47	0.0039999999999995595
1009.0	closed	11.712	10.075999999999999	11.71	0.0019999999999988916
1010.0	closed	12.522	10.873999999999999	12.52	0.002000000000000668
1011.0	closed	12.059999999999999	10.412	12.06	-1.7763568394002505e-15
1012.0	closed	12.562000000000001	10.914000000000001	12.57	-0.007999999999999119
1013.0	closed	12.972000000000003	11.324000000000002	12.97	0.0020000000000024443
1014.0	closed	12.273999999999997	10.626	12.27	0.003999999999997783
1015.0	closed	12.542	10.894	12.54	0.002000000000000668
1016.0	closed	12.669999999999998	11.022	12.67	-1.7763568394002505e-15
1017.0	closed	12.181999999999999	10.533999999999999	12.18	0.0019999999999988916
1018.0	closed	13.434000000000001	11.786000000000001	13.43	0.004000000000001336
1019.0	closed	14.09	12.442	14.09	0.0
1020.0	closed	14.046000000000001	12.398000000000001	14.05	-0.0039999999999995595
