trajectory	seed_lineage	label	start_time_ns	end_time_ns	length_saved_frames	length_ns
R46A_ES01_2021_11_08_NaCl170mM_GMX_JeanZay	closed_seeded	CLOSED_CONSENSUS	20.0	28.0	9	9
R46A_ES01_2021_11_08_NaCl170mM_GMX_JeanZay	closed_seeded	READOUT_CONFLICT	29.0	29.0	1	1
R46A_ES01_2021_11_08_NaCl170mM_GMX_JeanZay	closed_seeded	CLOSED_CONSENSUS	30.0	30.0	1	1
R46A_ES01_2021_11_08_NaCl170mM_GMX_JeanZay	closed_seeded	READOUT_CONFLICT	31.0	63.0	33	33
R46A_ES01_2021_11_08_NaCl170mM_GMX_JeanZay	closed_seeded	CLOSED_CONSENSUS	64.0	68.0	5	5
R46A_ES01_2021_11_08_NaCl170mM_GMX_JeanZay	closed_seeded	READOUT_CONFLICT	69.0	71.0	3	3
R46A_ES01_2021_11_08_NaCl170mM_GMX_JeanZay	closed_seeded	CLOSED_CONSENSUS	72.0	73.0	2	2
R46A_ES01_2021_11_08_NaCl170mM_GMX_JeanZay	closed_seeded	READOUT_CONFLICT	74.0	76.0	3	3
R46A_ES01_2021_11_08_NaCl170mM_GMX_JeanZay	closed_seeded	CLOSED_CONSENSUS	77.0	108.0	32	32
R46A_ES01_2021_11_08_NaCl170mM_GMX_JeanZay	closed_seeded	READOUT_CONFLICT	109.0	109.0	1	1
R46A_ES01_2021_11_08_NaCl170mM_GMX_JeanZay	closed_seeded	CLOSED_CONSENSUS	110.0	110.0	1	1
R46A_ES01_2021_11_08_NaCl170mM_GMX_JeanZay	closed_seeded	READOUT_CONFLICT	111.0	111.0	1	1
R46A_ES01_2021_11_08_NaCl170mM_GMX_JeanZay	closed_seeded	CLOSED_CONSENSUS	112.0	151.0	40	40
R46A_ES01_2021_11_08_NaCl170mM_GMX_JeanZay	closed_seeded	READOUT_CONFLICT	152.0	152.0	1	1
R46A_ES01_2021_11_08_NaCl170mM_GMX_JeanZay	closed_seeded	CLOSED_CONSENSUS	153.0	153.0	1	1
R46A_ES01_2021_11_08_NaCl170mM_GMX_JeanZay	closed_seeded	READOUT_CONFLICT	154.0	155.0	2	2
R46A_ES01_2021_11_08_NaCl170mM_GMX_JeanZay	closed_seeded	CLOSED_CONSENSUS	156.0	156.0	1	1
R46A_ES01_2021_11_08_NaCl170mM_GMX_JeanZay	closed_seeded	READOUT_CONFLICT	157.0	159.0	3	3
R46A_ES01_2021_11_08_NaCl170mM_GMX_JeanZay	closed_seeded	CLOSED_CONSENSUS	160.0	169.0	10	10
R46A_ES01_2021_11_08_NaCl170mM_GMX_JeanZay	closed_seeded	READOUT_CONFLICT	170.0	170.0	1	1
R46A_ES01_2021_11_08_NaCl170mM_GMX_JeanZay	closed_seeded	CLOSED_CONSENSUS	171.0	172.0	2	2
R46A_ES01_2021_11_08_NaCl170mM_GMX_JeanZay	closed_seeded	READOUT_CONFLICT	173.0	173.0	1	1
R46A_ES01_2021_11_08_NaCl170mM_GMX_JeanZay	closed_seeded	CLOSED_CONSENSUS	174.0	184.0	11	11
R46A_ES01_2021_11_08_NaCl170mM_GMX_JeanZay	closed_seeded	READOUT_CONFLICT	185.0	185.0	1	1
R46A_ES01_2021_11_08_NaCl170mM_GMX_JeanZay	closed_seeded	CLOSED_CONSENSUS	186.0	189.0	4	4
R46A_ES01_2021_11_08_NaCl170mM_GMX_JeanZay	closed_seeded	READOUT_CONFLICT	190.0	190.0	1	1
R46A_ES01_2021_11_08_NaCl170mM_GMX_JeanZay	closed_seeded	CLOSED_CONSENSUS	191.0	193.0	3	3
R46A_ES01_2021_11_08_NaCl170mM_GMX_JeanZay	closed_seeded	READOUT_CONFLICT	194.0	198.0	5	5
R46A_ES01_2021_11_08_NaCl170mM_GMX_JeanZay	closed_seeded	CLOSED_CONSENSUS	199.0	199.0	1	1
R46A_ES01_2021_11_08_NaCl170mM_GMX_JeanZay	closed_seeded	READOUT_CONFLICT	200.0	221.0	22	22
R46A_ES01_2021_11_08_NaCl170mM_GMX_JeanZay	closed_seeded	CLOSED_CONSENSUS	222.0	222.0	1	1
R46A_ES01_2021_11_08_NaCl170mM_GMX_JeanZay	closed_seeded	READOUT_CONFLICT	223.0	239.0	17	17
R46A_ES01_2021_11_08_NaCl170mM_GMX_JeanZay	closed_seeded	CLOSED_CONSENSUS	240.0	240.0	1	1
R46A_ES01_2021_11_08_NaCl170mM_GMX_JeanZay	closed_seeded	READOUT_CONFLICT	241.0	267.0	27	27
R46A_ES01_2021_11_08_NaCl170mM_GMX_JeanZay	closed_seeded	CLOSED_CONSENSUS	268.0	268.0	1	1
R46A_ES01_2021_11_08_NaCl170mM_GMX_JeanZay	closed_seeded	READOUT_CONFLICT	269.0	272.0	4	4
R46A_ES01_2021_11_08_NaCl170mM_GMX_JeanZay	closed_seeded	CLOSED_CONSENSUS	273.0	273.0	1	1
R46A_ES01_2021_11_08_NaCl170mM_GMX_JeanZay	closed_seeded	READOUT_CONFLICT	274.0	274.0	1	1
R46A_ES01_2021_11_08_NaCl170mM_GMX_JeanZay	closed_seeded	CLOSED_CONSENSUS	275.0	306.0	32	32
R46A_ES01_2021_11_08_NaCl170mM_GMX_JeanZay	closed_seeded	READOUT_CONFLICT	307.0	307.0	1	1
R46A_ES01_2021_11_08_NaCl170mM_GMX_JeanZay	closed_seeded	CLOSED_CONSENSUS	308.0	309.0	2	2
R46A_ES01_2021_11_08_NaCl170mM_GMX_JeanZay	closed_seeded	READOUT_CONFLICT	310.0	310.0	1	1
R46A_ES01_2021_11_08_NaCl170mM_GMX_JeanZay	closed_seeded	CLOSED_CONSENSUS	311.0	315.0	5	5
R46A_ES01_2021_11_08_NaCl170mM_GMX_JeanZay	closed_seeded	READOUT_CONFLICT	316.0	316.0	1	1
R46A_ES01_2021_11_08_NaCl170mM_GMX_JeanZay	closed_seeded	CLOSED_CONSENSUS	317.0	319.0	3	3
R46A_ES01_2021_11_08_NaCl170mM_GMX_JeanZay	closed_seeded	READOUT_CONFLICT	320.0	320.0	1	1
R46A_ES01_2021_11_08_NaCl170mM_GMX_JeanZay	closed_seeded	CLOSED_CONSENSUS	321.0	327.0	7	7
R46A_ES01_2021_11_08_NaCl170mM_GMX_JeanZay	closed_seeded	READOUT_CONFLICT	328.0	328.0	1	1
R46A_ES01_2021_11_08_NaCl170mM_GMX_JeanZay	closed_seeded	CLOSED_CONSENSUS	329.0	329.0	1	1
R46A_ES01_2021_11_08_NaCl170mM_GMX_JeanZay	closed_seeded	READOUT_CONFLICT	330.0	337.0	8	8
R46A_ES01_2021_11_08_NaCl170mM_GMX_JeanZay	closed_seeded	CLOSED_CONSENSUS	338.0	338.0	1	1
R46A_ES01_2021_11_08_NaCl170mM_GMX_JeanZay	closed_seeded	READOUT_CONFLICT	339.0	346.0	8	8
R46A_ES01_2021_11_08_NaCl170mM_GMX_JeanZay	closed_seeded	CLOSED_CONSENSUS	347.0	347.0	1	1
R46A_ES01_2021_11_08_NaCl170mM_GMX_JeanZay	closed_seeded	READOUT_CONFLICT	348.0	374.0	27	27
R46A_ES01_2021_11_08_NaCl170mM_GMX_JeanZay	closed_seeded	CLOSED_CONSENSUS	375.0	375.0	1	1
R46A_ES01_2021_11_08_NaCl170mM_GMX_JeanZay	closed_seeded	READOUT_CONFLICT	376.0	378.0	3	3
R46A_ES01_2021_11_08_NaCl170mM_GMX_JeanZay	closed_seeded	CLOSED_CONSENSUS	379.0	379.0	1	1
R46A_ES01_2021_11_08_NaCl170mM_GMX_JeanZay	closed_seeded	READOUT_CONFLICT	380.0	380.0	1	1
R46A_ES01_2021_11_08_NaCl170mM_GMX_JeanZay	closed_seeded	CLOSED_CONSENSUS	381.0	386.0	6	6
R46A_ES01_2021_11_08_NaCl170mM_GMX_JeanZay	closed_seeded	READOUT_CONFLICT	387.0	399.0	13	13
R46A_ES01_2021_11_08_NaCl170mM_GMX_JeanZay	closed_seeded	CLOSED_CONSENSUS	400.0	400.0	1	1
R46A_ES01_2021_11_08_NaCl170mM_GMX_JeanZay	closed_seeded	READOUT_CONFLICT	401.0	409.0	9	9
R46A_ES01_2021_11_08_NaCl170mM_GMX_JeanZay	closed_seeded	CLOSED_CONSENSUS	410.0	412.0	3	3
R46A_ES01_2021_11_08_NaCl170mM_GMX_JeanZay	closed_seeded	READOUT_CONFLICT	413.0	413.0	1	1
R46A_ES01_2021_11_08_NaCl170mM_GMX_JeanZay	closed_seeded	CLOSED_CONSENSUS	414.0	418.0	5	5
R46A_ES01_2021_11_08_NaCl170mM_GMX_JeanZay	closed_seeded	READOUT_CONFLICT	419.0	419.0	1	1
R46A_ES01_2021_11_08_NaCl170mM_GMX_JeanZay	closed_seeded	CLOSED_CONSENSUS	420.0	424.0	5	5
R46A_ES01_2021_11_08_NaCl170mM_GMX_JeanZay	closed_seeded	READOUT_CONFLICT	425.0	429.0	5	5
R46A_ES01_2021_11_08_NaCl170mM_GMX_JeanZay	closed_seeded	CLOSED_CONSENSUS	430.0	438.0	9	9
R46A_ES01_2021_11_08_NaCl170mM_GMX_JeanZay	closed_seeded	READOUT_CONFLICT	439.0	439.0	1	1
R46A_ES01_2021_11_08_NaCl170mM_GMX_JeanZay	closed_seeded	CLOSED_CONSENSUS	440.0	443.0	4	4
R46A_ES01_2021_11_08_NaCl170mM_GMX_JeanZay	closed_seeded	READOUT_CONFLICT	444.0	446.0	3	3
R46A_ES01_2021_11_08_NaCl170mM_GMX_JeanZay	closed_seeded	CLOSED_CONSENSUS	447.0	447.0	1	1
R46A_ES01_2021_11_08_NaCl170mM_GMX_JeanZay	closed_seeded	READOUT_CONFLICT	448.0	457.0	10	10
R46A_ES01_2021_11_08_NaCl170mM_GMX_JeanZay	closed_seeded	CLOSED_CONSENSUS	458.0	459.0	2	2
R46A_ES01_2021_11_08_NaCl170mM_GMX_JeanZay	closed_seeded	READOUT_CONFLICT	460.0	467.0	8	8
R46A_ES01_2021_11_08_NaCl170mM_GMX_JeanZay	closed_seeded	CLOSED_CONSENSUS	468.0	468.0	1	1
R46A_ES01_2021_11_08_NaCl170mM_GMX_JeanZay	closed_seeded	READOUT_CONFLICT	469.0	480.0	12	12
R46A_ES01_2021_11_08_NaCl170mM_GMX_JeanZay	closed_seeded	CLOSED_CONSENSUS	481.0	481.0	1	1
R46A_ES01_2021_11_08_NaCl170mM_GMX_JeanZay	closed_seeded	READOUT_CONFLICT	482.0	558.0	77	77
R46A_ES01_2021_11_08_NaCl170mM_GMX_JeanZay	closed_seeded	CLOSED_CONSENSUS	559.0	560.0	2	2
R46A_ES01_2021_11_08_NaCl170mM_GMX_JeanZay	closed_seeded	READOUT_CONFLICT	561.0	566.0	6	6
R46A_ES01_2021_11_08_NaCl170mM_GMX_JeanZay	closed_seeded	CLOSED_CONSENSUS	567.0	569.0	3	3
R46A_ES01_2021_11_08_NaCl170mM_GMX_JeanZay	closed_seeded	READOUT_CONFLICT	570.0	570.0	1	1
R46A_ES01_2021_11_08_NaCl170mM_GMX_JeanZay	closed_seeded	CLOSED_CONSENSUS	571.0	571.0	1	1
R46A_ES01_2021_11_08_NaCl170mM_GMX_JeanZay	closed_seeded	READOUT_CONFLICT	572.0	573.0	2	2
R46A_ES01_2021_11_08_NaCl170mM_GMX_JeanZay	closed_seeded	CLOSED_CONSENSUS	574.0	575.0	2	2
R46A_ES01_2021_11_08_NaCl170mM_GMX_JeanZay	closed_seeded	READOUT_CONFLICT	576.0	576.0	1	1
R46A_ES01_2021_11_08_NaCl170mM_GMX_JeanZay	closed_seeded	CLOSED_CONSENSUS	577.0	577.0	1	1
R46A_ES01_2021_11_08_NaCl170mM_GMX_JeanZay	closed_seeded	READOUT_CONFLICT	578.0	579.0	2	2
R46A_ES01_2021_11_08_NaCl170mM_GMX_JeanZay	closed_seeded	CLOSED_CONSENSUS	580.0	580.0	1	1
R46A_ES01_2021_11_08_NaCl170mM_GMX_JeanZay	closed_seeded	READOUT_CONFLICT	581.0	581.0	1	1
R46A_ES01_2021_11_08_NaCl170mM_GMX_JeanZay	closed_seeded	CLOSED_CONSENSUS	582.0	651.0	70	70
R46A_ES01_2021_11_08_NaCl170mM_GMX_JeanZay	closed_seeded	READOUT_CONFLICT	652.0	652.0	1	1
R46A_ES01_2021_11_08_NaCl170mM_GMX_JeanZay	closed_seeded	CLOSED_CONSENSUS	653.0	676.0	24	24
R46A_ES01_2021_11_08_NaCl170mM_GMX_JeanZay	closed_seeded	READOUT_CONFLICT	677.0	678.0	2	2
R46A_ES01_2021_11_08_NaCl170mM_GMX_JeanZay	closed_seeded	CLOSED_CONSENSUS	679.0	679.0	1	1
R46A_ES01_2021_11_08_NaCl170mM_GMX_JeanZay	closed_seeded	READOUT_CONFLICT	680.0	682.0	3	3
R46A_ES01_2021_11_08_NaCl170mM_GMX_JeanZay	closed_seeded	CLOSED_CONSENSUS	683.0	683.0	1	1
R46A_ES01_2021_11_08_NaCl170mM_GMX_JeanZay	closed_seeded	READOUT_CONFLICT	684.0	709.0	26	26
R46A_ES01_2021_11_08_NaCl170mM_GMX_JeanZay	closed_seeded	CLOSED_CONSENSUS	710.0	712.0	3	3
R46A_ES01_2021_11_08_NaCl170mM_GMX_JeanZay	closed_seeded	READOUT_CONFLICT	713.0	713.0	1	1
R46A_ES01_2021_11_08_NaCl170mM_GMX_JeanZay	closed_seeded	CLOSED_CONSENSUS	714.0	716.0	3	3
R46A_ES01_2021_11_08_NaCl170mM_GMX_JeanZay	closed_seeded	READOUT_CONFLICT	717.0	720.0	4	4
R46A_ES01_2021_11_08_NaCl170mM_GMX_JeanZay	closed_seeded	CLOSED_CONSENSUS	721.0	721.0	1	1
R46A_ES01_2021_11_08_NaCl170mM_GMX_JeanZay	closed_seeded	READOUT_CONFLICT	722.0	723.0	2	2
R46A_ES01_2021_11_08_NaCl170mM_GMX_JeanZay	closed_seeded	CLOSED_CONSENSUS	724.0	724.0	1	1
R46A_ES01_2021_11_08_NaCl170mM_GMX_JeanZay	closed_seeded	READOUT_CONFLICT	725.0	729.0	5	5
R46A_ES01_2021_11_08_NaCl170mM_GMX_JeanZay	closed_seeded	CLOSED_CONSENSUS	730.0	730.0	1	1
R46A_ES01_2021_11_08_NaCl170mM_GMX_JeanZay	closed_seeded	READOUT_CONFLICT	731.0	737.0	7	7
R46A_ES01_2021_11_08_NaCl170mM_GMX_JeanZay	closed_seeded	CLOSED_CONSENSUS	738.0	738.0	1	1
R46A_ES01_2021_11_08_NaCl170mM_GMX_JeanZay	closed_seeded	READOUT_CONFLICT	739.0	741.0	3	3
R46A_ES01_2021_11_08_NaCl170mM_GMX_JeanZay	closed_seeded	CLOSED_CONSENSUS	742.0	743.0	2	2
R46A_ES01_2021_11_08_NaCl170mM_GMX_JeanZay	closed_seeded	READOUT_CONFLICT	744.0	744.0	1	1
R46A_ES01_2021_11_08_NaCl170mM_GMX_JeanZay	closed_seeded	CLOSED_CONSENSUS	745.0	745.0	1	1
R46A_ES01_2021_11_08_NaCl170mM_GMX_JeanZay	closed_seeded	READOUT_CONFLICT	746.0	1020.0	275	275
R46A_ES02_2021_11_08_NaCl170mM_GMX_JeanZay	closed_seeded	CLOSED_CONSENSUS	20.0	209.0	190	190
R46A_ES02_2021_11_08_NaCl170mM_GMX_JeanZay	closed_seeded	READOUT_CONFLICT	210.0	228.0	19	19
R46A_ES02_2021_11_08_NaCl170mM_GMX_JeanZay	closed_seeded	CLOSED_CONSENSUS	229.0	230.0	2	2
R46A_ES02_2021_11_08_NaCl170mM_GMX_JeanZay	closed_seeded	READOUT_CONFLICT	231.0	234.0	4	4
R46A_ES02_2021_11_08_NaCl170mM_GMX_JeanZay	closed_seeded	CLOSED_CONSENSUS	235.0	235.0	1	1
R46A_ES02_2021_11_08_NaCl170mM_GMX_JeanZay	closed_seeded	READOUT_CONFLICT	236.0	254.0	19	19
R46A_ES02_2021_11_08_NaCl170mM_GMX_JeanZay	closed_seeded	CLOSED_CONSENSUS	255.0	255.0	1	1
R46A_ES02_2021_11_08_NaCl170mM_GMX_JeanZay	closed_seeded	READOUT_CONFLICT	256.0	257.0	2	2
R46A_ES02_2021_11_08_NaCl170mM_GMX_JeanZay	closed_seeded	CLOSED_CONSENSUS	258.0	258.0	1	1
R46A_ES02_2021_11_08_NaCl170mM_GMX_JeanZay	closed_seeded	READOUT_CONFLICT	259.0	259.0	1	1
R46A_ES02_2021_11_08_NaCl170mM_GMX_JeanZay	closed_seeded	CLOSED_CONSENSUS	260.0	261.0	2	2
R46A_ES02_2021_11_08_NaCl170mM_GMX_JeanZay	closed_seeded	READOUT_CONFLICT	262.0	282.0	21	21
R46A_ES02_2021_11_08_NaCl170mM_GMX_JeanZay	closed_seeded	CLOSED_CONSENSUS	283.0	283.0	1	1
R46A_ES02_2021_11_08_NaCl170mM_GMX_JeanZay	closed_seeded	READOUT_CONFLICT	284.0	296.0	13	13
R46A_ES02_2021_11_08_NaCl170mM_GMX_JeanZay	closed_seeded	CLOSED_CONSENSUS	297.0	298.0	2	2
R46A_ES02_2021_11_08_NaCl170mM_GMX_JeanZay	closed_seeded	READOUT_CONFLICT	299.0	299.0	1	1
R46A_ES02_2021_11_08_NaCl170mM_GMX_JeanZay	closed_seeded	CLOSED_CONSENSUS	300.0	306.0	7	7
R46A_ES02_2021_11_08_NaCl170mM_GMX_JeanZay	closed_seeded	READOUT_CONFLICT	307.0	307.0	1	1
R46A_ES02_2021_11_08_NaCl170mM_GMX_JeanZay	closed_seeded	CLOSED_CONSENSUS	308.0	308.0	1	1
R46A_ES02_2021_11_08_NaCl170mM_GMX_JeanZay	closed_seeded	READOUT_CONFLICT	309.0	309.0	1	1
R46A_ES02_2021_11_08_NaCl170mM_GMX_JeanZay	closed_seeded	CLOSED_CONSENSUS	310.0	310.0	1	1
R46A_ES02_2021_11_08_NaCl170mM_GMX_JeanZay	closed_seeded	READOUT_CONFLICT	311.0	312.0	2	2
R46A_ES02_2021_11_08_NaCl170mM_GMX_JeanZay	closed_seeded	CLOSED_CONSENSUS	313.0	313.0	1	1
R46A_ES02_2021_11_08_NaCl170mM_GMX_JeanZay	closed_seeded	READOUT_CONFLICT	314.0	314.0	1	1
R46A_ES02_2021_11_08_NaCl170mM_GMX_JeanZay	closed_seeded	CLOSED_CONSENSUS	315.0	315.0	1	1
R46A_ES02_2021_11_08_NaCl170mM_GMX_JeanZay	closed_seeded	READOUT_CONFLICT	316.0	317.0	2	2
R46A_ES02_2021_11_08_NaCl170mM_GMX_JeanZay	closed_seeded	CLOSED_CONSENSUS	318.0	318.0	1	1
R46A_ES02_2021_11_08_NaCl170mM_GMX_JeanZay	closed_seeded	READOUT_CONFLICT	319.0	320.0	2	2
R46A_ES02_2021_11_08_NaCl170mM_GMX_JeanZay	closed_seeded	CLOSED_CONSENSUS	321.0	323.0	3	3
R46A_ES02_2021_11_08_NaCl170mM_GMX_JeanZay	closed_seeded	READOUT_CONFLICT	324.0	398.0	75	75
R46A_ES02_2021_11_08_NaCl170mM_GMX_JeanZay	closed_seeded	CLOSED_CONSENSUS	399.0	399.0	1	1
R46A_ES02_2021_11_08_NaCl170mM_GMX_JeanZay	closed_seeded	READOUT_CONFLICT	400.0	406.0	7	7
R46A_ES02_2021_11_08_NaCl170mM_GMX_JeanZay	closed_seeded	CLOSED_CONSENSUS	407.0	407.0	1	1
R46A_ES02_2021_11_08_NaCl170mM_GMX_JeanZay	closed_seeded	READOUT_CONFLICT	408.0	408.0	1	1
R46A_ES02_2021_11_08_NaCl170mM_GMX_JeanZay	closed_seeded	CLOSED_CONSENSUS	409.0	409.0	1	1
R46A_ES02_2021_11_08_NaCl170mM_GMX_JeanZay	closed_seeded	READOUT_CONFLICT	410.0	410.0	1	1
R46A_ES02_2021_11_08_NaCl170mM_GMX_JeanZay	closed_seeded	CLOSED_CONSENSUS	411.0	412.0	2	2
R46A_ES02_2021_11_08_NaCl170mM_GMX_JeanZay	closed_seeded	READOUT_CONFLICT	413.0	442.0	30	30
R46A_ES02_2021_11_08_NaCl170mM_GMX_JeanZay	closed_seeded	CLOSED_CONSENSUS	443.0	443.0	1	1
R46A_ES02_2021_11_08_NaCl170mM_GMX_JeanZay	closed_seeded	READOUT_CONFLICT	444.0	447.0	4	4
R46A_ES02_2021_11_08_NaCl170mM_GMX_JeanZay	closed_seeded	CLOSED_CONSENSUS	448.0	448.0	1	1
R46A_ES02_2021_11_08_NaCl170mM_GMX_JeanZay	closed_seeded	READOUT_CONFLICT	449.0	452.0	4	4
R46A_ES02_2021_11_08_NaCl170mM_GMX_JeanZay	closed_seeded	CLOSED_CONSENSUS	453.0	453.0	1	1
R46A_ES02_2021_11_08_NaCl170mM_GMX_JeanZay	closed_seeded	READOUT_CONFLICT	454.0	457.0	4	4
R46A_ES02_2021_11_08_NaCl170mM_GMX_JeanZay	closed_seeded	CLOSED_CONSENSUS	458.0	458.0	1	1
R46A_ES02_2021_11_08_NaCl170mM_GMX_JeanZay	closed_seeded	READOUT_CONFLICT	459.0	473.0	15	15
R46A_ES02_2021_11_08_NaCl170mM_GMX_JeanZay	closed_seeded	CLOSED_CONSENSUS	474.0	474.0	1	1
R46A_ES02_2021_11_08_NaCl170mM_GMX_JeanZay	closed_seeded	READOUT_CONFLICT	475.0	490.0	16	16
R46A_ES02_2021_11_08_NaCl170mM_GMX_JeanZay	closed_seeded	CLOSED_CONSENSUS	491.0	492.0	2	2
R46A_ES02_2021_11_08_NaCl170mM_GMX_JeanZay	closed_seeded	READOUT_CONFLICT	493.0	500.0	8	8
R46A_ES02_2021_11_08_NaCl170mM_GMX_JeanZay	closed_seeded	CLOSED_CONSENSUS	501.0	501.0	1	1
R46A_ES02_2021_11_08_NaCl170mM_GMX_JeanZay	closed_seeded	READOUT_CONFLICT	502.0	507.0	6	6
R46A_ES02_2021_11_08_NaCl170mM_GMX_JeanZay	closed_seeded	CLOSED_CONSENSUS	508.0	508.0	1	1
R46A_ES02_2021_11_08_NaCl170mM_GMX_JeanZay	closed_seeded	READOUT_CONFLICT	509.0	512.0	4	4
R46A_ES02_2021_11_08_NaCl170mM_GMX_JeanZay	closed_seeded	CLOSED_CONSENSUS	513.0	513.0	1	1
R46A_ES02_2021_11_08_NaCl170mM_GMX_JeanZay	closed_seeded	READOUT_CONFLICT	514.0	519.0	6	6
R46A_ES02_2021_11_08_NaCl170mM_GMX_JeanZay	closed_seeded	CLOSED_CONSENSUS	520.0	520.0	1	1
R46A_ES02_2021_11_08_NaCl170mM_GMX_JeanZay	closed_seeded	READOUT_CONFLICT	521.0	521.0	1	1
R46A_ES02_2021_11_08_NaCl170mM_GMX_JeanZay	closed_seeded	CLOSED_CONSENSUS	522.0	523.0	2	2
R46A_ES02_2021_11_08_NaCl170mM_GMX_JeanZay	closed_seeded	READOUT_CONFLICT	524.0	541.0	18	18
R46A_ES02_2021_11_08_NaCl170mM_GMX_JeanZay	closed_seeded	CLOSED_CONSENSUS	542.0	543.0	2	2
R46A_ES02_2021_11_08_NaCl170mM_GMX_JeanZay	closed_seeded	READOUT_CONFLICT	544.0	545.0	2	2
R46A_ES02_2021_11_08_NaCl170mM_GMX_JeanZay	closed_seeded	CLOSED_CONSENSUS	546.0	547.0	2	2
R46A_ES02_2021_11_08_NaCl170mM_GMX_JeanZay	closed_seeded	READOUT_CONFLICT	548.0	549.0	2	2
R46A_ES02_2021_11_08_NaCl170mM_GMX_JeanZay	closed_seeded	CLOSED_CONSENSUS	550.0	550.0	1	1
R46A_ES02_2021_11_08_NaCl170mM_GMX_JeanZay	closed_seeded	READOUT_CONFLICT	551.0	565.0	15	15
R46A_ES02_2021_11_08_NaCl170mM_GMX_JeanZay	closed_seeded	CLOSED_CONSENSUS	566.0	566.0	1	1
R46A_ES02_2021_11_08_NaCl170mM_GMX_JeanZay	closed_seeded	READOUT_CONFLICT	567.0	568.0	2	2
R46A_ES02_2021_11_08_NaCl170mM_GMX_JeanZay	closed_seeded	CLOSED_CONSENSUS	569.0	569.0	1	1
R46A_ES02_2021_11_08_NaCl170mM_GMX_JeanZay	closed_seeded	READOUT_CONFLICT	570.0	575.0	6	6
R46A_ES02_2021_11_08_NaCl170mM_GMX_JeanZay	closed_seeded	CLOSED_CONSENSUS	576.0	576.0	1	1
R46A_ES02_2021_11_08_NaCl170mM_GMX_JeanZay	closed_seeded	READOUT_CONFLICT	577.0	587.0	11	11
R46A_ES02_2021_11_08_NaCl170mM_GMX_JeanZay	closed_seeded	CLOSED_CONSENSUS	588.0	588.0	1	1
R46A_ES02_2021_11_08_NaCl170mM_GMX_JeanZay	closed_seeded	READOUT_CONFLICT	589.0	600.0	12	12
R46A_ES02_2021_11_08_NaCl170mM_GMX_JeanZay	closed_seeded	CLOSED_CONSENSUS	601.0	602.0	2	2
R46A_ES02_2021_11_08_NaCl170mM_GMX_JeanZay	closed_seeded	READOUT_CONFLICT	603.0	608.0	6	6
R46A_ES02_2021_11_08_NaCl170mM_GMX_JeanZay	closed_seeded	CLOSED_CONSENSUS	609.0	609.0	1	1
R46A_ES02_2021_11_08_NaCl170mM_GMX_JeanZay	closed_seeded	READOUT_CONFLICT	610.0	612.0	3	3
R46A_ES02_2021_11_08_NaCl170mM_GMX_JeanZay	closed_seeded	CLOSED_CONSENSUS	613.0	613.0	1	1
R46A_ES02_2021_11_08_NaCl170mM_GMX_JeanZay	closed_seeded	READOUT_CONFLICT	614.0	616.0	3	3
R46A_ES02_2021_11_08_NaCl170mM_GMX_JeanZay	closed_seeded	CLOSED_CONSENSUS	617.0	618.0	2	2
R46A_ES02_2021_11_08_NaCl170mM_GMX_JeanZay	closed_seeded	READOUT_CONFLICT	619.0	624.0	6	6
R46A_ES02_2021_11_08_NaCl170mM_GMX_JeanZay	closed_seeded	CLOSED_CONSENSUS	625.0	629.0	5	5
R46A_ES02_2021_11_08_NaCl170mM_GMX_JeanZay	closed_seeded	READOUT_CONFLICT	630.0	630.0	1	1
R46A_ES02_2021_11_08_NaCl170mM_GMX_JeanZay	closed_seeded	CLOSED_CONSENSUS	631.0	633.0	3	3
R46A_ES02_2021_11_08_NaCl170mM_GMX_JeanZay	closed_seeded	READOUT_CONFLICT	634.0	634.0	1	1
R46A_ES02_2021_11_08_NaCl170mM_GMX_JeanZay	closed_seeded	CLOSED_CONSENSUS	635.0	637.0	3	3
R46A_ES02_2021_11_08_NaCl170mM_GMX_JeanZay	closed_seeded	READOUT_CONFLICT	638.0	641.0	4	4
R46A_ES02_2021_11_08_NaCl170mM_GMX_JeanZay	closed_seeded	CLOSED_CONSENSUS	642.0	650.0	9	9
R46A_ES02_2021_11_08_NaCl170mM_GMX_JeanZay	closed_seeded	READOUT_CONFLICT	651.0	651.0	1	1
R46A_ES02_2021_11_08_NaCl170mM_GMX_JeanZay	closed_seeded	CLOSED_CONSENSUS	652.0	653.0	2	2
R46A_ES02_2021_11_08_NaCl170mM_GMX_JeanZay	closed_seeded	READOUT_CONFLICT	654.0	654.0	1	1
R46A_ES02_2021_11_08_NaCl170mM_GMX_JeanZay	closed_seeded	CLOSED_CONSENSUS	655.0	665.0	11	11
R46A_ES02_2021_11_08_NaCl170mM_GMX_JeanZay	closed_seeded	READOUT_CONFLICT	666.0	667.0	2	2
R46A_ES02_2021_11_08_NaCl170mM_GMX_JeanZay	closed_seeded	CLOSED_CONSENSUS	668.0	668.0	1	1
R46A_ES02_2021_11_08_NaCl170mM_GMX_JeanZay	closed_seeded	READOUT_CONFLICT	669.0	670.0	2	2
R46A_ES02_2021_11_08_NaCl170mM_GMX_JeanZay	closed_seeded	CLOSED_CONSENSUS	671.0	671.0	1	1
R46A_ES02_2021_11_08_NaCl170mM_GMX_JeanZay	closed_seeded	READOUT_CONFLICT	672.0	673.0	2	2
R46A_ES02_2021_11_08_NaCl170mM_GMX_JeanZay	closed_seeded	CLOSED_CONSENSUS	674.0	675.0	2	2
R46A_ES02_2021_11_08_NaCl170mM_GMX_JeanZay	closed_seeded	READOUT_CONFLICT	676.0	677.0	2	2
R46A_ES02_2021_11_08_NaCl170mM_GMX_JeanZay	closed_seeded	CLOSED_CONSENSUS	678.0	679.0	2	2
R46A_ES02_2021_11_08_NaCl170mM_GMX_JeanZay	closed_seeded	READOUT_CONFLICT	680.0	680.0	1	1
R46A_ES02_2021_11_08_NaCl170mM_GMX_JeanZay	closed_seeded	CLOSED_CONSENSUS	681.0	684.0	4	4
R46A_ES02_2021_11_08_NaCl170mM_GMX_JeanZay	closed_seeded	READOUT_CONFLICT	685.0	685.0	1	1
R46A_ES02_2021_11_08_NaCl170mM_GMX_JeanZay	closed_seeded	CLOSED_CONSENSUS	686.0	686.0	1	1
R46A_ES02_2021_11_08_NaCl170mM_GMX_JeanZay	closed_seeded	READOUT_CONFLICT	687.0	687.0	1	1
R46A_ES02_2021_11_08_NaCl170mM_GMX_JeanZay	closed_seeded	CLOSED_CONSENSUS	688.0	694.0	7	7
R46A_ES02_2021_11_08_NaCl170mM_GMX_JeanZay	closed_seeded	READOUT_CONFLICT	695.0	702.0	8	8
R46A_ES02_2021_11_08_NaCl170mM_GMX_JeanZay	closed_seeded	CLOSED_CONSENSUS	703.0	703.0	1	1
R46A_ES02_2021_11_08_NaCl170mM_GMX_JeanZay	closed_seeded	READOUT_CONFLICT	704.0	706.0	3	3
R46A_ES02_2021_11_08_NaCl170mM_GMX_JeanZay	closed_seeded	CLOSED_CONSENSUS	707.0	707.0	1	1
R46A_ES02_2021_11_08_NaCl170mM_GMX_JeanZay	closed_seeded	READOUT_CONFLICT	708.0	713.0	6	6
R46A_ES02_2021_11_08_NaCl170mM_GMX_JeanZay	closed_seeded	CLOSED_CONSENSUS	714.0	714.0	1	1
R46A_ES02_2021_11_08_NaCl170mM_GMX_JeanZay	closed_seeded	READOUT_CONFLICT	715.0	718.0	4	4
R46A_ES02_2021_11_08_NaCl170mM_GMX_JeanZay	closed_seeded	CLOSED_CONSENSUS	719.0	720.0	2	2
R46A_ES02_2021_11_08_NaCl170mM_GMX_JeanZay	closed_seeded	READOUT_CONFLICT	721.0	728.0	8	8
R46A_ES02_2021_11_08_NaCl170mM_GMX_JeanZay	closed_seeded	CLOSED_CONSENSUS	729.0	730.0	2	2
R46A_ES02_2021_11_08_NaCl170mM_GMX_JeanZay	closed_seeded	READOUT_CONFLICT	731.0	738.0	8	8
R46A_ES02_2021_11_08_NaCl170mM_GMX_JeanZay	closed_seeded	CLOSED_CONSENSUS	739.0	739.0	1	1
R46A_ES02_2021_11_08_NaCl170mM_GMX_JeanZay	closed_seeded	READOUT_CONFLICT	740.0	740.0	1	1
R46A_ES02_2021_11_08_NaCl170mM_GMX_JeanZay	closed_seeded	CLOSED_CONSENSUS	741.0	741.0	1	1
R46A_ES02_2021_11_08_NaCl170mM_GMX_JeanZay	closed_seeded	READOUT_CONFLICT	742.0	742.0	1	1
R46A_ES02_2021_11_08_NaCl170mM_GMX_JeanZay	closed_seeded	CLOSED_CONSENSUS	743.0	744.0	2	2
R46A_ES02_2021_11_08_NaCl170mM_GMX_JeanZay	closed_seeded	READOUT_CONFLICT	745.0	746.0	2	2
R46A_ES02_2021_11_08_NaCl170mM_GMX_JeanZay	closed_seeded	CLOSED_CONSENSUS	747.0	748.0	2	2
R46A_ES02_2021_11_08_NaCl170mM_GMX_JeanZay	closed_seeded	READOUT_CONFLICT	749.0	754.0	6	6
R46A_ES02_2021_11_08_NaCl170mM_GMX_JeanZay	closed_seeded	CLOSED_CONSENSUS	755.0	755.0	1	1
R46A_ES02_2021_11_08_NaCl170mM_GMX_JeanZay	closed_seeded	READOUT_CONFLICT	756.0	756.0	1	1
R46A_ES02_2021_11_08_NaCl170mM_GMX_JeanZay	closed_seeded	CLOSED_CONSENSUS	757.0	761.0	5	5
R46A_ES02_2021_11_08_NaCl170mM_GMX_JeanZay	closed_seeded	READOUT_CONFLICT	762.0	763.0	2	2
R46A_ES02_2021_11_08_NaCl170mM_GMX_JeanZay	closed_seeded	CLOSED_CONSENSUS	764.0	765.0	2	2
R46A_ES02_2021_11_08_NaCl170mM_GMX_JeanZay	closed_seeded	READOUT_CONFLICT	766.0	775.0	10	10
R46A_ES02_2021_11_08_NaCl170mM_GMX_JeanZay	closed_seeded	CLOSED_CONSENSUS	776.0	777.0	2	2
R46A_ES02_2021_11_08_NaCl170mM_GMX_JeanZay	closed_seeded	READOUT_CONFLICT	778.0	785.0	8	8
R46A_ES02_2021_11_08_NaCl170mM_GMX_JeanZay	closed_seeded	CLOSED_CONSENSUS	786.0	786.0	1	1
R46A_ES02_2021_11_08_NaCl170mM_GMX_JeanZay	closed_seeded	READOUT_CONFLICT	787.0	794.0	8	8
R46A_ES02_2021_11_08_NaCl170mM_GMX_JeanZay	closed_seeded	CLOSED_CONSENSUS	795.0	796.0	2	2
R46A_ES02_2021_11_08_NaCl170mM_GMX_JeanZay	closed_seeded	READOUT_CONFLICT	797.0	799.0	3	3
R46A_ES02_2021_11_08_NaCl170mM_GMX_JeanZay	closed_seeded	CLOSED_CONSENSUS	800.0	800.0	1	1
R46A_ES02_2021_11_08_NaCl170mM_GMX_JeanZay	closed_seeded	READOUT_CONFLICT	801.0	801.0	1	1
R46A_ES02_2021_11_08_NaCl170mM_GMX_JeanZay	closed_seeded	CLOSED_CONSENSUS	802.0	802.0	1	1
R46A_ES02_2021_11_08_NaCl170mM_GMX_JeanZay	closed_seeded	READOUT_CONFLICT	803.0	803.0	1	1
R46A_ES02_2021_11_08_NaCl170mM_GMX_JeanZay	closed_seeded	CLOSED_CONSENSUS	804.0	804.0	1	1
R46A_ES02_2021_11_08_NaCl170mM_GMX_JeanZay	closed_seeded	READOUT_CONFLICT	805.0	806.0	2	2
R46A_ES02_2021_11_08_NaCl170mM_GMX_JeanZay	closed_seeded	CLOSED_CONSENSUS	807.0	807.0	1	1
R46A_ES02_2021_11_08_NaCl170mM_GMX_JeanZay	closed_seeded	READOUT_CONFLICT	808.0	814.0	7	7
R46A_ES02_2021_11_08_NaCl170mM_GMX_JeanZay	closed_seeded	CLOSED_CONSENSUS	815.0	816.0	2	2
R46A_ES02_2021_11_08_NaCl170mM_GMX_JeanZay	closed_seeded	READOUT_CONFLICT	817.0	824.0	8	8
R46A_ES02_2021_11_08_NaCl170mM_GMX_JeanZay	closed_seeded	CLOSED_CONSENSUS	825.0	826.0	2	2
R46A_ES02_2021_11_08_NaCl170mM_GMX_JeanZay	closed_seeded	READOUT_CONFLICT	827.0	857.0	31	31
R46A_ES02_2021_11_08_NaCl170mM_GMX_JeanZay	closed_seeded	CLOSED_CONSENSUS	858.0	858.0	1	1
R46A_ES02_2021_11_08_NaCl170mM_GMX_JeanZay	closed_seeded	READOUT_CONFLICT	859.0	860.0	2	2
R46A_ES02_2021_11_08_NaCl170mM_GMX_JeanZay	closed_seeded	CLOSED_CONSENSUS	861.0	861.0	1	1
R46A_ES02_2021_11_08_NaCl170mM_GMX_JeanZay	closed_seeded	READOUT_CONFLICT	862.0	887.0	26	26
R46A_ES02_2021_11_08_NaCl170mM_GMX_JeanZay	closed_seeded	CLOSED_CONSENSUS	888.0	888.0	1	1
R46A_ES02_2021_11_08_NaCl170mM_GMX_JeanZay	closed_seeded	READOUT_CONFLICT	889.0	889.0	1	1
R46A_ES02_2021_11_08_NaCl170mM_GMX_JeanZay	closed_seeded	CLOSED_CONSENSUS	890.0	890.0	1	1
R46A_ES02_2021_11_08_NaCl170mM_GMX_JeanZay	closed_seeded	READOUT_CONFLICT	891.0	902.0	12	12
R46A_ES02_2021_11_08_NaCl170mM_GMX_JeanZay	closed_seeded	CLOSED_CONSENSUS	903.0	903.0	1	1
R46A_ES02_2021_11_08_NaCl170mM_GMX_JeanZay	closed_seeded	READOUT_CONFLICT	904.0	927.0	24	24
R46A_ES02_2021_11_08_NaCl170mM_GMX_JeanZay	closed_seeded	CLOSED_CONSENSUS	928.0	929.0	2	2
R46A_ES02_2021_11_08_NaCl170mM_GMX_JeanZay	closed_seeded	READOUT_CONFLICT	930.0	936.0	7	7
R46A_ES02_2021_11_08_NaCl170mM_GMX_JeanZay	closed_seeded	CLOSED_CONSENSUS	937.0	943.0	7	7
R46A_ES02_2021_11_08_NaCl170mM_GMX_JeanZay	closed_seeded	READOUT_CONFLICT	944.0	945.0	2	2
R46A_ES02_2021_11_08_NaCl170mM_GMX_JeanZay	closed_seeded	CLOSED_CONSENSUS	946.0	948.0	3	3
R46A_ES02_2021_11_08_NaCl170mM_GMX_JeanZay	closed_seeded	READOUT_CONFLICT	949.0	952.0	4	4
R46A_ES02_2021_11_08_NaCl170mM_GMX_JeanZay	closed_seeded	CLOSED_CONSENSUS	953.0	955.0	3	3
R46A_ES02_2021_11_08_NaCl170mM_GMX_JeanZay	closed_seeded	READOUT_CONFLICT	956.0	967.0	12	12
R46A_ES02_2021_11_08_NaCl170mM_GMX_JeanZay	closed_seeded	CLOSED_CONSENSUS	968.0	968.0	1	1
R46A_ES02_2021_11_08_NaCl170mM_GMX_JeanZay	closed_seeded	READOUT_CONFLICT	969.0	970.0	2	2
R46A_ES02_2021_11_08_NaCl170mM_GMX_JeanZay	closed_seeded	CLOSED_CONSENSUS	971.0	971.0	1	1
R46A_ES02_2021_11_08_NaCl170mM_GMX_JeanZay	closed_seeded	READOUT_CONFLICT	972.0	972.0	1	1
R46A_ES02_2021_11_08_NaCl170mM_GMX_JeanZay	closed_seeded	CLOSED_CONSENSUS	973.0	973.0	1	1
R46A_ES02_2021_11_08_NaCl170mM_GMX_JeanZay	closed_seeded	READOUT_CONFLICT	974.0	990.0	17	17
R46A_ES02_2021_11_08_NaCl170mM_GMX_JeanZay	closed_seeded	CLOSED_CONSENSUS	991.0	991.0	1	1
R46A_ES02_2021_11_08_NaCl170mM_GMX_JeanZay	closed_seeded	READOUT_CONFLICT	992.0	1000.0	9	9
R46A_ES02_2021_11_08_NaCl170mM_GMX_JeanZay	closed_seeded	CLOSED_CONSENSUS	1001.0	1001.0	1	1
R46A_ES02_2021_11_08_NaCl170mM_GMX_JeanZay	closed_seeded	READOUT_CONFLICT	1002.0	1007.0	6	6
R46A_ES02_2021_11_08_NaCl170mM_GMX_JeanZay	closed_seeded	CLOSED_CONSENSUS	1008.0	1008.0	1	1
R46A_ES02_2021_11_08_NaCl170mM_GMX_JeanZay	closed_seeded	READOUT_CONFLICT	1009.0	1015.0	7	7
R46A_ES02_2021_11_08_NaCl170mM_GMX_JeanZay	closed_seeded	CLOSED_CONSENSUS	1016.0	1016.0	1	1
R46A_ES02_2021_11_08_NaCl170mM_GMX_JeanZay	closed_seeded	READOUT_CONFLICT	1017.0	1017.0	1	1
R46A_ES02_2021_11_08_NaCl170mM_GMX_JeanZay	closed_seeded	CLOSED_CONSENSUS	1018.0	1018.0	1	1
R46A_ES02_2021_11_08_NaCl170mM_GMX_JeanZay	closed_seeded	READOUT_CONFLICT	1019.0	1019.0	1	1
R46A_ES02_2021_11_08_NaCl170mM_GMX_JeanZay	closed_seeded	CLOSED_CONSENSUS	1020.0	1020.0	1	1
R46A_ES03_2021_11_08_NaCl170mM_GMX_JeanZay	closed_seeded	READOUT_CONFLICT	20.0	36.0	17	17
R46A_ES03_2021_11_08_NaCl170mM_GMX_JeanZay	closed_seeded	OPEN_CONSENSUS	37.0	49.0	13	13
R46A_ES03_2021_11_08_NaCl170mM_GMX_JeanZay	closed_seeded	READOUT_CONFLICT	50.0	52.0	3	3
R46A_ES03_2021_11_08_NaCl170mM_GMX_JeanZay	closed_seeded	OPEN_CONSENSUS	53.0	53.0	1	1
R46A_ES03_2021_11_08_NaCl170mM_GMX_JeanZay	closed_seeded	READOUT_CONFLICT	54.0	62.0	9	9
R46A_ES03_2021_11_08_NaCl170mM_GMX_JeanZay	closed_seeded	OPEN_CONSENSUS	63.0	65.0	3	3
R46A_ES03_2021_11_08_NaCl170mM_GMX_JeanZay	closed_seeded	READOUT_CONFLICT	66.0	75.0	10	10
R46A_ES03_2021_11_08_NaCl170mM_GMX_JeanZay	closed_seeded	OPEN_CONSENSUS	76.0	76.0	1	1
R46A_ES03_2021_11_08_NaCl170mM_GMX_JeanZay	closed_seeded	READOUT_CONFLICT	77.0	78.0	2	2
R46A_ES03_2021_11_08_NaCl170mM_GMX_JeanZay	closed_seeded	OPEN_CONSENSUS	79.0	80.0	2	2
R46A_ES03_2021_11_08_NaCl170mM_GMX_JeanZay	closed_seeded	READOUT_CONFLICT	81.0	81.0	1	1
R46A_ES03_2021_11_08_NaCl170mM_GMX_JeanZay	closed_seeded	OPEN_CONSENSUS	82.0	1020.0	939	939
R46A_ES04_2021_11_08_NaCl170mM_GMX_JeanZay	closed_seeded	READOUT_CONFLICT	20.0	30.0	11	11
R46A_ES04_2021_11_08_NaCl170mM_GMX_JeanZay	closed_seeded	CLOSED_CONSENSUS	31.0	34.0	4	4
R46A_ES04_2021_11_08_NaCl170mM_GMX_JeanZay	closed_seeded	READOUT_CONFLICT	35.0	36.0	2	2
R46A_ES04_2021_11_08_NaCl170mM_GMX_JeanZay	closed_seeded	CLOSED_CONSENSUS	37.0	37.0	1	1
R46A_ES04_2021_11_08_NaCl170mM_GMX_JeanZay	closed_seeded	READOUT_CONFLICT	38.0	43.0	6	6
R46A_ES04_2021_11_08_NaCl170mM_GMX_JeanZay	closed_seeded	CLOSED_CONSENSUS	44.0	44.0	1	1
R46A_ES04_2021_11_08_NaCl170mM_GMX_JeanZay	closed_seeded	READOUT_CONFLICT	45.0	52.0	8	8
R46A_ES04_2021_11_08_NaCl170mM_GMX_JeanZay	closed_seeded	OPEN_CONSENSUS	53.0	1020.0	968	968
R46A_ES05_2021_11_08_NaCl170mM_GMX_JeanZay	closed_seeded	READOUT_CONFLICT	20.0	108.0	89	89
R46A_ES05_2021_11_08_NaCl170mM_GMX_JeanZay	closed_seeded	OPEN_CONSENSUS	109.0	112.0	4	4
R46A_ES05_2021_11_08_NaCl170mM_GMX_JeanZay	closed_seeded	READOUT_CONFLICT	113.0	113.0	1	1
R46A_ES05_2021_11_08_NaCl170mM_GMX_JeanZay	closed_seeded	OPEN_CONSENSUS	114.0	118.0	5	5
R46A_ES05_2021_11_08_NaCl170mM_GMX_JeanZay	closed_seeded	READOUT_CONFLICT	119.0	122.0	4	4
R46A_ES05_2021_11_08_NaCl170mM_GMX_JeanZay	closed_seeded	OPEN_CONSENSUS	123.0	123.0	1	1
R46A_ES05_2021_11_08_NaCl170mM_GMX_JeanZay	closed_seeded	READOUT_CONFLICT	124.0	128.0	5	5
R46A_ES05_2021_11_08_NaCl170mM_GMX_JeanZay	closed_seeded	OPEN_CONSENSUS	129.0	129.0	1	1
R46A_ES05_2021_11_08_NaCl170mM_GMX_JeanZay	closed_seeded	READOUT_CONFLICT	130.0	145.0	16	16
R46A_ES05_2021_11_08_NaCl170mM_GMX_JeanZay	closed_seeded	OPEN_CONSENSUS	146.0	146.0	1	1
R46A_ES05_2021_11_08_NaCl170mM_GMX_JeanZay	closed_seeded	READOUT_CONFLICT	147.0	163.0	17	17
R46A_ES05_2021_11_08_NaCl170mM_GMX_JeanZay	closed_seeded	OPEN_CONSENSUS	164.0	164.0	1	1
R46A_ES05_2021_11_08_NaCl170mM_GMX_JeanZay	closed_seeded	READOUT_CONFLICT	165.0	172.0	8	8
R46A_ES05_2021_11_08_NaCl170mM_GMX_JeanZay	closed_seeded	OPEN_CONSENSUS	173.0	173.0	1	1
R46A_ES05_2021_11_08_NaCl170mM_GMX_JeanZay	closed_seeded	READOUT_CONFLICT	174.0	186.0	13	13
R46A_ES05_2021_11_08_NaCl170mM_GMX_JeanZay	closed_seeded	OPEN_CONSENSUS	187.0	187.0	1	1
R46A_ES05_2021_11_08_NaCl170mM_GMX_JeanZay	closed_seeded	READOUT_CONFLICT	188.0	348.0	161	161
R46A_ES05_2021_11_08_NaCl170mM_GMX_JeanZay	closed_seeded	OPEN_CONSENSUS	349.0	350.0	2	2
R46A_ES05_2021_11_08_NaCl170mM_GMX_JeanZay	closed_seeded	READOUT_CONFLICT	351.0	364.0	14	14
R46A_ES05_2021_11_08_NaCl170mM_GMX_JeanZay	closed_seeded	OPEN_CONSENSUS	365.0	366.0	2	2
R46A_ES05_2021_11_08_NaCl170mM_GMX_JeanZay	closed_seeded	READOUT_CONFLICT	367.0	368.0	2	2
R46A_ES05_2021_11_08_NaCl170mM_GMX_JeanZay	closed_seeded	OPEN_CONSENSUS	369.0	369.0	1	1
R46A_ES05_2021_11_08_NaCl170mM_GMX_JeanZay	closed_seeded	READOUT_CONFLICT	370.0	391.0	22	22
R46A_ES05_2021_11_08_NaCl170mM_GMX_JeanZay	closed_seeded	OPEN_CONSENSUS	392.0	392.0	1	1
R46A_ES05_2021_11_08_NaCl170mM_GMX_JeanZay	closed_seeded	READOUT_CONFLICT	393.0	393.0	1	1
R46A_ES05_2021_11_08_NaCl170mM_GMX_JeanZay	closed_seeded	OPEN_CONSENSUS	394.0	400.0	7	7
R46A_ES05_2021_11_08_NaCl170mM_GMX_JeanZay	closed_seeded	READOUT_CONFLICT	401.0	401.0	1	1
R46A_ES05_2021_11_08_NaCl170mM_GMX_JeanZay	closed_seeded	OPEN_CONSENSUS	402.0	405.0	4	4
R46A_ES05_2021_11_08_NaCl170mM_GMX_JeanZay	closed_seeded	READOUT_CONFLICT	406.0	406.0	1	1
R46A_ES05_2021_11_08_NaCl170mM_GMX_JeanZay	closed_seeded	OPEN_CONSENSUS	407.0	412.0	6	6
R46A_ES05_2021_11_08_NaCl170mM_GMX_JeanZay	closed_seeded	READOUT_CONFLICT	413.0	413.0	1	1
R46A_ES05_2021_11_08_NaCl170mM_GMX_JeanZay	closed_seeded	OPEN_CONSENSUS	414.0	424.0	11	11
R46A_ES05_2021_11_08_NaCl170mM_GMX_JeanZay	closed_seeded	READOUT_CONFLICT	425.0	425.0	1	1
R46A_ES05_2021_11_08_NaCl170mM_GMX_JeanZay	closed_seeded	OPEN_CONSENSUS	426.0	426.0	1	1
R46A_ES05_2021_11_08_NaCl170mM_GMX_JeanZay	closed_seeded	READOUT_CONFLICT	427.0	427.0	1	1
R46A_ES05_2021_11_08_NaCl170mM_GMX_JeanZay	closed_seeded	OPEN_CONSENSUS	428.0	428.0	1	1
R46A_ES05_2021_11_08_NaCl170mM_GMX_JeanZay	closed_seeded	READOUT_CONFLICT	429.0	431.0	3	3
R46A_ES05_2021_11_08_NaCl170mM_GMX_JeanZay	closed_seeded	OPEN_CONSENSUS	432.0	432.0	1	1
R46A_ES05_2021_11_08_NaCl170mM_GMX_JeanZay	closed_seeded	READOUT_CONFLICT	433.0	433.0	1	1
R46A_ES05_2021_11_08_NaCl170mM_GMX_JeanZay	closed_seeded	OPEN_CONSENSUS	434.0	434.0	1	1
R46A_ES05_2021_11_08_NaCl170mM_GMX_JeanZay	closed_seeded	READOUT_CONFLICT	435.0	435.0	1	1
R46A_ES05_2021_11_08_NaCl170mM_GMX_JeanZay	closed_seeded	OPEN_CONSENSUS	436.0	437.0	2	2
R46A_ES05_2021_11_08_NaCl170mM_GMX_JeanZay	closed_seeded	READOUT_CONFLICT	438.0	439.0	2	2
R46A_ES05_2021_11_08_NaCl170mM_GMX_JeanZay	closed_seeded	OPEN_CONSENSUS	440.0	440.0	1	1
R46A_ES05_2021_11_08_NaCl170mM_GMX_JeanZay	closed_seeded	READOUT_CONFLICT	441.0	443.0	3	3
R46A_ES05_2021_11_08_NaCl170mM_GMX_JeanZay	closed_seeded	OPEN_CONSENSUS	444.0	447.0	4	4
R46A_ES05_2021_11_08_NaCl170mM_GMX_JeanZay	closed_seeded	READOUT_CONFLICT	448.0	449.0	2	2
R46A_ES05_2021_11_08_NaCl170mM_GMX_JeanZay	closed_seeded	OPEN_CONSENSUS	450.0	455.0	6	6
R46A_ES05_2021_11_08_NaCl170mM_GMX_JeanZay	closed_seeded	READOUT_CONFLICT	456.0	456.0	1	1
R46A_ES05_2021_11_08_NaCl170mM_GMX_JeanZay	closed_seeded	OPEN_CONSENSUS	457.0	461.0	5	5
R46A_ES05_2021_11_08_NaCl170mM_GMX_JeanZay	closed_seeded	READOUT_CONFLICT	462.0	464.0	3	3
R46A_ES05_2021_11_08_NaCl170mM_GMX_JeanZay	closed_seeded	OPEN_CONSENSUS	465.0	466.0	2	2
R46A_ES05_2021_11_08_NaCl170mM_GMX_JeanZay	closed_seeded	READOUT_CONFLICT	467.0	467.0	1	1
R46A_ES05_2021_11_08_NaCl170mM_GMX_JeanZay	closed_seeded	OPEN_CONSENSUS	468.0	468.0	1	1
R46A_ES05_2021_11_08_NaCl170mM_GMX_JeanZay	closed_seeded	READOUT_CONFLICT	469.0	469.0	1	1
R46A_ES05_2021_11_08_NaCl170mM_GMX_JeanZay	closed_seeded	OPEN_CONSENSUS	470.0	487.0	18	18
R46A_ES05_2021_11_08_NaCl170mM_GMX_JeanZay	closed_seeded	READOUT_CONFLICT	488.0	489.0	2	2
R46A_ES05_2021_11_08_NaCl170mM_GMX_JeanZay	closed_seeded	OPEN_CONSENSUS	490.0	491.0	2	2
R46A_ES05_2021_11_08_NaCl170mM_GMX_JeanZay	closed_seeded	READOUT_CONFLICT	492.0	492.0	1	1
R46A_ES05_2021_11_08_NaCl170mM_GMX_JeanZay	closed_seeded	OPEN_CONSENSUS	493.0	495.0	3	3
R46A_ES05_2021_11_08_NaCl170mM_GMX_JeanZay	closed_seeded	READOUT_CONFLICT	496.0	496.0	1	1
R46A_ES05_2021_11_08_NaCl170mM_GMX_JeanZay	closed_seeded	OPEN_CONSENSUS	497.0	503.0	7	7
R46A_ES05_2021_11_08_NaCl170mM_GMX_JeanZay	closed_seeded	READOUT_CONFLICT	504.0	504.0	1	1
R46A_ES05_2021_11_08_NaCl170mM_GMX_JeanZay	closed_seeded	OPEN_CONSENSUS	505.0	505.0	1	1
R46A_ES05_2021_11_08_NaCl170mM_GMX_JeanZay	closed_seeded	READOUT_CONFLICT	506.0	506.0	1	1
R46A_ES05_2021_11_08_NaCl170mM_GMX_JeanZay	closed_seeded	OPEN_CONSENSUS	507.0	508.0	2	2
R46A_ES05_2021_11_08_NaCl170mM_GMX_JeanZay	closed_seeded	READOUT_CONFLICT	509.0	510.0	2	2
R46A_ES05_2021_11_08_NaCl170mM_GMX_JeanZay	closed_seeded	OPEN_CONSENSUS	511.0	512.0	2	2
R46A_ES05_2021_11_08_NaCl170mM_GMX_JeanZay	closed_seeded	READOUT_CONFLICT	513.0	513.0	1	1
R46A_ES05_2021_11_08_NaCl170mM_GMX_JeanZay	closed_seeded	OPEN_CONSENSUS	514.0	514.0	1	1
R46A_ES05_2021_11_08_NaCl170mM_GMX_JeanZay	closed_seeded	READOUT_CONFLICT	515.0	528.0	14	14
R46A_ES05_2021_11_08_NaCl170mM_GMX_JeanZay	closed_seeded	OPEN_CONSENSUS	529.0	534.0	6	6
R46A_ES05_2021_11_08_NaCl170mM_GMX_JeanZay	closed_seeded	READOUT_CONFLICT	535.0	536.0	2	2
R46A_ES05_2021_11_08_NaCl170mM_GMX_JeanZay	closed_seeded	OPEN_CONSENSUS	537.0	1020.0	484	484
R46A_ES06_2021_11_08_NaCl170mM_GMX_JeanZay	closed_seeded	CLOSED_CONSENSUS	20.0	28.0	9	9
R46A_ES06_2021_11_08_NaCl170mM_GMX_JeanZay	closed_seeded	READOUT_CONFLICT	29.0	29.0	1	1
R46A_ES06_2021_11_08_NaCl170mM_GMX_JeanZay	closed_seeded	CLOSED_CONSENSUS	30.0	31.0	2	2
R46A_ES06_2021_11_08_NaCl170mM_GMX_JeanZay	closed_seeded	READOUT_CONFLICT	32.0	32.0	1	1
R46A_ES06_2021_11_08_NaCl170mM_GMX_JeanZay	closed_seeded	CLOSED_CONSENSUS	33.0	33.0	1	1
R46A_ES06_2021_11_08_NaCl170mM_GMX_JeanZay	closed_seeded	READOUT_CONFLICT	34.0	34.0	1	1
R46A_ES06_2021_11_08_NaCl170mM_GMX_JeanZay	closed_seeded	CLOSED_CONSENSUS	35.0	35.0	1	1
R46A_ES06_2021_11_08_NaCl170mM_GMX_JeanZay	closed_seeded	READOUT_CONFLICT	36.0	39.0	4	4
R46A_ES06_2021_11_08_NaCl170mM_GMX_JeanZay	closed_seeded	CLOSED_CONSENSUS	40.0	40.0	1	1
R46A_ES06_2021_11_08_NaCl170mM_GMX_JeanZay	closed_seeded	READOUT_CONFLICT	41.0	42.0	2	2
R46A_ES06_2021_11_08_NaCl170mM_GMX_JeanZay	closed_seeded	CLOSED_CONSENSUS	43.0	43.0	1	1
R46A_ES06_2021_11_08_NaCl170mM_GMX_JeanZay	closed_seeded	READOUT_CONFLICT	44.0	54.0	11	11
R46A_ES06_2021_11_08_NaCl170mM_GMX_JeanZay	closed_seeded	OPEN_CONSENSUS	55.0	55.0	1	1
R46A_ES06_2021_11_08_NaCl170mM_GMX_JeanZay	closed_seeded	READOUT_CONFLICT	56.0	72.0	17	17
R46A_ES06_2021_11_08_NaCl170mM_GMX_JeanZay	closed_seeded	OPEN_CONSENSUS	73.0	73.0	1	1
R46A_ES06_2021_11_08_NaCl170mM_GMX_JeanZay	closed_seeded	READOUT_CONFLICT	74.0	75.0	2	2
R46A_ES06_2021_11_08_NaCl170mM_GMX_JeanZay	closed_seeded	OPEN_CONSENSUS	76.0	76.0	1	1
R46A_ES06_2021_11_08_NaCl170mM_GMX_JeanZay	closed_seeded	READOUT_CONFLICT	77.0	77.0	1	1
R46A_ES06_2021_11_08_NaCl170mM_GMX_JeanZay	closed_seeded	OPEN_CONSENSUS	78.0	78.0	1	1
R46A_ES06_2021_11_08_NaCl170mM_GMX_JeanZay	closed_seeded	READOUT_CONFLICT	79.0	82.0	4	4
R46A_ES06_2021_11_08_NaCl170mM_GMX_JeanZay	closed_seeded	OPEN_CONSENSUS	83.0	83.0	1	1
R46A_ES06_2021_11_08_NaCl170mM_GMX_JeanZay	closed_seeded	READOUT_CONFLICT	84.0	87.0	4	4
R46A_ES06_2021_11_08_NaCl170mM_GMX_JeanZay	closed_seeded	OPEN_CONSENSUS	88.0	88.0	1	1
R46A_ES06_2021_11_08_NaCl170mM_GMX_JeanZay	closed_seeded	READOUT_CONFLICT	89.0	99.0	11	11
R46A_ES06_2021_11_08_NaCl170mM_GMX_JeanZay	closed_seeded	OPEN_CONSENSUS	100.0	100.0	1	1
R46A_ES06_2021_11_08_NaCl170mM_GMX_JeanZay	closed_seeded	READOUT_CONFLICT	101.0	140.0	40	40
R46A_ES06_2021_11_08_NaCl170mM_GMX_JeanZay	closed_seeded	OPEN_CONSENSUS	141.0	141.0	1	1
R46A_ES06_2021_11_08_NaCl170mM_GMX_JeanZay	closed_seeded	READOUT_CONFLICT	142.0	145.0	4	4
R46A_ES06_2021_11_08_NaCl170mM_GMX_JeanZay	closed_seeded	OPEN_CONSENSUS	146.0	146.0	1	1
R46A_ES06_2021_11_08_NaCl170mM_GMX_JeanZay	closed_seeded	READOUT_CONFLICT	147.0	153.0	7	7
R46A_ES06_2021_11_08_NaCl170mM_GMX_JeanZay	closed_seeded	OPEN_CONSENSUS	154.0	154.0	1	1
R46A_ES06_2021_11_08_NaCl170mM_GMX_JeanZay	closed_seeded	READOUT_CONFLICT	155.0	155.0	1	1
R46A_ES06_2021_11_08_NaCl170mM_GMX_JeanZay	closed_seeded	OPEN_CONSENSUS	156.0	156.0	1	1
R46A_ES06_2021_11_08_NaCl170mM_GMX_JeanZay	closed_seeded	READOUT_CONFLICT	157.0	157.0	1	1
R46A_ES06_2021_11_08_NaCl170mM_GMX_JeanZay	closed_seeded	OPEN_CONSENSUS	158.0	161.0	4	4
R46A_ES06_2021_11_08_NaCl170mM_GMX_JeanZay	closed_seeded	READOUT_CONFLICT	162.0	163.0	2	2
R46A_ES06_2021_11_08_NaCl170mM_GMX_JeanZay	closed_seeded	OPEN_CONSENSUS	164.0	166.0	3	3
R46A_ES06_2021_11_08_NaCl170mM_GMX_JeanZay	closed_seeded	READOUT_CONFLICT	167.0	167.0	1	1
R46A_ES06_2021_11_08_NaCl170mM_GMX_JeanZay	closed_seeded	OPEN_CONSENSUS	168.0	168.0	1	1
R46A_ES06_2021_11_08_NaCl170mM_GMX_JeanZay	closed_seeded	READOUT_CONFLICT	169.0	178.0	10	10
R46A_ES06_2021_11_08_NaCl170mM_GMX_JeanZay	closed_seeded	OPEN_CONSENSUS	179.0	183.0	5	5
R46A_ES06_2021_11_08_NaCl170mM_GMX_JeanZay	closed_seeded	READOUT_CONFLICT	184.0	184.0	1	1
R46A_ES06_2021_11_08_NaCl170mM_GMX_JeanZay	closed_seeded	OPEN_CONSENSUS	185.0	185.0	1	1
R46A_ES06_2021_11_08_NaCl170mM_GMX_JeanZay	closed_seeded	READOUT_CONFLICT	186.0	186.0	1	1
R46A_ES06_2021_11_08_NaCl170mM_GMX_JeanZay	closed_seeded	OPEN_CONSENSUS	187.0	187.0	1	1
R46A_ES06_2021_11_08_NaCl170mM_GMX_JeanZay	closed_seeded	READOUT_CONFLICT	188.0	212.0	25	25
R46A_ES06_2021_11_08_NaCl170mM_GMX_JeanZay	closed_seeded	OPEN_CONSENSUS	213.0	214.0	2	2
R46A_ES06_2021_11_08_NaCl170mM_GMX_JeanZay	closed_seeded	READOUT_CONFLICT	215.0	223.0	9	9
R46A_ES06_2021_11_08_NaCl170mM_GMX_JeanZay	closed_seeded	OPEN_CONSENSUS	224.0	224.0	1	1
R46A_ES06_2021_11_08_NaCl170mM_GMX_JeanZay	closed_seeded	READOUT_CONFLICT	225.0	246.0	22	22
R46A_ES06_2021_11_08_NaCl170mM_GMX_JeanZay	closed_seeded	OPEN_CONSENSUS	247.0	247.0	1	1
R46A_ES06_2021_11_08_NaCl170mM_GMX_JeanZay	closed_seeded	READOUT_CONFLICT	248.0	276.0	29	29
R46A_ES06_2021_11_08_NaCl170mM_GMX_JeanZay	closed_seeded	OPEN_CONSENSUS	277.0	277.0	1	1
R46A_ES06_2021_11_08_NaCl170mM_GMX_JeanZay	closed_seeded	READOUT_CONFLICT	278.0	281.0	4	4
R46A_ES06_2021_11_08_NaCl170mM_GMX_JeanZay	closed_seeded	OPEN_CONSENSUS	282.0	282.0	1	1
R46A_ES06_2021_11_08_NaCl170mM_GMX_JeanZay	closed_seeded	READOUT_CONFLICT	283.0	293.0	11	11
R46A_ES06_2021_11_08_NaCl170mM_GMX_JeanZay	closed_seeded	OPEN_CONSENSUS	294.0	294.0	1	1
R46A_ES06_2021_11_08_NaCl170mM_GMX_JeanZay	closed_seeded	READOUT_CONFLICT	295.0	299.0	5	5
R46A_ES06_2021_11_08_NaCl170mM_GMX_JeanZay	closed_seeded	OPEN_CONSENSUS	300.0	300.0	1	1
R46A_ES06_2021_11_08_NaCl170mM_GMX_JeanZay	closed_seeded	READOUT_CONFLICT	301.0	303.0	3	3
R46A_ES06_2021_11_08_NaCl170mM_GMX_JeanZay	closed_seeded	OPEN_CONSENSUS	304.0	304.0	1	1
R46A_ES06_2021_11_08_NaCl170mM_GMX_JeanZay	closed_seeded	READOUT_CONFLICT	305.0	306.0	2	2
R46A_ES06_2021_11_08_NaCl170mM_GMX_JeanZay	closed_seeded	OPEN_CONSENSUS	307.0	307.0	1	1
R46A_ES06_2021_11_08_NaCl170mM_GMX_JeanZay	closed_seeded	READOUT_CONFLICT	308.0	309.0	2	2
R46A_ES06_2021_11_08_NaCl170mM_GMX_JeanZay	closed_seeded	OPEN_CONSENSUS	310.0	310.0	1	1
R46A_ES06_2021_11_08_NaCl170mM_GMX_JeanZay	closed_seeded	READOUT_CONFLICT	311.0	319.0	9	9
R46A_ES06_2021_11_08_NaCl170mM_GMX_JeanZay	closed_seeded	OPEN_CONSENSUS	320.0	321.0	2	2
R46A_ES06_2021_11_08_NaCl170mM_GMX_JeanZay	closed_seeded	READOUT_CONFLICT	322.0	322.0	1	1
R46A_ES06_2021_11_08_NaCl170mM_GMX_JeanZay	closed_seeded	OPEN_CONSENSUS	323.0	323.0	1	1
R46A_ES06_2021_11_08_NaCl170mM_GMX_JeanZay	closed_seeded	READOUT_CONFLICT	324.0	324.0	1	1
R46A_ES06_2021_11_08_NaCl170mM_GMX_JeanZay	closed_seeded	OPEN_CONSENSUS	325.0	326.0	2	2
R46A_ES06_2021_11_08_NaCl170mM_GMX_JeanZay	closed_seeded	READOUT_CONFLICT	327.0	331.0	5	5
R46A_ES06_2021_11_08_NaCl170mM_GMX_JeanZay	closed_seeded	OPEN_CONSENSUS	332.0	332.0	1	1
R46A_ES06_2021_11_08_NaCl170mM_GMX_JeanZay	closed_seeded	READOUT_CONFLICT	333.0	344.0	12	12
R46A_ES06_2021_11_08_NaCl170mM_GMX_JeanZay	closed_seeded	OPEN_CONSENSUS	345.0	345.0	1	1
R46A_ES06_2021_11_08_NaCl170mM_GMX_JeanZay	closed_seeded	READOUT_CONFLICT	346.0	369.0	24	24
R46A_ES06_2021_11_08_NaCl170mM_GMX_JeanZay	closed_seeded	OPEN_CONSENSUS	370.0	370.0	1	1
R46A_ES06_2021_11_08_NaCl170mM_GMX_JeanZay	closed_seeded	READOUT_CONFLICT	371.0	384.0	14	14
R46A_ES06_2021_11_08_NaCl170mM_GMX_JeanZay	closed_seeded	OPEN_CONSENSUS	385.0	385.0	1	1
R46A_ES06_2021_11_08_NaCl170mM_GMX_JeanZay	closed_seeded	READOUT_CONFLICT	386.0	405.0	20	20
R46A_ES06_2021_11_08_NaCl170mM_GMX_JeanZay	closed_seeded	OPEN_CONSENSUS	406.0	415.0	10	10
R46A_ES06_2021_11_08_NaCl170mM_GMX_JeanZay	closed_seeded	READOUT_CONFLICT	416.0	418.0	3	3
R46A_ES06_2021_11_08_NaCl170mM_GMX_JeanZay	closed_seeded	OPEN_CONSENSUS	419.0	420.0	2	2
R46A_ES06_2021_11_08_NaCl170mM_GMX_JeanZay	closed_seeded	READOUT_CONFLICT	421.0	421.0	1	1
R46A_ES06_2021_11_08_NaCl170mM_GMX_JeanZay	closed_seeded	OPEN_CONSENSUS	422.0	424.0	3	3
R46A_ES06_2021_11_08_NaCl170mM_GMX_JeanZay	closed_seeded	READOUT_CONFLICT	425.0	426.0	2	2
R46A_ES06_2021_11_08_NaCl170mM_GMX_JeanZay	closed_seeded	OPEN_CONSENSUS	427.0	427.0	1	1
R46A_ES06_2021_11_08_NaCl170mM_GMX_JeanZay	closed_seeded	READOUT_CONFLICT	428.0	433.0	6	6
R46A_ES06_2021_11_08_NaCl170mM_GMX_JeanZay	closed_seeded	OPEN_CONSENSUS	434.0	434.0	1	1
R46A_ES06_2021_11_08_NaCl170mM_GMX_JeanZay	closed_seeded	READOUT_CONFLICT	435.0	440.0	6	6
R46A_ES06_2021_11_08_NaCl170mM_GMX_JeanZay	closed_seeded	OPEN_CONSENSUS	441.0	442.0	2	2
R46A_ES06_2021_11_08_NaCl170mM_GMX_JeanZay	closed_seeded	READOUT_CONFLICT	443.0	464.0	22	22
R46A_ES06_2021_11_08_NaCl170mM_GMX_JeanZay	closed_seeded	OPEN_CONSENSUS	465.0	465.0	1	1
R46A_ES06_2021_11_08_NaCl170mM_GMX_JeanZay	closed_seeded	READOUT_CONFLICT	466.0	468.0	3	3
R46A_ES06_2021_11_08_NaCl170mM_GMX_JeanZay	closed_seeded	OPEN_CONSENSUS	469.0	469.0	1	1
R46A_ES06_2021_11_08_NaCl170mM_GMX_JeanZay	closed_seeded	READOUT_CONFLICT	470.0	473.0	4	4
R46A_ES06_2021_11_08_NaCl170mM_GMX_JeanZay	closed_seeded	OPEN_CONSENSUS	474.0	474.0	1	1
R46A_ES06_2021_11_08_NaCl170mM_GMX_JeanZay	closed_seeded	READOUT_CONFLICT	475.0	476.0	2	2
R46A_ES06_2021_11_08_NaCl170mM_GMX_JeanZay	closed_seeded	OPEN_CONSENSUS	477.0	477.0	1	1
R46A_ES06_2021_11_08_NaCl170mM_GMX_JeanZay	closed_seeded	READOUT_CONFLICT	478.0	486.0	9	9
R46A_ES06_2021_11_08_NaCl170mM_GMX_JeanZay	closed_seeded	OPEN_CONSENSUS	487.0	487.0	1	1
R46A_ES06_2021_11_08_NaCl170mM_GMX_JeanZay	closed_seeded	READOUT_CONFLICT	488.0	497.0	10	10
R46A_ES06_2021_11_08_NaCl170mM_GMX_JeanZay	closed_seeded	OPEN_CONSENSUS	498.0	498.0	1	1
R46A_ES06_2021_11_08_NaCl170mM_GMX_JeanZay	closed_seeded	READOUT_CONFLICT	499.0	500.0	2	2
R46A_ES06_2021_11_08_NaCl170mM_GMX_JeanZay	closed_seeded	OPEN_CONSENSUS	501.0	501.0	1	1
R46A_ES06_2021_11_08_NaCl170mM_GMX_JeanZay	closed_seeded	READOUT_CONFLICT	502.0	502.0	1	1
R46A_ES06_2021_11_08_NaCl170mM_GMX_JeanZay	closed_seeded	OPEN_CONSENSUS	503.0	504.0	2	2
R46A_ES06_2021_11_08_NaCl170mM_GMX_JeanZay	closed_seeded	READOUT_CONFLICT	505.0	506.0	2	2
R46A_ES06_2021_11_08_NaCl170mM_GMX_JeanZay	closed_seeded	OPEN_CONSENSUS	507.0	507.0	1	1
R46A_ES06_2021_11_08_NaCl170mM_GMX_JeanZay	closed_seeded	READOUT_CONFLICT	508.0	508.0	1	1
R46A_ES06_2021_11_08_NaCl170mM_GMX_JeanZay	closed_seeded	OPEN_CONSENSUS	509.0	510.0	2	2
R46A_ES06_2021_11_08_NaCl170mM_GMX_JeanZay	closed_seeded	READOUT_CONFLICT	511.0	511.0	1	1
R46A_ES06_2021_11_08_NaCl170mM_GMX_JeanZay	closed_seeded	OPEN_CONSENSUS	512.0	513.0	2	2
R46A_ES06_2021_11_08_NaCl170mM_GMX_JeanZay	closed_seeded	READOUT_CONFLICT	514.0	516.0	3	3
R46A_ES06_2021_11_08_NaCl170mM_GMX_JeanZay	closed_seeded	OPEN_CONSENSUS	517.0	517.0	1	1
R46A_ES06_2021_11_08_NaCl170mM_GMX_JeanZay	closed_seeded	READOUT_CONFLICT	518.0	519.0	2	2
R46A_ES06_2021_11_08_NaCl170mM_GMX_JeanZay	closed_seeded	OPEN_CONSENSUS	520.0	521.0	2	2
R46A_ES06_2021_11_08_NaCl170mM_GMX_JeanZay	closed_seeded	READOUT_CONFLICT	522.0	523.0	2	2
R46A_ES06_2021_11_08_NaCl170mM_GMX_JeanZay	closed_seeded	OPEN_CONSENSUS	524.0	524.0	1	1
R46A_ES06_2021_11_08_NaCl170mM_GMX_JeanZay	closed_seeded	READOUT_CONFLICT	525.0	530.0	6	6
R46A_ES06_2021_11_08_NaCl170mM_GMX_JeanZay	closed_seeded	OPEN_CONSENSUS	531.0	531.0	1	1
R46A_ES06_2021_11_08_NaCl170mM_GMX_JeanZay	closed_seeded	READOUT_CONFLICT	532.0	535.0	4	4
R46A_ES06_2021_11_08_NaCl170mM_GMX_JeanZay	closed_seeded	OPEN_CONSENSUS	536.0	537.0	2	2
R46A_ES06_2021_11_08_NaCl170mM_GMX_JeanZay	closed_seeded	READOUT_CONFLICT	538.0	539.0	2	2
R46A_ES06_2021_11_08_NaCl170mM_GMX_JeanZay	closed_seeded	OPEN_CONSENSUS	540.0	541.0	2	2
R46A_ES06_2021_11_08_NaCl170mM_GMX_JeanZay	closed_seeded	READOUT_CONFLICT	542.0	544.0	3	3
R46A_ES06_2021_11_08_NaCl170mM_GMX_JeanZay	closed_seeded	OPEN_CONSENSUS	545.0	547.0	3	3
R46A_ES06_2021_11_08_NaCl170mM_GMX_JeanZay	closed_seeded	READOUT_CONFLICT	548.0	548.0	1	1
R46A_ES06_2021_11_08_NaCl170mM_GMX_JeanZay	closed_seeded	OPEN_CONSENSUS	549.0	550.0	2	2
R46A_ES06_2021_11_08_NaCl170mM_GMX_JeanZay	closed_seeded	READOUT_CONFLICT	551.0	578.0	28	28
R46A_ES06_2021_11_08_NaCl170mM_GMX_JeanZay	closed_seeded	OPEN_CONSENSUS	579.0	580.0	2	2
R46A_ES06_2021_11_08_NaCl170mM_GMX_JeanZay	closed_seeded	READOUT_CONFLICT	581.0	605.0	25	25
R46A_ES06_2021_11_08_NaCl170mM_GMX_JeanZay	closed_seeded	CLOSED_CONSENSUS	606.0	608.0	3	3
R46A_ES06_2021_11_08_NaCl170mM_GMX_JeanZay	closed_seeded	READOUT_CONFLICT	609.0	624.0	16	16
R46A_ES06_2021_11_08_NaCl170mM_GMX_JeanZay	closed_seeded	CLOSED_CONSENSUS	625.0	625.0	1	1
R46A_ES06_2021_11_08_NaCl170mM_GMX_JeanZay	closed_seeded	READOUT_CONFLICT	626.0	701.0	76	76
R46A_ES06_2021_11_08_NaCl170mM_GMX_JeanZay	closed_seeded	CLOSED_CONSENSUS	702.0	702.0	1	1
R46A_ES06_2021_11_08_NaCl170mM_GMX_JeanZay	closed_seeded	READOUT_CONFLICT	703.0	716.0	14	14
R46A_ES06_2021_11_08_NaCl170mM_GMX_JeanZay	closed_seeded	CLOSED_CONSENSUS	717.0	717.0	1	1
R46A_ES06_2021_11_08_NaCl170mM_GMX_JeanZay	closed_seeded	READOUT_CONFLICT	718.0	1020.0	303	303
R46A_ES07_2021_11_08_NaCl170mM_GMX_JeanZay	closed_seeded	READOUT_CONFLICT	20.0	28.0	9	9
R46A_ES07_2021_11_08_NaCl170mM_GMX_JeanZay	closed_seeded	CLOSED_CONSENSUS	29.0	29.0	1	1
R46A_ES07_2021_11_08_NaCl170mM_GMX_JeanZay	closed_seeded	READOUT_CONFLICT	30.0	30.0	1	1
R46A_ES07_2021_11_08_NaCl170mM_GMX_JeanZay	closed_seeded	CLOSED_CONSENSUS	31.0	31.0	1	1
R46A_ES07_2021_11_08_NaCl170mM_GMX_JeanZay	closed_seeded	READOUT_CONFLICT	32.0	53.0	22	22
R46A_ES07_2021_11_08_NaCl170mM_GMX_JeanZay	closed_seeded	CLOSED_CONSENSUS	54.0	54.0	1	1
R46A_ES07_2021_11_08_NaCl170mM_GMX_JeanZay	closed_seeded	READOUT_CONFLICT	55.0	71.0	17	17
R46A_ES07_2021_11_08_NaCl170mM_GMX_JeanZay	closed_seeded	CLOSED_CONSENSUS	72.0	72.0	1	1
R46A_ES07_2021_11_08_NaCl170mM_GMX_JeanZay	closed_seeded	READOUT_CONFLICT	73.0	279.0	207	207
R46A_ES07_2021_11_08_NaCl170mM_GMX_JeanZay	closed_seeded	CLOSED_CONSENSUS	280.0	280.0	1	1
R46A_ES07_2021_11_08_NaCl170mM_GMX_JeanZay	closed_seeded	READOUT_CONFLICT	281.0	292.0	12	12
R46A_ES07_2021_11_08_NaCl170mM_GMX_JeanZay	closed_seeded	CLOSED_CONSENSUS	293.0	293.0	1	1
R46A_ES07_2021_11_08_NaCl170mM_GMX_JeanZay	closed_seeded	READOUT_CONFLICT	294.0	294.0	1	1
R46A_ES07_2021_11_08_NaCl170mM_GMX_JeanZay	closed_seeded	CLOSED_CONSENSUS	295.0	295.0	1	1
R46A_ES07_2021_11_08_NaCl170mM_GMX_JeanZay	closed_seeded	READOUT_CONFLICT	296.0	303.0	8	8
R46A_ES07_2021_11_08_NaCl170mM_GMX_JeanZay	closed_seeded	CLOSED_CONSENSUS	304.0	304.0	1	1
R46A_ES07_2021_11_08_NaCl170mM_GMX_JeanZay	closed_seeded	READOUT_CONFLICT	305.0	333.0	29	29
R46A_ES07_2021_11_08_NaCl170mM_GMX_JeanZay	closed_seeded	CLOSED_CONSENSUS	334.0	334.0	1	1
R46A_ES07_2021_11_08_NaCl170mM_GMX_JeanZay	closed_seeded	READOUT_CONFLICT	335.0	342.0	8	8
R46A_ES07_2021_11_08_NaCl170mM_GMX_JeanZay	closed_seeded	CLOSED_CONSENSUS	343.0	343.0	1	1
R46A_ES07_2021_11_08_NaCl170mM_GMX_JeanZay	closed_seeded	READOUT_CONFLICT	344.0	346.0	3	3
R46A_ES07_2021_11_08_NaCl170mM_GMX_JeanZay	closed_seeded	CLOSED_CONSENSUS	347.0	347.0	1	1
R46A_ES07_2021_11_08_NaCl170mM_GMX_JeanZay	closed_seeded	READOUT_CONFLICT	348.0	349.0	2	2
R46A_ES07_2021_11_08_NaCl170mM_GMX_JeanZay	closed_seeded	CLOSED_CONSENSUS	350.0	351.0	2	2
R46A_ES07_2021_11_08_NaCl170mM_GMX_JeanZay	closed_seeded	READOUT_CONFLICT	352.0	353.0	2	2
R46A_ES07_2021_11_08_NaCl170mM_GMX_JeanZay	closed_seeded	CLOSED_CONSENSUS	354.0	354.0	1	1
R46A_ES07_2021_11_08_NaCl170mM_GMX_JeanZay	closed_seeded	READOUT_CONFLICT	355.0	357.0	3	3
R46A_ES07_2021_11_08_NaCl170mM_GMX_JeanZay	closed_seeded	CLOSED_CONSENSUS	358.0	358.0	1	1
R46A_ES07_2021_11_08_NaCl170mM_GMX_JeanZay	closed_seeded	READOUT_CONFLICT	359.0	382.0	24	24
R46A_ES07_2021_11_08_NaCl170mM_GMX_JeanZay	closed_seeded	CLOSED_CONSENSUS	383.0	383.0	1	1
R46A_ES07_2021_11_08_NaCl170mM_GMX_JeanZay	closed_seeded	READOUT_CONFLICT	384.0	386.0	3	3
R46A_ES07_2021_11_08_NaCl170mM_GMX_JeanZay	closed_seeded	CLOSED_CONSENSUS	387.0	387.0	1	1
R46A_ES07_2021_11_08_NaCl170mM_GMX_JeanZay	closed_seeded	READOUT_CONFLICT	388.0	389.0	2	2
R46A_ES07_2021_11_08_NaCl170mM_GMX_JeanZay	closed_seeded	CLOSED_CONSENSUS	390.0	390.0	1	1
R46A_ES07_2021_11_08_NaCl170mM_GMX_JeanZay	closed_seeded	READOUT_CONFLICT	391.0	391.0	1	1
R46A_ES07_2021_11_08_NaCl170mM_GMX_JeanZay	closed_seeded	CLOSED_CONSENSUS	392.0	392.0	1	1
R46A_ES07_2021_11_08_NaCl170mM_GMX_JeanZay	closed_seeded	READOUT_CONFLICT	393.0	393.0	1	1
R46A_ES07_2021_11_08_NaCl170mM_GMX_JeanZay	closed_seeded	CLOSED_CONSENSUS	394.0	394.0	1	1
R46A_ES07_2021_11_08_NaCl170mM_GMX_JeanZay	closed_seeded	READOUT_CONFLICT	395.0	398.0	4	4
R46A_ES07_2021_11_08_NaCl170mM_GMX_JeanZay	closed_seeded	CLOSED_CONSENSUS	399.0	399.0	1	1
R46A_ES07_2021_11_08_NaCl170mM_GMX_JeanZay	closed_seeded	READOUT_CONFLICT	400.0	407.0	8	8
R46A_ES07_2021_11_08_NaCl170mM_GMX_JeanZay	closed_seeded	CLOSED_CONSENSUS	408.0	408.0	1	1
R46A_ES07_2021_11_08_NaCl170mM_GMX_JeanZay	closed_seeded	READOUT_CONFLICT	409.0	411.0	3	3
R46A_ES07_2021_11_08_NaCl170mM_GMX_JeanZay	closed_seeded	CLOSED_CONSENSUS	412.0	412.0	1	1
R46A_ES07_2021_11_08_NaCl170mM_GMX_JeanZay	closed_seeded	READOUT_CONFLICT	413.0	418.0	6	6
R46A_ES07_2021_11_08_NaCl170mM_GMX_JeanZay	closed_seeded	CLOSED_CONSENSUS	419.0	419.0	1	1
R46A_ES07_2021_11_08_NaCl170mM_GMX_JeanZay	closed_seeded	READOUT_CONFLICT	420.0	432.0	13	13
R46A_ES07_2021_11_08_NaCl170mM_GMX_JeanZay	closed_seeded	CLOSED_CONSENSUS	433.0	433.0	1	1
R46A_ES07_2021_11_08_NaCl170mM_GMX_JeanZay	closed_seeded	READOUT_CONFLICT	434.0	446.0	13	13
R46A_ES07_2021_11_08_NaCl170mM_GMX_JeanZay	closed_seeded	CLOSED_CONSENSUS	447.0	447.0	1	1
R46A_ES07_2021_11_08_NaCl170mM_GMX_JeanZay	closed_seeded	READOUT_CONFLICT	448.0	450.0	3	3
R46A_ES07_2021_11_08_NaCl170mM_GMX_JeanZay	closed_seeded	CLOSED_CONSENSUS	451.0	452.0	2	2
R46A_ES07_2021_11_08_NaCl170mM_GMX_JeanZay	closed_seeded	READOUT_CONFLICT	453.0	461.0	9	9
R46A_ES07_2021_11_08_NaCl170mM_GMX_JeanZay	closed_seeded	CLOSED_CONSENSUS	462.0	463.0	2	2
R46A_ES07_2021_11_08_NaCl170mM_GMX_JeanZay	closed_seeded	READOUT_CONFLICT	464.0	464.0	1	1
R46A_ES07_2021_11_08_NaCl170mM_GMX_JeanZay	closed_seeded	CLOSED_CONSENSUS	465.0	465.0	1	1
R46A_ES07_2021_11_08_NaCl170mM_GMX_JeanZay	closed_seeded	READOUT_CONFLICT	466.0	468.0	3	3
R46A_ES07_2021_11_08_NaCl170mM_GMX_JeanZay	closed_seeded	CLOSED_CONSENSUS	469.0	469.0	1	1
R46A_ES07_2021_11_08_NaCl170mM_GMX_JeanZay	closed_seeded	READOUT_CONFLICT	470.0	470.0	1	1
R46A_ES07_2021_11_08_NaCl170mM_GMX_JeanZay	closed_seeded	CLOSED_CONSENSUS	471.0	471.0	1	1
R46A_ES07_2021_11_08_NaCl170mM_GMX_JeanZay	closed_seeded	READOUT_CONFLICT	472.0	487.0	16	16
R46A_ES07_2021_11_08_NaCl170mM_GMX_JeanZay	closed_seeded	CLOSED_CONSENSUS	488.0	488.0	1	1
R46A_ES07_2021_11_08_NaCl170mM_GMX_JeanZay	closed_seeded	READOUT_CONFLICT	489.0	489.0	1	1
R46A_ES07_2021_11_08_NaCl170mM_GMX_JeanZay	closed_seeded	CLOSED_CONSENSUS	490.0	490.0	1	1
R46A_ES07_2021_11_08_NaCl170mM_GMX_JeanZay	closed_seeded	READOUT_CONFLICT	491.0	492.0	2	2
R46A_ES07_2021_11_08_NaCl170mM_GMX_JeanZay	closed_seeded	CLOSED_CONSENSUS	493.0	493.0	1	1
R46A_ES07_2021_11_08_NaCl170mM_GMX_JeanZay	closed_seeded	READOUT_CONFLICT	494.0	496.0	3	3
R46A_ES07_2021_11_08_NaCl170mM_GMX_JeanZay	closed_seeded	CLOSED_CONSENSUS	497.0	499.0	3	3
R46A_ES07_2021_11_08_NaCl170mM_GMX_JeanZay	closed_seeded	READOUT_CONFLICT	500.0	512.0	13	13
R46A_ES07_2021_11_08_NaCl170mM_GMX_JeanZay	closed_seeded	CLOSED_CONSENSUS	513.0	513.0	1	1
R46A_ES07_2021_11_08_NaCl170mM_GMX_JeanZay	closed_seeded	READOUT_CONFLICT	514.0	514.0	1	1
R46A_ES07_2021_11_08_NaCl170mM_GMX_JeanZay	closed_seeded	CLOSED_CONSENSUS	515.0	515.0	1	1
R46A_ES07_2021_11_08_NaCl170mM_GMX_JeanZay	closed_seeded	READOUT_CONFLICT	516.0	525.0	10	10
R46A_ES07_2021_11_08_NaCl170mM_GMX_JeanZay	closed_seeded	CLOSED_CONSENSUS	526.0	526.0	1	1
R46A_ES07_2021_11_08_NaCl170mM_GMX_JeanZay	closed_seeded	READOUT_CONFLICT	527.0	532.0	6	6
R46A_ES07_2021_11_08_NaCl170mM_GMX_JeanZay	closed_seeded	CLOSED_CONSENSUS	533.0	533.0	1	1
R46A_ES07_2021_11_08_NaCl170mM_GMX_JeanZay	closed_seeded	READOUT_CONFLICT	534.0	534.0	1	1
R46A_ES07_2021_11_08_NaCl170mM_GMX_JeanZay	closed_seeded	CLOSED_CONSENSUS	535.0	535.0	1	1
R46A_ES07_2021_11_08_NaCl170mM_GMX_JeanZay	closed_seeded	READOUT_CONFLICT	536.0	536.0	1	1
R46A_ES07_2021_11_08_NaCl170mM_GMX_JeanZay	closed_seeded	CLOSED_CONSENSUS	537.0	544.0	8	8
R46A_ES07_2021_11_08_NaCl170mM_GMX_JeanZay	closed_seeded	READOUT_CONFLICT	545.0	545.0	1	1
R46A_ES07_2021_11_08_NaCl170mM_GMX_JeanZay	closed_seeded	CLOSED_CONSENSUS	546.0	548.0	3	3
R46A_ES07_2021_11_08_NaCl170mM_GMX_JeanZay	closed_seeded	READOUT_CONFLICT	549.0	555.0	7	7
R46A_ES07_2021_11_08_NaCl170mM_GMX_JeanZay	closed_seeded	CLOSED_CONSENSUS	556.0	556.0	1	1
R46A_ES07_2021_11_08_NaCl170mM_GMX_JeanZay	closed_seeded	READOUT_CONFLICT	557.0	557.0	1	1
R46A_ES07_2021_11_08_NaCl170mM_GMX_JeanZay	closed_seeded	CLOSED_CONSENSUS	558.0	558.0	1	1
R46A_ES07_2021_11_08_NaCl170mM_GMX_JeanZay	closed_seeded	READOUT_CONFLICT	559.0	560.0	2	2
R46A_ES07_2021_11_08_NaCl170mM_GMX_JeanZay	closed_seeded	CLOSED_CONSENSUS	561.0	563.0	3	3
R46A_ES07_2021_11_08_NaCl170mM_GMX_JeanZay	closed_seeded	READOUT_CONFLICT	564.0	583.0	20	20
R46A_ES07_2021_11_08_NaCl170mM_GMX_JeanZay	closed_seeded	CLOSED_CONSENSUS	584.0	584.0	1	1
R46A_ES07_2021_11_08_NaCl170mM_GMX_JeanZay	closed_seeded	READOUT_CONFLICT	585.0	626.0	42	42
R46A_ES07_2021_11_08_NaCl170mM_GMX_JeanZay	closed_seeded	CLOSED_CONSENSUS	627.0	627.0	1	1
R46A_ES07_2021_11_08_NaCl170mM_GMX_JeanZay	closed_seeded	READOUT_CONFLICT	628.0	630.0	3	3
R46A_ES07_2021_11_08_NaCl170mM_GMX_JeanZay	closed_seeded	CLOSED_CONSENSUS	631.0	631.0	1	1
R46A_ES07_2021_11_08_NaCl170mM_GMX_JeanZay	closed_seeded	READOUT_CONFLICT	632.0	635.0	4	4
R46A_ES07_2021_11_08_NaCl170mM_GMX_JeanZay	closed_seeded	CLOSED_CONSENSUS	636.0	637.0	2	2
R46A_ES07_2021_11_08_NaCl170mM_GMX_JeanZay	closed_seeded	READOUT_CONFLICT	638.0	640.0	3	3
R46A_ES07_2021_11_08_NaCl170mM_GMX_JeanZay	closed_seeded	CLOSED_CONSENSUS	641.0	641.0	1	1
R46A_ES07_2021_11_08_NaCl170mM_GMX_JeanZay	closed_seeded	READOUT_CONFLICT	642.0	646.0	5	5
R46A_ES07_2021_11_08_NaCl170mM_GMX_JeanZay	closed_seeded	CLOSED_CONSENSUS	647.0	648.0	2	2
R46A_ES07_2021_11_08_NaCl170mM_GMX_JeanZay	closed_seeded	READOUT_CONFLICT	649.0	650.0	2	2
R46A_ES07_2021_11_08_NaCl170mM_GMX_JeanZay	closed_seeded	CLOSED_CONSENSUS	651.0	651.0	1	1
R46A_ES07_2021_11_08_NaCl170mM_GMX_JeanZay	closed_seeded	READOUT_CONFLICT	652.0	652.0	1	1
R46A_ES07_2021_11_08_NaCl170mM_GMX_JeanZay	closed_seeded	CLOSED_CONSENSUS	653.0	655.0	3	3
R46A_ES07_2021_11_08_NaCl170mM_GMX_JeanZay	closed_seeded	READOUT_CONFLICT	656.0	656.0	1	1
R46A_ES07_2021_11_08_NaCl170mM_GMX_JeanZay	closed_seeded	CLOSED_CONSENSUS	657.0	657.0	1	1
R46A_ES07_2021_11_08_NaCl170mM_GMX_JeanZay	closed_seeded	READOUT_CONFLICT	658.0	662.0	5	5
R46A_ES07_2021_11_08_NaCl170mM_GMX_JeanZay	closed_seeded	CLOSED_CONSENSUS	663.0	672.0	10	10
R46A_ES07_2021_11_08_NaCl170mM_GMX_JeanZay	closed_seeded	READOUT_CONFLICT	673.0	673.0	1	1
R46A_ES07_2021_11_08_NaCl170mM_GMX_JeanZay	closed_seeded	CLOSED_CONSENSUS	674.0	680.0	7	7
R46A_ES07_2021_11_08_NaCl170mM_GMX_JeanZay	closed_seeded	READOUT_CONFLICT	681.0	681.0	1	1
R46A_ES07_2021_11_08_NaCl170mM_GMX_JeanZay	closed_seeded	CLOSED_CONSENSUS	682.0	682.0	1	1
R46A_ES07_2021_11_08_NaCl170mM_GMX_JeanZay	closed_seeded	READOUT_CONFLICT	683.0	683.0	1	1
R46A_ES07_2021_11_08_NaCl170mM_GMX_JeanZay	closed_seeded	CLOSED_CONSENSUS	684.0	684.0	1	1
R46A_ES07_2021_11_08_NaCl170mM_GMX_JeanZay	closed_seeded	READOUT_CONFLICT	685.0	687.0	3	3
R46A_ES07_2021_11_08_NaCl170mM_GMX_JeanZay	closed_seeded	CLOSED_CONSENSUS	688.0	690.0	3	3
R46A_ES07_2021_11_08_NaCl170mM_GMX_JeanZay	closed_seeded	READOUT_CONFLICT	691.0	693.0	3	3
R46A_ES07_2021_11_08_NaCl170mM_GMX_JeanZay	closed_seeded	CLOSED_CONSENSUS	694.0	694.0	1	1
R46A_ES07_2021_11_08_NaCl170mM_GMX_JeanZay	closed_seeded	READOUT_CONFLICT	695.0	695.0	1	1
R46A_ES07_2021_11_08_NaCl170mM_GMX_JeanZay	closed_seeded	CLOSED_CONSENSUS	696.0	698.0	3	3
R46A_ES07_2021_11_08_NaCl170mM_GMX_JeanZay	closed_seeded	READOUT_CONFLICT	699.0	699.0	1	1
R46A_ES07_2021_11_08_NaCl170mM_GMX_JeanZay	closed_seeded	CLOSED_CONSENSUS	700.0	702.0	3	3
R46A_ES07_2021_11_08_NaCl170mM_GMX_JeanZay	closed_seeded	READOUT_CONFLICT	703.0	707.0	5	5
R46A_ES07_2021_11_08_NaCl170mM_GMX_JeanZay	closed_seeded	CLOSED_CONSENSUS	708.0	708.0	1	1
R46A_ES07_2021_11_08_NaCl170mM_GMX_JeanZay	closed_seeded	READOUT_CONFLICT	709.0	709.0	1	1
R46A_ES07_2021_11_08_NaCl170mM_GMX_JeanZay	closed_seeded	CLOSED_CONSENSUS	710.0	711.0	2	2
R46A_ES07_2021_11_08_NaCl170mM_GMX_JeanZay	closed_seeded	READOUT_CONFLICT	712.0	714.0	3	3
R46A_ES07_2021_11_08_NaCl170mM_GMX_JeanZay	closed_seeded	CLOSED_CONSENSUS	715.0	715.0	1	1
R46A_ES07_2021_11_08_NaCl170mM_GMX_JeanZay	closed_seeded	READOUT_CONFLICT	716.0	716.0	1	1
R46A_ES07_2021_11_08_NaCl170mM_GMX_JeanZay	closed_seeded	CLOSED_CONSENSUS	717.0	717.0	1	1
R46A_ES07_2021_11_08_NaCl170mM_GMX_JeanZay	closed_seeded	READOUT_CONFLICT	718.0	752.0	35	35
R46A_ES07_2021_11_08_NaCl170mM_GMX_JeanZay	closed_seeded	CLOSED_CONSENSUS	753.0	753.0	1	1
R46A_ES07_2021_11_08_NaCl170mM_GMX_JeanZay	closed_seeded	READOUT_CONFLICT	754.0	755.0	2	2
R46A_ES07_2021_11_08_NaCl170mM_GMX_JeanZay	closed_seeded	CLOSED_CONSENSUS	756.0	757.0	2	2
R46A_ES07_2021_11_08_NaCl170mM_GMX_JeanZay	closed_seeded	READOUT_CONFLICT	758.0	777.0	20	20
R46A_ES07_2021_11_08_NaCl170mM_GMX_JeanZay	closed_seeded	CLOSED_CONSENSUS	778.0	778.0	1	1
R46A_ES07_2021_11_08_NaCl170mM_GMX_JeanZay	closed_seeded	READOUT_CONFLICT	779.0	796.0	18	18
R46A_ES07_2021_11_08_NaCl170mM_GMX_JeanZay	closed_seeded	CLOSED_CONSENSUS	797.0	797.0	1	1
R46A_ES07_2021_11_08_NaCl170mM_GMX_JeanZay	closed_seeded	READOUT_CONFLICT	798.0	804.0	7	7
R46A_ES07_2021_11_08_NaCl170mM_GMX_JeanZay	closed_seeded	CLOSED_CONSENSUS	805.0	805.0	1	1
R46A_ES07_2021_11_08_NaCl170mM_GMX_JeanZay	closed_seeded	READOUT_CONFLICT	806.0	806.0	1	1
R46A_ES07_2021_11_08_NaCl170mM_GMX_JeanZay	closed_seeded	CLOSED_CONSENSUS	807.0	807.0	1	1
R46A_ES07_2021_11_08_NaCl170mM_GMX_JeanZay	closed_seeded	READOUT_CONFLICT	808.0	812.0	5	5
R46A_ES07_2021_11_08_NaCl170mM_GMX_JeanZay	closed_seeded	CLOSED_CONSENSUS	813.0	813.0	1	1
R46A_ES07_2021_11_08_NaCl170mM_GMX_JeanZay	closed_seeded	READOUT_CONFLICT	814.0	815.0	2	2
R46A_ES07_2021_11_08_NaCl170mM_GMX_JeanZay	closed_seeded	CLOSED_CONSENSUS	816.0	816.0	1	1
R46A_ES07_2021_11_08_NaCl170mM_GMX_JeanZay	closed_seeded	READOUT_CONFLICT	817.0	850.0	34	34
R46A_ES07_2021_11_08_NaCl170mM_GMX_JeanZay	closed_seeded	CLOSED_CONSENSUS	851.0	851.0	1	1
R46A_ES07_2021_11_08_NaCl170mM_GMX_JeanZay	closed_seeded	READOUT_CONFLICT	852.0	858.0	7	7
R46A_ES07_2021_11_08_NaCl170mM_GMX_JeanZay	closed_seeded	CLOSED_CONSENSUS	859.0	859.0	1	1
R46A_ES07_2021_11_08_NaCl170mM_GMX_JeanZay	closed_seeded	READOUT_CONFLICT	860.0	862.0	3	3
R46A_ES07_2021_11_08_NaCl170mM_GMX_JeanZay	closed_seeded	CLOSED_CONSENSUS	863.0	863.0	1	1
R46A_ES07_2021_11_08_NaCl170mM_GMX_JeanZay	closed_seeded	READOUT_CONFLICT	864.0	864.0	1	1
R46A_ES07_2021_11_08_NaCl170mM_GMX_JeanZay	closed_seeded	CLOSED_CONSENSUS	865.0	869.0	5	5
R46A_ES07_2021_11_08_NaCl170mM_GMX_JeanZay	closed_seeded	READOUT_CONFLICT	870.0	875.0	6	6
R46A_ES07_2021_11_08_NaCl170mM_GMX_JeanZay	closed_seeded	CLOSED_CONSENSUS	876.0	877.0	2	2
R46A_ES07_2021_11_08_NaCl170mM_GMX_JeanZay	closed_seeded	READOUT_CONFLICT	878.0	878.0	1	1
R46A_ES07_2021_11_08_NaCl170mM_GMX_JeanZay	closed_seeded	CLOSED_CONSENSUS	879.0	880.0	2	2
R46A_ES07_2021_11_08_NaCl170mM_GMX_JeanZay	closed_seeded	READOUT_CONFLICT	881.0	882.0	2	2
R46A_ES07_2021_11_08_NaCl170mM_GMX_JeanZay	closed_seeded	CLOSED_CONSENSUS	883.0	883.0	1	1
R46A_ES07_2021_11_08_NaCl170mM_GMX_JeanZay	closed_seeded	READOUT_CONFLICT	884.0	887.0	4	4
R46A_ES07_2021_11_08_NaCl170mM_GMX_JeanZay	closed_seeded	CLOSED_CONSENSUS	888.0	888.0	1	1
R46A_ES07_2021_11_08_NaCl170mM_GMX_JeanZay	closed_seeded	READOUT_CONFLICT	889.0	891.0	3	3
R46A_ES07_2021_11_08_NaCl170mM_GMX_JeanZay	closed_seeded	CLOSED_CONSENSUS	892.0	892.0	1	1
R46A_ES07_2021_11_08_NaCl170mM_GMX_JeanZay	closed_seeded	READOUT_CONFLICT	893.0	898.0	6	6
R46A_ES07_2021_11_08_NaCl170mM_GMX_JeanZay	closed_seeded	CLOSED_CONSENSUS	899.0	899.0	1	1
R46A_ES07_2021_11_08_NaCl170mM_GMX_JeanZay	closed_seeded	READOUT_CONFLICT	900.0	900.0	1	1
R46A_ES07_2021_11_08_NaCl170mM_GMX_JeanZay	closed_seeded	CLOSED_CONSENSUS	901.0	901.0	1	1
R46A_ES07_2021_11_08_NaCl170mM_GMX_JeanZay	closed_seeded	READOUT_CONFLICT	902.0	903.0	2	2
R46A_ES07_2021_11_08_NaCl170mM_GMX_JeanZay	closed_seeded	CLOSED_CONSENSUS	904.0	905.0	2	2
R46A_ES07_2021_11_08_NaCl170mM_GMX_JeanZay	closed_seeded	READOUT_CONFLICT	906.0	910.0	5	5
R46A_ES07_2021_11_08_NaCl170mM_GMX_JeanZay	closed_seeded	CLOSED_CONSENSUS	911.0	912.0	2	2
R46A_ES07_2021_11_08_NaCl170mM_GMX_JeanZay	closed_seeded	READOUT_CONFLICT	913.0	914.0	2	2
R46A_ES07_2021_11_08_NaCl170mM_GMX_JeanZay	closed_seeded	CLOSED_CONSENSUS	915.0	915.0	1	1
R46A_ES07_2021_11_08_NaCl170mM_GMX_JeanZay	closed_seeded	READOUT_CONFLICT	916.0	916.0	1	1
R46A_ES07_2021_11_08_NaCl170mM_GMX_JeanZay	closed_seeded	CLOSED_CONSENSUS	917.0	917.0	1	1
R46A_ES07_2021_11_08_NaCl170mM_GMX_JeanZay	closed_seeded	READOUT_CONFLICT	918.0	919.0	2	2
R46A_ES07_2021_11_08_NaCl170mM_GMX_JeanZay	closed_seeded	CLOSED_CONSENSUS	920.0	929.0	10	10
R46A_ES07_2021_11_08_NaCl170mM_GMX_JeanZay	closed_seeded	READOUT_CONFLICT	930.0	930.0	1	1
R46A_ES07_2021_11_08_NaCl170mM_GMX_JeanZay	closed_seeded	CLOSED_CONSENSUS	931.0	932.0	2	2
R46A_ES07_2021_11_08_NaCl170mM_GMX_JeanZay	closed_seeded	READOUT_CONFLICT	933.0	933.0	1	1
R46A_ES07_2021_11_08_NaCl170mM_GMX_JeanZay	closed_seeded	CLOSED_CONSENSUS	934.0	938.0	5	5
R46A_ES07_2021_11_08_NaCl170mM_GMX_JeanZay	closed_seeded	READOUT_CONFLICT	939.0	942.0	4	4
R46A_ES07_2021_11_08_NaCl170mM_GMX_JeanZay	closed_seeded	CLOSED_CONSENSUS	943.0	946.0	4	4
R46A_ES07_2021_11_08_NaCl170mM_GMX_JeanZay	closed_seeded	READOUT_CONFLICT	947.0	948.0	2	2
R46A_ES07_2021_11_08_NaCl170mM_GMX_JeanZay	closed_seeded	CLOSED_CONSENSUS	949.0	950.0	2	2
R46A_ES07_2021_11_08_NaCl170mM_GMX_JeanZay	closed_seeded	READOUT_CONFLICT	951.0	952.0	2	2
R46A_ES07_2021_11_08_NaCl170mM_GMX_JeanZay	closed_seeded	CLOSED_CONSENSUS	953.0	953.0	1	1
R46A_ES07_2021_11_08_NaCl170mM_GMX_JeanZay	closed_seeded	READOUT_CONFLICT	954.0	956.0	3	3
R46A_ES07_2021_11_08_NaCl170mM_GMX_JeanZay	closed_seeded	CLOSED_CONSENSUS	957.0	957.0	1	1
R46A_ES07_2021_11_08_NaCl170mM_GMX_JeanZay	closed_seeded	READOUT_CONFLICT	958.0	971.0	14	14
R46A_ES07_2021_11_08_NaCl170mM_GMX_JeanZay	closed_seeded	CLOSED_CONSENSUS	972.0	972.0	1	1
R46A_ES07_2021_11_08_NaCl170mM_GMX_JeanZay	closed_seeded	READOUT_CONFLICT	973.0	973.0	1	1
R46A_ES07_2021_11_08_NaCl170mM_GMX_JeanZay	closed_seeded	CLOSED_CONSENSUS	974.0	978.0	5	5
R46A_ES07_2021_11_08_NaCl170mM_GMX_JeanZay	closed_seeded	READOUT_CONFLICT	979.0	989.0	11	11
R46A_ES07_2021_11_08_NaCl170mM_GMX_JeanZay	closed_seeded	CLOSED_CONSENSUS	990.0	990.0	1	1
R46A_ES07_2021_11_08_NaCl170mM_GMX_JeanZay	closed_seeded	READOUT_CONFLICT	991.0	998.0	8	8
R46A_ES07_2021_11_08_NaCl170mM_GMX_JeanZay	closed_seeded	CLOSED_CONSENSUS	999.0	999.0	1	1
R46A_ES07_2021_11_08_NaCl170mM_GMX_JeanZay	closed_seeded	READOUT_CONFLICT	1000.0	1001.0	2	2
R46A_ES07_2021_11_08_NaCl170mM_GMX_JeanZay	closed_seeded	CLOSED_CONSENSUS	1002.0	1002.0	1	1
R46A_ES07_2021_11_08_NaCl170mM_GMX_JeanZay	closed_seeded	READOUT_CONFLICT	1003.0	1008.0	6	6
R46A_ES07_2021_11_08_NaCl170mM_GMX_JeanZay	closed_seeded	CLOSED_CONSENSUS	1009.0	1009.0	1	1
R46A_ES07_2021_11_08_NaCl170mM_GMX_JeanZay	closed_seeded	READOUT_CONFLICT	1010.0	1018.0	9	9
R46A_ES07_2021_11_08_NaCl170mM_GMX_JeanZay	closed_seeded	CLOSED_CONSENSUS	1019.0	1019.0	1	1
R46A_ES07_2021_11_08_NaCl170mM_GMX_JeanZay	closed_seeded	READOUT_CONFLICT	1020.0	1020.0	1	1
R46A_ES08_2021_11_08_NaCl170mM_GMX_JeanZay	closed_seeded	CLOSED_CONSENSUS	20.0	1020.0	1001	1001
R46A_ES09_2021_11_08_NaCl170mM_GMX_JeanZay	closed_seeded	CLOSED_CONSENSUS	20.0	53.0	34	34
R46A_ES09_2021_11_08_NaCl170mM_GMX_JeanZay	closed_seeded	READOUT_CONFLICT	54.0	54.0	1	1
R46A_ES09_2021_11_08_NaCl170mM_GMX_JeanZay	closed_seeded	CLOSED_CONSENSUS	55.0	57.0	3	3
R46A_ES09_2021_11_08_NaCl170mM_GMX_JeanZay	closed_seeded	READOUT_CONFLICT	58.0	58.0	1	1
R46A_ES09_2021_11_08_NaCl170mM_GMX_JeanZay	closed_seeded	CLOSED_CONSENSUS	59.0	59.0	1	1
R46A_ES09_2021_11_08_NaCl170mM_GMX_JeanZay	closed_seeded	READOUT_CONFLICT	60.0	60.0	1	1
R46A_ES09_2021_11_08_NaCl170mM_GMX_JeanZay	closed_seeded	CLOSED_CONSENSUS	61.0	1020.0	960	960
R46A_ES10_2021_11_08_NaCl170mM_GMX_JeanZay	closed_seeded	CLOSED_CONSENSUS	20.0	1020.0	1001	1001
R46A_ES11_2021_11_08_NaCl170mM_GMX_JeanZay	closed_seeded	CLOSED_CONSENSUS	20.0	23.0	4	4
R46A_ES11_2021_11_08_NaCl170mM_GMX_JeanZay	closed_seeded	READOUT_CONFLICT	24.0	24.0	1	1
R46A_ES11_2021_11_08_NaCl170mM_GMX_JeanZay	closed_seeded	CLOSED_CONSENSUS	25.0	25.0	1	1
R46A_ES11_2021_11_08_NaCl170mM_GMX_JeanZay	closed_seeded	READOUT_CONFLICT	26.0	77.0	52	52
R46A_ES11_2021_11_08_NaCl170mM_GMX_JeanZay	closed_seeded	CLOSED_CONSENSUS	78.0	78.0	1	1
R46A_ES11_2021_11_08_NaCl170mM_GMX_JeanZay	closed_seeded	READOUT_CONFLICT	79.0	82.0	4	4
R46A_ES11_2021_11_08_NaCl170mM_GMX_JeanZay	closed_seeded	CLOSED_CONSENSUS	83.0	84.0	2	2
R46A_ES11_2021_11_08_NaCl170mM_GMX_JeanZay	closed_seeded	READOUT_CONFLICT	85.0	100.0	16	16
R46A_ES11_2021_11_08_NaCl170mM_GMX_JeanZay	closed_seeded	CLOSED_CONSENSUS	101.0	101.0	1	1
R46A_ES11_2021_11_08_NaCl170mM_GMX_JeanZay	closed_seeded	READOUT_CONFLICT	102.0	106.0	5	5
R46A_ES11_2021_11_08_NaCl170mM_GMX_JeanZay	closed_seeded	CLOSED_CONSENSUS	107.0	109.0	3	3
R46A_ES11_2021_11_08_NaCl170mM_GMX_JeanZay	closed_seeded	READOUT_CONFLICT	110.0	112.0	3	3
R46A_ES11_2021_11_08_NaCl170mM_GMX_JeanZay	closed_seeded	CLOSED_CONSENSUS	113.0	114.0	2	2
R46A_ES11_2021_11_08_NaCl170mM_GMX_JeanZay	closed_seeded	READOUT_CONFLICT	115.0	117.0	3	3
R46A_ES11_2021_11_08_NaCl170mM_GMX_JeanZay	closed_seeded	CLOSED_CONSENSUS	118.0	118.0	1	1
R46A_ES11_2021_11_08_NaCl170mM_GMX_JeanZay	closed_seeded	READOUT_CONFLICT	119.0	123.0	5	5
R46A_ES11_2021_11_08_NaCl170mM_GMX_JeanZay	closed_seeded	CLOSED_CONSENSUS	124.0	129.0	6	6
R46A_ES11_2021_11_08_NaCl170mM_GMX_JeanZay	closed_seeded	READOUT_CONFLICT	130.0	137.0	8	8
R46A_ES11_2021_11_08_NaCl170mM_GMX_JeanZay	closed_seeded	CLOSED_CONSENSUS	138.0	139.0	2	2
R46A_ES11_2021_11_08_NaCl170mM_GMX_JeanZay	closed_seeded	READOUT_CONFLICT	140.0	140.0	1	1
R46A_ES11_2021_11_08_NaCl170mM_GMX_JeanZay	closed_seeded	CLOSED_CONSENSUS	141.0	141.0	1	1
R46A_ES11_2021_11_08_NaCl170mM_GMX_JeanZay	closed_seeded	READOUT_CONFLICT	142.0	143.0	2	2
R46A_ES11_2021_11_08_NaCl170mM_GMX_JeanZay	closed_seeded	CLOSED_CONSENSUS	144.0	144.0	1	1
R46A_ES11_2021_11_08_NaCl170mM_GMX_JeanZay	closed_seeded	READOUT_CONFLICT	145.0	145.0	1	1
R46A_ES11_2021_11_08_NaCl170mM_GMX_JeanZay	closed_seeded	CLOSED_CONSENSUS	146.0	146.0	1	1
R46A_ES11_2021_11_08_NaCl170mM_GMX_JeanZay	closed_seeded	READOUT_CONFLICT	147.0	148.0	2	2
R46A_ES11_2021_11_08_NaCl170mM_GMX_JeanZay	closed_seeded	CLOSED_CONSENSUS	149.0	151.0	3	3
R46A_ES11_2021_11_08_NaCl170mM_GMX_JeanZay	closed_seeded	READOUT_CONFLICT	152.0	153.0	2	2
R46A_ES11_2021_11_08_NaCl170mM_GMX_JeanZay	closed_seeded	CLOSED_CONSENSUS	154.0	154.0	1	1
R46A_ES11_2021_11_08_NaCl170mM_GMX_JeanZay	closed_seeded	READOUT_CONFLICT	155.0	161.0	7	7
R46A_ES11_2021_11_08_NaCl170mM_GMX_JeanZay	closed_seeded	CLOSED_CONSENSUS	162.0	164.0	3	3
R46A_ES11_2021_11_08_NaCl170mM_GMX_JeanZay	closed_seeded	READOUT_CONFLICT	165.0	165.0	1	1
R46A_ES11_2021_11_08_NaCl170mM_GMX_JeanZay	closed_seeded	CLOSED_CONSENSUS	166.0	171.0	6	6
R46A_ES11_2021_11_08_NaCl170mM_GMX_JeanZay	closed_seeded	READOUT_CONFLICT	172.0	174.0	3	3
R46A_ES11_2021_11_08_NaCl170mM_GMX_JeanZay	closed_seeded	CLOSED_CONSENSUS	175.0	182.0	8	8
R46A_ES11_2021_11_08_NaCl170mM_GMX_JeanZay	closed_seeded	READOUT_CONFLICT	183.0	185.0	3	3
R46A_ES11_2021_11_08_NaCl170mM_GMX_JeanZay	closed_seeded	CLOSED_CONSENSUS	186.0	186.0	1	1
R46A_ES11_2021_11_08_NaCl170mM_GMX_JeanZay	closed_seeded	READOUT_CONFLICT	187.0	188.0	2	2
R46A_ES11_2021_11_08_NaCl170mM_GMX_JeanZay	closed_seeded	CLOSED_CONSENSUS	189.0	189.0	1	1
R46A_ES11_2021_11_08_NaCl170mM_GMX_JeanZay	closed_seeded	READOUT_CONFLICT	190.0	191.0	2	2
R46A_ES11_2021_11_08_NaCl170mM_GMX_JeanZay	closed_seeded	CLOSED_CONSENSUS	192.0	192.0	1	1
R46A_ES11_2021_11_08_NaCl170mM_GMX_JeanZay	closed_seeded	READOUT_CONFLICT	193.0	193.0	1	1
R46A_ES11_2021_11_08_NaCl170mM_GMX_JeanZay	closed_seeded	CLOSED_CONSENSUS	194.0	195.0	2	2
R46A_ES11_2021_11_08_NaCl170mM_GMX_JeanZay	closed_seeded	READOUT_CONFLICT	196.0	196.0	1	1
R46A_ES11_2021_11_08_NaCl170mM_GMX_JeanZay	closed_seeded	CLOSED_CONSENSUS	197.0	198.0	2	2
R46A_ES11_2021_11_08_NaCl170mM_GMX_JeanZay	closed_seeded	READOUT_CONFLICT	199.0	199.0	1	1
R46A_ES11_2021_11_08_NaCl170mM_GMX_JeanZay	closed_seeded	CLOSED_CONSENSUS	200.0	200.0	1	1
R46A_ES11_2021_11_08_NaCl170mM_GMX_JeanZay	closed_seeded	READOUT_CONFLICT	201.0	202.0	2	2
R46A_ES11_2021_11_08_NaCl170mM_GMX_JeanZay	closed_seeded	CLOSED_CONSENSUS	203.0	206.0	4	4
R46A_ES11_2021_11_08_NaCl170mM_GMX_JeanZay	closed_seeded	READOUT_CONFLICT	207.0	208.0	2	2
R46A_ES11_2021_11_08_NaCl170mM_GMX_JeanZay	closed_seeded	CLOSED_CONSENSUS	209.0	209.0	1	1
R46A_ES11_2021_11_08_NaCl170mM_GMX_JeanZay	closed_seeded	READOUT_CONFLICT	210.0	215.0	6	6
R46A_ES11_2021_11_08_NaCl170mM_GMX_JeanZay	closed_seeded	CLOSED_CONSENSUS	216.0	249.0	34	34
R46A_ES11_2021_11_08_NaCl170mM_GMX_JeanZay	closed_seeded	READOUT_CONFLICT	250.0	250.0	1	1
R46A_ES11_2021_11_08_NaCl170mM_GMX_JeanZay	closed_seeded	CLOSED_CONSENSUS	251.0	295.0	45	45
R46A_ES11_2021_11_08_NaCl170mM_GMX_JeanZay	closed_seeded	READOUT_CONFLICT	296.0	296.0	1	1
R46A_ES11_2021_11_08_NaCl170mM_GMX_JeanZay	closed_seeded	CLOSED_CONSENSUS	297.0	302.0	6	6
R46A_ES11_2021_11_08_NaCl170mM_GMX_JeanZay	closed_seeded	READOUT_CONFLICT	303.0	303.0	1	1
R46A_ES11_2021_11_08_NaCl170mM_GMX_JeanZay	closed_seeded	CLOSED_CONSENSUS	304.0	321.0	18	18
R46A_ES11_2021_11_08_NaCl170mM_GMX_JeanZay	closed_seeded	READOUT_CONFLICT	322.0	322.0	1	1
R46A_ES11_2021_11_08_NaCl170mM_GMX_JeanZay	closed_seeded	CLOSED_CONSENSUS	323.0	326.0	4	4
R46A_ES11_2021_11_08_NaCl170mM_GMX_JeanZay	closed_seeded	READOUT_CONFLICT	327.0	328.0	2	2
R46A_ES11_2021_11_08_NaCl170mM_GMX_JeanZay	closed_seeded	CLOSED_CONSENSUS	329.0	329.0	1	1
R46A_ES11_2021_11_08_NaCl170mM_GMX_JeanZay	closed_seeded	READOUT_CONFLICT	330.0	346.0	17	17
R46A_ES11_2021_11_08_NaCl170mM_GMX_JeanZay	closed_seeded	CLOSED_CONSENSUS	347.0	347.0	1	1
R46A_ES11_2021_11_08_NaCl170mM_GMX_JeanZay	closed_seeded	READOUT_CONFLICT	348.0	348.0	1	1
R46A_ES11_2021_11_08_NaCl170mM_GMX_JeanZay	closed_seeded	CLOSED_CONSENSUS	349.0	350.0	2	2
R46A_ES11_2021_11_08_NaCl170mM_GMX_JeanZay	closed_seeded	READOUT_CONFLICT	351.0	351.0	1	1
R46A_ES11_2021_11_08_NaCl170mM_GMX_JeanZay	closed_seeded	CLOSED_CONSENSUS	352.0	355.0	4	4
R46A_ES11_2021_11_08_NaCl170mM_GMX_JeanZay	closed_seeded	READOUT_CONFLICT	356.0	356.0	1	1
R46A_ES11_2021_11_08_NaCl170mM_GMX_JeanZay	closed_seeded	CLOSED_CONSENSUS	357.0	357.0	1	1
R46A_ES11_2021_11_08_NaCl170mM_GMX_JeanZay	closed_seeded	READOUT_CONFLICT	358.0	364.0	7	7
R46A_ES11_2021_11_08_NaCl170mM_GMX_JeanZay	closed_seeded	CLOSED_CONSENSUS	365.0	365.0	1	1
R46A_ES11_2021_11_08_NaCl170mM_GMX_JeanZay	closed_seeded	READOUT_CONFLICT	366.0	367.0	2	2
R46A_ES11_2021_11_08_NaCl170mM_GMX_JeanZay	closed_seeded	CLOSED_CONSENSUS	368.0	368.0	1	1
R46A_ES11_2021_11_08_NaCl170mM_GMX_JeanZay	closed_seeded	READOUT_CONFLICT	369.0	375.0	7	7
R46A_ES11_2021_11_08_NaCl170mM_GMX_JeanZay	closed_seeded	CLOSED_CONSENSUS	376.0	410.0	35	35
R46A_ES11_2021_11_08_NaCl170mM_GMX_JeanZay	closed_seeded	READOUT_CONFLICT	411.0	413.0	3	3
R46A_ES11_2021_11_08_NaCl170mM_GMX_JeanZay	closed_seeded	CLOSED_CONSENSUS	414.0	416.0	3	3
R46A_ES11_2021_11_08_NaCl170mM_GMX_JeanZay	closed_seeded	READOUT_CONFLICT	417.0	420.0	4	4
R46A_ES11_2021_11_08_NaCl170mM_GMX_JeanZay	closed_seeded	CLOSED_CONSENSUS	421.0	422.0	2	2
R46A_ES11_2021_11_08_NaCl170mM_GMX_JeanZay	closed_seeded	READOUT_CONFLICT	423.0	424.0	2	2
R46A_ES11_2021_11_08_NaCl170mM_GMX_JeanZay	closed_seeded	CLOSED_CONSENSUS	425.0	425.0	1	1
R46A_ES11_2021_11_08_NaCl170mM_GMX_JeanZay	closed_seeded	READOUT_CONFLICT	426.0	427.0	2	2
R46A_ES11_2021_11_08_NaCl170mM_GMX_JeanZay	closed_seeded	CLOSED_CONSENSUS	428.0	430.0	3	3
R46A_ES11_2021_11_08_NaCl170mM_GMX_JeanZay	closed_seeded	READOUT_CONFLICT	431.0	436.0	6	6
R46A_ES11_2021_11_08_NaCl170mM_GMX_JeanZay	closed_seeded	CLOSED_CONSENSUS	437.0	437.0	1	1
R46A_ES11_2021_11_08_NaCl170mM_GMX_JeanZay	closed_seeded	READOUT_CONFLICT	438.0	440.0	3	3
R46A_ES11_2021_11_08_NaCl170mM_GMX_JeanZay	closed_seeded	CLOSED_CONSENSUS	441.0	441.0	1	1
R46A_ES11_2021_11_08_NaCl170mM_GMX_JeanZay	closed_seeded	READOUT_CONFLICT	442.0	446.0	5	5
R46A_ES11_2021_11_08_NaCl170mM_GMX_JeanZay	closed_seeded	CLOSED_CONSENSUS	447.0	447.0	1	1
R46A_ES11_2021_11_08_NaCl170mM_GMX_JeanZay	closed_seeded	READOUT_CONFLICT	448.0	449.0	2	2
R46A_ES11_2021_11_08_NaCl170mM_GMX_JeanZay	closed_seeded	CLOSED_CONSENSUS	450.0	451.0	2	2
R46A_ES11_2021_11_08_NaCl170mM_GMX_JeanZay	closed_seeded	READOUT_CONFLICT	452.0	452.0	1	1
R46A_ES11_2021_11_08_NaCl170mM_GMX_JeanZay	closed_seeded	CLOSED_CONSENSUS	453.0	453.0	1	1
R46A_ES11_2021_11_08_NaCl170mM_GMX_JeanZay	closed_seeded	READOUT_CONFLICT	454.0	457.0	4	4
R46A_ES11_2021_11_08_NaCl170mM_GMX_JeanZay	closed_seeded	CLOSED_CONSENSUS	458.0	458.0	1	1
R46A_ES11_2021_11_08_NaCl170mM_GMX_JeanZay	closed_seeded	READOUT_CONFLICT	459.0	463.0	5	5
R46A_ES11_2021_11_08_NaCl170mM_GMX_JeanZay	closed_seeded	CLOSED_CONSENSUS	464.0	467.0	4	4
R46A_ES11_2021_11_08_NaCl170mM_GMX_JeanZay	closed_seeded	READOUT_CONFLICT	468.0	469.0	2	2
R46A_ES11_2021_11_08_NaCl170mM_GMX_JeanZay	closed_seeded	CLOSED_CONSENSUS	470.0	472.0	3	3
R46A_ES11_2021_11_08_NaCl170mM_GMX_JeanZay	closed_seeded	READOUT_CONFLICT	473.0	474.0	2	2
R46A_ES11_2021_11_08_NaCl170mM_GMX_JeanZay	closed_seeded	CLOSED_CONSENSUS	475.0	475.0	1	1
R46A_ES11_2021_11_08_NaCl170mM_GMX_JeanZay	closed_seeded	READOUT_CONFLICT	476.0	476.0	1	1
R46A_ES11_2021_11_08_NaCl170mM_GMX_JeanZay	closed_seeded	CLOSED_CONSENSUS	477.0	477.0	1	1
R46A_ES11_2021_11_08_NaCl170mM_GMX_JeanZay	closed_seeded	READOUT_CONFLICT	478.0	489.0	12	12
R46A_ES11_2021_11_08_NaCl170mM_GMX_JeanZay	closed_seeded	CLOSED_CONSENSUS	490.0	491.0	2	2
R46A_ES11_2021_11_08_NaCl170mM_GMX_JeanZay	closed_seeded	READOUT_CONFLICT	492.0	492.0	1	1
R46A_ES11_2021_11_08_NaCl170mM_GMX_JeanZay	closed_seeded	CLOSED_CONSENSUS	493.0	493.0	1	1
R46A_ES11_2021_11_08_NaCl170mM_GMX_JeanZay	closed_seeded	READOUT_CONFLICT	494.0	513.0	20	20
R46A_ES11_2021_11_08_NaCl170mM_GMX_JeanZay	closed_seeded	CLOSED_CONSENSUS	514.0	516.0	3	3
R46A_ES11_2021_11_08_NaCl170mM_GMX_JeanZay	closed_seeded	READOUT_CONFLICT	517.0	517.0	1	1
R46A_ES11_2021_11_08_NaCl170mM_GMX_JeanZay	closed_seeded	CLOSED_CONSENSUS	518.0	749.0	232	232
R46A_ES11_2021_11_08_NaCl170mM_GMX_JeanZay	closed_seeded	READOUT_CONFLICT	750.0	751.0	2	2
R46A_ES11_2021_11_08_NaCl170mM_GMX_JeanZay	closed_seeded	CLOSED_CONSENSUS	752.0	1020.0	269	269
R46A_ES12_2021_11_08_NaCl170mM_GMX_JeanZay	closed_seeded	CLOSED_CONSENSUS	20.0	77.0	58	58
R46A_ES12_2021_11_08_NaCl170mM_GMX_JeanZay	closed_seeded	READOUT_CONFLICT	78.0	78.0	1	1
R46A_ES12_2021_11_08_NaCl170mM_GMX_JeanZay	closed_seeded	CLOSED_CONSENSUS	79.0	84.0	6	6
R46A_ES12_2021_11_08_NaCl170mM_GMX_JeanZay	closed_seeded	READOUT_CONFLICT	85.0	85.0	1	1
R46A_ES12_2021_11_08_NaCl170mM_GMX_JeanZay	closed_seeded	CLOSED_CONSENSUS	86.0	99.0	14	14
R46A_ES12_2021_11_08_NaCl170mM_GMX_JeanZay	closed_seeded	READOUT_CONFLICT	100.0	105.0	6	6
R46A_ES12_2021_11_08_NaCl170mM_GMX_JeanZay	closed_seeded	CLOSED_CONSENSUS	106.0	106.0	1	1
R46A_ES12_2021_11_08_NaCl170mM_GMX_JeanZay	closed_seeded	READOUT_CONFLICT	107.0	121.0	15	15
R46A_ES12_2021_11_08_NaCl170mM_GMX_JeanZay	closed_seeded	CLOSED_CONSENSUS	122.0	132.0	11	11
R46A_ES12_2021_11_08_NaCl170mM_GMX_JeanZay	closed_seeded	READOUT_CONFLICT	133.0	134.0	2	2
R46A_ES12_2021_11_08_NaCl170mM_GMX_JeanZay	closed_seeded	CLOSED_CONSENSUS	135.0	137.0	3	3
R46A_ES12_2021_11_08_NaCl170mM_GMX_JeanZay	closed_seeded	READOUT_CONFLICT	138.0	138.0	1	1
R46A_ES12_2021_11_08_NaCl170mM_GMX_JeanZay	closed_seeded	CLOSED_CONSENSUS	139.0	176.0	38	38
R46A_ES12_2021_11_08_NaCl170mM_GMX_JeanZay	closed_seeded	READOUT_CONFLICT	177.0	177.0	1	1
R46A_ES12_2021_11_08_NaCl170mM_GMX_JeanZay	closed_seeded	CLOSED_CONSENSUS	178.0	183.0	6	6
R46A_ES12_2021_11_08_NaCl170mM_GMX_JeanZay	closed_seeded	READOUT_CONFLICT	184.0	185.0	2	2
R46A_ES12_2021_11_08_NaCl170mM_GMX_JeanZay	closed_seeded	CLOSED_CONSENSUS	186.0	193.0	8	8
R46A_ES12_2021_11_08_NaCl170mM_GMX_JeanZay	closed_seeded	READOUT_CONFLICT	194.0	194.0	1	1
R46A_ES12_2021_11_08_NaCl170mM_GMX_JeanZay	closed_seeded	CLOSED_CONSENSUS	195.0	198.0	4	4
R46A_ES12_2021_11_08_NaCl170mM_GMX_JeanZay	closed_seeded	READOUT_CONFLICT	199.0	199.0	1	1
R46A_ES12_2021_11_08_NaCl170mM_GMX_JeanZay	closed_seeded	CLOSED_CONSENSUS	200.0	239.0	40	40
R46A_ES12_2021_11_08_NaCl170mM_GMX_JeanZay	closed_seeded	READOUT_CONFLICT	240.0	240.0	1	1
R46A_ES12_2021_11_08_NaCl170mM_GMX_JeanZay	closed_seeded	CLOSED_CONSENSUS	241.0	242.0	2	2
R46A_ES12_2021_11_08_NaCl170mM_GMX_JeanZay	closed_seeded	READOUT_CONFLICT	243.0	245.0	3	3
R46A_ES12_2021_11_08_NaCl170mM_GMX_JeanZay	closed_seeded	CLOSED_CONSENSUS	246.0	248.0	3	3
R46A_ES12_2021_11_08_NaCl170mM_GMX_JeanZay	closed_seeded	READOUT_CONFLICT	249.0	249.0	1	1
R46A_ES12_2021_11_08_NaCl170mM_GMX_JeanZay	closed_seeded	CLOSED_CONSENSUS	250.0	260.0	11	11
R46A_ES12_2021_11_08_NaCl170mM_GMX_JeanZay	closed_seeded	READOUT_CONFLICT	261.0	261.0	1	1
R46A_ES12_2021_11_08_NaCl170mM_GMX_JeanZay	closed_seeded	CLOSED_CONSENSUS	262.0	274.0	13	13
R46A_ES12_2021_11_08_NaCl170mM_GMX_JeanZay	closed_seeded	READOUT_CONFLICT	275.0	275.0	1	1
R46A_ES12_2021_11_08_NaCl170mM_GMX_JeanZay	closed_seeded	CLOSED_CONSENSUS	276.0	276.0	1	1
R46A_ES12_2021_11_08_NaCl170mM_GMX_JeanZay	closed_seeded	READOUT_CONFLICT	277.0	277.0	1	1
R46A_ES12_2021_11_08_NaCl170mM_GMX_JeanZay	closed_seeded	CLOSED_CONSENSUS	278.0	315.0	38	38
R46A_ES12_2021_11_08_NaCl170mM_GMX_JeanZay	closed_seeded	READOUT_CONFLICT	316.0	316.0	1	1
R46A_ES12_2021_11_08_NaCl170mM_GMX_JeanZay	closed_seeded	CLOSED_CONSENSUS	317.0	317.0	1	1
R46A_ES12_2021_11_08_NaCl170mM_GMX_JeanZay	closed_seeded	READOUT_CONFLICT	318.0	318.0	1	1
R46A_ES12_2021_11_08_NaCl170mM_GMX_JeanZay	closed_seeded	CLOSED_CONSENSUS	319.0	334.0	16	16
R46A_ES12_2021_11_08_NaCl170mM_GMX_JeanZay	closed_seeded	READOUT_CONFLICT	335.0	335.0	1	1
R46A_ES12_2021_11_08_NaCl170mM_GMX_JeanZay	closed_seeded	CLOSED_CONSENSUS	336.0	353.0	18	18
R46A_ES12_2021_11_08_NaCl170mM_GMX_JeanZay	closed_seeded	READOUT_CONFLICT	354.0	354.0	1	1
R46A_ES12_2021_11_08_NaCl170mM_GMX_JeanZay	closed_seeded	CLOSED_CONSENSUS	355.0	355.0	1	1
R46A_ES12_2021_11_08_NaCl170mM_GMX_JeanZay	closed_seeded	READOUT_CONFLICT	356.0	356.0	1	1
R46A_ES12_2021_11_08_NaCl170mM_GMX_JeanZay	closed_seeded	CLOSED_CONSENSUS	357.0	359.0	3	3
R46A_ES12_2021_11_08_NaCl170mM_GMX_JeanZay	closed_seeded	READOUT_CONFLICT	360.0	360.0	1	1
R46A_ES12_2021_11_08_NaCl170mM_GMX_JeanZay	closed_seeded	CLOSED_CONSENSUS	361.0	364.0	4	4
R46A_ES12_2021_11_08_NaCl170mM_GMX_JeanZay	closed_seeded	READOUT_CONFLICT	365.0	365.0	1	1
R46A_ES12_2021_11_08_NaCl170mM_GMX_JeanZay	closed_seeded	CLOSED_CONSENSUS	366.0	366.0	1	1
R46A_ES12_2021_11_08_NaCl170mM_GMX_JeanZay	closed_seeded	READOUT_CONFLICT	367.0	367.0	1	1
R46A_ES12_2021_11_08_NaCl170mM_GMX_JeanZay	closed_seeded	CLOSED_CONSENSUS	368.0	543.0	176	176
R46A_ES12_2021_11_08_NaCl170mM_GMX_JeanZay	closed_seeded	READOUT_CONFLICT	544.0	544.0	1	1
R46A_ES12_2021_11_08_NaCl170mM_GMX_JeanZay	closed_seeded	CLOSED_CONSENSUS	545.0	559.0	15	15
R46A_ES12_2021_11_08_NaCl170mM_GMX_JeanZay	closed_seeded	READOUT_CONFLICT	560.0	560.0	1	1
R46A_ES12_2021_11_08_NaCl170mM_GMX_JeanZay	closed_seeded	CLOSED_CONSENSUS	561.0	769.0	209	209
R46A_ES12_2021_11_08_NaCl170mM_GMX_JeanZay	closed_seeded	READOUT_CONFLICT	770.0	770.0	1	1
R46A_ES12_2021_11_08_NaCl170mM_GMX_JeanZay	closed_seeded	CLOSED_CONSENSUS	771.0	1020.0	250	250
R46A_ES13_2021_11_08_NaCl170mM_GMX_JeanZay	closed_seeded	CLOSED_CONSENSUS	20.0	1020.0	1001	1001
R46A_ES14_2021_11_08_NaCl170mM_GMX_JeanZay	closed_seeded	CLOSED_CONSENSUS	20.0	22.0	3	3
R46A_ES14_2021_11_08_NaCl170mM_GMX_JeanZay	closed_seeded	READOUT_CONFLICT	23.0	24.0	2	2
R46A_ES14_2021_11_08_NaCl170mM_GMX_JeanZay	closed_seeded	CLOSED_CONSENSUS	25.0	45.0	21	21
R46A_ES14_2021_11_08_NaCl170mM_GMX_JeanZay	closed_seeded	READOUT_CONFLICT	46.0	70.0	25	25
R46A_ES14_2021_11_08_NaCl170mM_GMX_JeanZay	closed_seeded	OPEN_CONSENSUS	71.0	71.0	1	1
R46A_ES14_2021_11_08_NaCl170mM_GMX_JeanZay	closed_seeded	READOUT_CONFLICT	72.0	197.0	126	126
R46A_ES14_2021_11_08_NaCl170mM_GMX_JeanZay	closed_seeded	OPEN_CONSENSUS	198.0	198.0	1	1
R46A_ES14_2021_11_08_NaCl170mM_GMX_JeanZay	closed_seeded	READOUT_CONFLICT	199.0	346.0	148	148
R46A_ES14_2021_11_08_NaCl170mM_GMX_JeanZay	closed_seeded	OPEN_CONSENSUS	347.0	347.0	1	1
R46A_ES14_2021_11_08_NaCl170mM_GMX_JeanZay	closed_seeded	READOUT_CONFLICT	348.0	450.0	103	103
R46A_ES14_2021_11_08_NaCl170mM_GMX_JeanZay	closed_seeded	OPEN_CONSENSUS	451.0	451.0	1	1
R46A_ES14_2021_11_08_NaCl170mM_GMX_JeanZay	closed_seeded	READOUT_CONFLICT	452.0	518.0	67	67
R46A_ES14_2021_11_08_NaCl170mM_GMX_JeanZay	closed_seeded	OPEN_CONSENSUS	519.0	519.0	1	1
R46A_ES14_2021_11_08_NaCl170mM_GMX_JeanZay	closed_seeded	READOUT_CONFLICT	520.0	520.0	1	1
R46A_ES14_2021_11_08_NaCl170mM_GMX_JeanZay	closed_seeded	OPEN_CONSENSUS	521.0	521.0	1	1
R46A_ES14_2021_11_08_NaCl170mM_GMX_JeanZay	closed_seeded	READOUT_CONFLICT	522.0	582.0	61	61
R46A_ES14_2021_11_08_NaCl170mM_GMX_JeanZay	closed_seeded	OPEN_CONSENSUS	583.0	583.0	1	1
R46A_ES14_2021_11_08_NaCl170mM_GMX_JeanZay	closed_seeded	READOUT_CONFLICT	584.0	606.0	23	23
R46A_ES14_2021_11_08_NaCl170mM_GMX_JeanZay	closed_seeded	OPEN_CONSENSUS	607.0	609.0	3	3
R46A_ES14_2021_11_08_NaCl170mM_GMX_JeanZay	closed_seeded	READOUT_CONFLICT	610.0	610.0	1	1
R46A_ES14_2021_11_08_NaCl170mM_GMX_JeanZay	closed_seeded	OPEN_CONSENSUS	611.0	614.0	4	4
R46A_ES14_2021_11_08_NaCl170mM_GMX_JeanZay	closed_seeded	READOUT_CONFLICT	615.0	617.0	3	3
R46A_ES14_2021_11_08_NaCl170mM_GMX_JeanZay	closed_seeded	OPEN_CONSENSUS	618.0	619.0	2	2
R46A_ES14_2021_11_08_NaCl170mM_GMX_JeanZay	closed_seeded	READOUT_CONFLICT	620.0	620.0	1	1
R46A_ES14_2021_11_08_NaCl170mM_GMX_JeanZay	closed_seeded	OPEN_CONSENSUS	621.0	633.0	13	13
R46A_ES14_2021_11_08_NaCl170mM_GMX_JeanZay	closed_seeded	READOUT_CONFLICT	634.0	634.0	1	1
R46A_ES14_2021_11_08_NaCl170mM_GMX_JeanZay	closed_seeded	OPEN_CONSENSUS	635.0	652.0	18	18
R46A_ES14_2021_11_08_NaCl170mM_GMX_JeanZay	closed_seeded	READOUT_CONFLICT	653.0	653.0	1	1
R46A_ES14_2021_11_08_NaCl170mM_GMX_JeanZay	closed_seeded	OPEN_CONSENSUS	654.0	668.0	15	15
R46A_ES14_2021_11_08_NaCl170mM_GMX_JeanZay	closed_seeded	READOUT_CONFLICT	669.0	670.0	2	2
R46A_ES14_2021_11_08_NaCl170mM_GMX_JeanZay	closed_seeded	OPEN_CONSENSUS	671.0	1020.0	350	350
R46A_ES15_2021_11_08_NaCl170mM_GMX_JeanZay	closed_seeded	READOUT_CONFLICT	20.0	20.0	1	1
R46A_ES15_2021_11_08_NaCl170mM_GMX_JeanZay	closed_seeded	CLOSED_CONSENSUS	21.0	41.0	21	21
R46A_ES15_2021_11_08_NaCl170mM_GMX_JeanZay	closed_seeded	READOUT_CONFLICT	42.0	44.0	3	3
R46A_ES15_2021_11_08_NaCl170mM_GMX_JeanZay	closed_seeded	CLOSED_CONSENSUS	45.0	46.0	2	2
R46A_ES15_2021_11_08_NaCl170mM_GMX_JeanZay	closed_seeded	READOUT_CONFLICT	47.0	52.0	6	6
R46A_ES15_2021_11_08_NaCl170mM_GMX_JeanZay	closed_seeded	CLOSED_CONSENSUS	53.0	53.0	1	1
R46A_ES15_2021_11_08_NaCl170mM_GMX_JeanZay	closed_seeded	READOUT_CONFLICT	54.0	56.0	3	3
R46A_ES15_2021_11_08_NaCl170mM_GMX_JeanZay	closed_seeded	CLOSED_CONSENSUS	57.0	60.0	4	4
R46A_ES15_2021_11_08_NaCl170mM_GMX_JeanZay	closed_seeded	READOUT_CONFLICT	61.0	61.0	1	1
R46A_ES15_2021_11_08_NaCl170mM_GMX_JeanZay	closed_seeded	CLOSED_CONSENSUS	62.0	62.0	1	1
R46A_ES15_2021_11_08_NaCl170mM_GMX_JeanZay	closed_seeded	READOUT_CONFLICT	63.0	68.0	6	6
R46A_ES15_2021_11_08_NaCl170mM_GMX_JeanZay	closed_seeded	CLOSED_CONSENSUS	69.0	71.0	3	3
R46A_ES15_2021_11_08_NaCl170mM_GMX_JeanZay	closed_seeded	READOUT_CONFLICT	72.0	75.0	4	4
R46A_ES15_2021_11_08_NaCl170mM_GMX_JeanZay	closed_seeded	CLOSED_CONSENSUS	76.0	76.0	1	1
R46A_ES15_2021_11_08_NaCl170mM_GMX_JeanZay	closed_seeded	READOUT_CONFLICT	77.0	78.0	2	2
R46A_ES15_2021_11_08_NaCl170mM_GMX_JeanZay	closed_seeded	CLOSED_CONSENSUS	79.0	79.0	1	1
R46A_ES15_2021_11_08_NaCl170mM_GMX_JeanZay	closed_seeded	READOUT_CONFLICT	80.0	80.0	1	1
R46A_ES15_2021_11_08_NaCl170mM_GMX_JeanZay	closed_seeded	CLOSED_CONSENSUS	81.0	81.0	1	1
R46A_ES15_2021_11_08_NaCl170mM_GMX_JeanZay	closed_seeded	READOUT_CONFLICT	82.0	86.0	5	5
R46A_ES15_2021_11_08_NaCl170mM_GMX_JeanZay	closed_seeded	CLOSED_CONSENSUS	87.0	107.0	21	21
R46A_ES15_2021_11_08_NaCl170mM_GMX_JeanZay	closed_seeded	READOUT_CONFLICT	108.0	108.0	1	1
R46A_ES15_2021_11_08_NaCl170mM_GMX_JeanZay	closed_seeded	CLOSED_CONSENSUS	109.0	113.0	5	5
R46A_ES15_2021_11_08_NaCl170mM_GMX_JeanZay	closed_seeded	READOUT_CONFLICT	114.0	114.0	1	1
R46A_ES15_2021_11_08_NaCl170mM_GMX_JeanZay	closed_seeded	OPEN_CONSENSUS	115.0	1020.0	906	906
R46A_ES16_2021_11_08_NaCl170mM_GMX_JeanZay	closed_seeded	CLOSED_CONSENSUS	20.0	137.0	118	118
R46A_ES16_2021_11_08_NaCl170mM_GMX_JeanZay	closed_seeded	READOUT_CONFLICT	138.0	141.0	4	4
R46A_ES16_2021_11_08_NaCl170mM_GMX_JeanZay	closed_seeded	CLOSED_CONSENSUS	142.0	142.0	1	1
R46A_ES16_2021_11_08_NaCl170mM_GMX_JeanZay	closed_seeded	READOUT_CONFLICT	143.0	143.0	1	1
R46A_ES16_2021_11_08_NaCl170mM_GMX_JeanZay	closed_seeded	CLOSED_CONSENSUS	144.0	147.0	4	4
R46A_ES16_2021_11_08_NaCl170mM_GMX_JeanZay	closed_seeded	READOUT_CONFLICT	148.0	148.0	1	1
R46A_ES16_2021_11_08_NaCl170mM_GMX_JeanZay	closed_seeded	CLOSED_CONSENSUS	149.0	150.0	2	2
R46A_ES16_2021_11_08_NaCl170mM_GMX_JeanZay	closed_seeded	READOUT_CONFLICT	151.0	165.0	15	15
R46A_ES16_2021_11_08_NaCl170mM_GMX_JeanZay	closed_seeded	CLOSED_CONSENSUS	166.0	166.0	1	1
R46A_ES16_2021_11_08_NaCl170mM_GMX_JeanZay	closed_seeded	READOUT_CONFLICT	167.0	213.0	47	47
R46A_ES16_2021_11_08_NaCl170mM_GMX_JeanZay	closed_seeded	CLOSED_CONSENSUS	214.0	218.0	5	5
R46A_ES16_2021_11_08_NaCl170mM_GMX_JeanZay	closed_seeded	READOUT_CONFLICT	219.0	222.0	4	4
R46A_ES16_2021_11_08_NaCl170mM_GMX_JeanZay	closed_seeded	CLOSED_CONSENSUS	223.0	224.0	2	2
R46A_ES16_2021_11_08_NaCl170mM_GMX_JeanZay	closed_seeded	READOUT_CONFLICT	225.0	228.0	4	4
R46A_ES16_2021_11_08_NaCl170mM_GMX_JeanZay	closed_seeded	CLOSED_CONSENSUS	229.0	229.0	1	1
R46A_ES16_2021_11_08_NaCl170mM_GMX_JeanZay	closed_seeded	READOUT_CONFLICT	230.0	230.0	1	1
R46A_ES16_2021_11_08_NaCl170mM_GMX_JeanZay	closed_seeded	CLOSED_CONSENSUS	231.0	231.0	1	1
R46A_ES16_2021_11_08_NaCl170mM_GMX_JeanZay	closed_seeded	READOUT_CONFLICT	232.0	237.0	6	6
R46A_ES16_2021_11_08_NaCl170mM_GMX_JeanZay	closed_seeded	CLOSED_CONSENSUS	238.0	238.0	1	1
R46A_ES16_2021_11_08_NaCl170mM_GMX_JeanZay	closed_seeded	READOUT_CONFLICT	239.0	331.0	93	93
R46A_ES16_2021_11_08_NaCl170mM_GMX_JeanZay	closed_seeded	OPEN_CONSENSUS	332.0	332.0	1	1
R46A_ES16_2021_11_08_NaCl170mM_GMX_JeanZay	closed_seeded	READOUT_CONFLICT	333.0	383.0	51	51
R46A_ES16_2021_11_08_NaCl170mM_GMX_JeanZay	closed_seeded	OPEN_CONSENSUS	384.0	385.0	2	2
R46A_ES16_2021_11_08_NaCl170mM_GMX_JeanZay	closed_seeded	READOUT_CONFLICT	386.0	387.0	2	2
R46A_ES16_2021_11_08_NaCl170mM_GMX_JeanZay	closed_seeded	OPEN_CONSENSUS	388.0	388.0	1	1
R46A_ES16_2021_11_08_NaCl170mM_GMX_JeanZay	closed_seeded	READOUT_CONFLICT	389.0	389.0	1	1
R46A_ES16_2021_11_08_NaCl170mM_GMX_JeanZay	closed_seeded	OPEN_CONSENSUS	390.0	390.0	1	1
R46A_ES16_2021_11_08_NaCl170mM_GMX_JeanZay	closed_seeded	READOUT_CONFLICT	391.0	393.0	3	3
R46A_ES16_2021_11_08_NaCl170mM_GMX_JeanZay	closed_seeded	OPEN_CONSENSUS	394.0	394.0	1	1
R46A_ES16_2021_11_08_NaCl170mM_GMX_JeanZay	closed_seeded	READOUT_CONFLICT	395.0	395.0	1	1
R46A_ES16_2021_11_08_NaCl170mM_GMX_JeanZay	closed_seeded	OPEN_CONSENSUS	396.0	397.0	2	2
R46A_ES16_2021_11_08_NaCl170mM_GMX_JeanZay	closed_seeded	READOUT_CONFLICT	398.0	398.0	1	1
R46A_ES16_2021_11_08_NaCl170mM_GMX_JeanZay	closed_seeded	OPEN_CONSENSUS	399.0	400.0	2	2
R46A_ES16_2021_11_08_NaCl170mM_GMX_JeanZay	closed_seeded	READOUT_CONFLICT	401.0	401.0	1	1
R46A_ES16_2021_11_08_NaCl170mM_GMX_JeanZay	closed_seeded	OPEN_CONSENSUS	402.0	784.0	383	383
R46A_ES16_2021_11_08_NaCl170mM_GMX_JeanZay	closed_seeded	READOUT_CONFLICT	785.0	785.0	1	1
R46A_ES16_2021_11_08_NaCl170mM_GMX_JeanZay	closed_seeded	OPEN_CONSENSUS	786.0	1020.0	235	235
R46A_ES17_2021_11_08_NaCl170mM_GMX_JeanZay	closed_seeded	CLOSED_CONSENSUS	20.0	476.0	457	457
R46A_ES17_2021_11_08_NaCl170mM_GMX_JeanZay	closed_seeded	READOUT_CONFLICT	477.0	477.0	1	1
R46A_ES17_2021_11_08_NaCl170mM_GMX_JeanZay	closed_seeded	CLOSED_CONSENSUS	478.0	533.0	56	56
R46A_ES17_2021_11_08_NaCl170mM_GMX_JeanZay	closed_seeded	READOUT_CONFLICT	534.0	539.0	6	6
R46A_ES17_2021_11_08_NaCl170mM_GMX_JeanZay	closed_seeded	CLOSED_CONSENSUS	540.0	542.0	3	3
R46A_ES17_2021_11_08_NaCl170mM_GMX_JeanZay	closed_seeded	READOUT_CONFLICT	543.0	579.0	37	37
R46A_ES17_2021_11_08_NaCl170mM_GMX_JeanZay	closed_seeded	OPEN_CONSENSUS	580.0	588.0	9	9
R46A_ES17_2021_11_08_NaCl170mM_GMX_JeanZay	closed_seeded	READOUT_CONFLICT	589.0	590.0	2	2
R46A_ES17_2021_11_08_NaCl170mM_GMX_JeanZay	closed_seeded	OPEN_CONSENSUS	591.0	598.0	8	8
R46A_ES17_2021_11_08_NaCl170mM_GMX_JeanZay	closed_seeded	READOUT_CONFLICT	599.0	602.0	4	4
R46A_ES17_2021_11_08_NaCl170mM_GMX_JeanZay	closed_seeded	OPEN_CONSENSUS	603.0	603.0	1	1
R46A_ES17_2021_11_08_NaCl170mM_GMX_JeanZay	closed_seeded	READOUT_CONFLICT	604.0	604.0	1	1
R46A_ES17_2021_11_08_NaCl170mM_GMX_JeanZay	closed_seeded	OPEN_CONSENSUS	605.0	646.0	42	42
R46A_ES17_2021_11_08_NaCl170mM_GMX_JeanZay	closed_seeded	READOUT_CONFLICT	647.0	647.0	1	1
R46A_ES17_2021_11_08_NaCl170mM_GMX_JeanZay	closed_seeded	OPEN_CONSENSUS	648.0	652.0	5	5
R46A_ES17_2021_11_08_NaCl170mM_GMX_JeanZay	closed_seeded	READOUT_CONFLICT	653.0	653.0	1	1
R46A_ES17_2021_11_08_NaCl170mM_GMX_JeanZay	closed_seeded	OPEN_CONSENSUS	654.0	654.0	1	1
R46A_ES17_2021_11_08_NaCl170mM_GMX_JeanZay	closed_seeded	READOUT_CONFLICT	655.0	655.0	1	1
R46A_ES17_2021_11_08_NaCl170mM_GMX_JeanZay	closed_seeded	OPEN_CONSENSUS	656.0	659.0	4	4
R46A_ES17_2021_11_08_NaCl170mM_GMX_JeanZay	closed_seeded	READOUT_CONFLICT	660.0	662.0	3	3
R46A_ES17_2021_11_08_NaCl170mM_GMX_JeanZay	closed_seeded	OPEN_CONSENSUS	663.0	663.0	1	1
R46A_ES17_2021_11_08_NaCl170mM_GMX_JeanZay	closed_seeded	READOUT_CONFLICT	664.0	664.0	1	1
R46A_ES17_2021_11_08_NaCl170mM_GMX_JeanZay	closed_seeded	OPEN_CONSENSUS	665.0	665.0	1	1
R46A_ES17_2021_11_08_NaCl170mM_GMX_JeanZay	closed_seeded	READOUT_CONFLICT	666.0	686.0	21	21
R46A_ES17_2021_11_08_NaCl170mM_GMX_JeanZay	closed_seeded	OPEN_CONSENSUS	687.0	687.0	1	1
R46A_ES17_2021_11_08_NaCl170mM_GMX_JeanZay	closed_seeded	READOUT_CONFLICT	688.0	688.0	1	1
R46A_ES17_2021_11_08_NaCl170mM_GMX_JeanZay	closed_seeded	OPEN_CONSENSUS	689.0	689.0	1	1
R46A_ES17_2021_11_08_NaCl170mM_GMX_JeanZay	closed_seeded	READOUT_CONFLICT	690.0	690.0	1	1
R46A_ES17_2021_11_08_NaCl170mM_GMX_JeanZay	closed_seeded	OPEN_CONSENSUS	691.0	691.0	1	1
R46A_ES17_2021_11_08_NaCl170mM_GMX_JeanZay	closed_seeded	READOUT_CONFLICT	692.0	700.0	9	9
R46A_ES17_2021_11_08_NaCl170mM_GMX_JeanZay	closed_seeded	OPEN_CONSENSUS	701.0	701.0	1	1
R46A_ES17_2021_11_08_NaCl170mM_GMX_JeanZay	closed_seeded	READOUT_CONFLICT	702.0	718.0	17	17
R46A_ES17_2021_11_08_NaCl170mM_GMX_JeanZay	closed_seeded	OPEN_CONSENSUS	719.0	719.0	1	1
R46A_ES17_2021_11_08_NaCl170mM_GMX_JeanZay	closed_seeded	READOUT_CONFLICT	720.0	733.0	14	14
R46A_ES17_2021_11_08_NaCl170mM_GMX_JeanZay	closed_seeded	OPEN_CONSENSUS	734.0	734.0	1	1
R46A_ES17_2021_11_08_NaCl170mM_GMX_JeanZay	closed_seeded	READOUT_CONFLICT	735.0	739.0	5	5
R46A_ES17_2021_11_08_NaCl170mM_GMX_JeanZay	closed_seeded	OPEN_CONSENSUS	740.0	740.0	1	1
R46A_ES17_2021_11_08_NaCl170mM_GMX_JeanZay	closed_seeded	READOUT_CONFLICT	741.0	760.0	20	20
R46A_ES17_2021_11_08_NaCl170mM_GMX_JeanZay	closed_seeded	OPEN_CONSENSUS	761.0	761.0	1	1
R46A_ES17_2021_11_08_NaCl170mM_GMX_JeanZay	closed_seeded	READOUT_CONFLICT	762.0	764.0	3	3
R46A_ES17_2021_11_08_NaCl170mM_GMX_JeanZay	closed_seeded	OPEN_CONSENSUS	765.0	765.0	1	1
R46A_ES17_2021_11_08_NaCl170mM_GMX_JeanZay	closed_seeded	READOUT_CONFLICT	766.0	774.0	9	9
R46A_ES17_2021_11_08_NaCl170mM_GMX_JeanZay	closed_seeded	OPEN_CONSENSUS	775.0	775.0	1	1
R46A_ES17_2021_11_08_NaCl170mM_GMX_JeanZay	closed_seeded	READOUT_CONFLICT	776.0	776.0	1	1
R46A_ES17_2021_11_08_NaCl170mM_GMX_JeanZay	closed_seeded	OPEN_CONSENSUS	777.0	777.0	1	1
R46A_ES17_2021_11_08_NaCl170mM_GMX_JeanZay	closed_seeded	READOUT_CONFLICT	778.0	779.0	2	2
R46A_ES17_2021_11_08_NaCl170mM_GMX_JeanZay	closed_seeded	OPEN_CONSENSUS	780.0	791.0	12	12
R46A_ES17_2021_11_08_NaCl170mM_GMX_JeanZay	closed_seeded	READOUT_CONFLICT	792.0	793.0	2	2
R46A_ES17_2021_11_08_NaCl170mM_GMX_JeanZay	closed_seeded	OPEN_CONSENSUS	794.0	797.0	4	4
R46A_ES17_2021_11_08_NaCl170mM_GMX_JeanZay	closed_seeded	READOUT_CONFLICT	798.0	798.0	1	1
R46A_ES17_2021_11_08_NaCl170mM_GMX_JeanZay	closed_seeded	OPEN_CONSENSUS	799.0	801.0	3	3
R46A_ES17_2021_11_08_NaCl170mM_GMX_JeanZay	closed_seeded	READOUT_CONFLICT	802.0	802.0	1	1
R46A_ES17_2021_11_08_NaCl170mM_GMX_JeanZay	closed_seeded	OPEN_CONSENSUS	803.0	806.0	4	4
R46A_ES17_2021_11_08_NaCl170mM_GMX_JeanZay	closed_seeded	READOUT_CONFLICT	807.0	807.0	1	1
R46A_ES17_2021_11_08_NaCl170mM_GMX_JeanZay	closed_seeded	OPEN_CONSENSUS	808.0	808.0	1	1
R46A_ES17_2021_11_08_NaCl170mM_GMX_JeanZay	closed_seeded	READOUT_CONFLICT	809.0	809.0	1	1
R46A_ES17_2021_11_08_NaCl170mM_GMX_JeanZay	closed_seeded	OPEN_CONSENSUS	810.0	813.0	4	4
R46A_ES17_2021_11_08_NaCl170mM_GMX_JeanZay	closed_seeded	READOUT_CONFLICT	814.0	817.0	4	4
R46A_ES17_2021_11_08_NaCl170mM_GMX_JeanZay	closed_seeded	OPEN_CONSENSUS	818.0	820.0	3	3
R46A_ES17_2021_11_08_NaCl170mM_GMX_JeanZay	closed_seeded	READOUT_CONFLICT	821.0	823.0	3	3
R46A_ES17_2021_11_08_NaCl170mM_GMX_JeanZay	closed_seeded	OPEN_CONSENSUS	824.0	825.0	2	2
R46A_ES17_2021_11_08_NaCl170mM_GMX_JeanZay	closed_seeded	READOUT_CONFLICT	826.0	826.0	1	1
R46A_ES17_2021_11_08_NaCl170mM_GMX_JeanZay	closed_seeded	OPEN_CONSENSUS	827.0	827.0	1	1
R46A_ES17_2021_11_08_NaCl170mM_GMX_JeanZay	closed_seeded	READOUT_CONFLICT	828.0	828.0	1	1
R46A_ES17_2021_11_08_NaCl170mM_GMX_JeanZay	closed_seeded	OPEN_CONSENSUS	829.0	830.0	2	2
R46A_ES17_2021_11_08_NaCl170mM_GMX_JeanZay	closed_seeded	READOUT_CONFLICT	831.0	831.0	1	1
R46A_ES17_2021_11_08_NaCl170mM_GMX_JeanZay	closed_seeded	OPEN_CONSENSUS	832.0	832.0	1	1
R46A_ES17_2021_11_08_NaCl170mM_GMX_JeanZay	closed_seeded	READOUT_CONFLICT	833.0	842.0	10	10
R46A_ES17_2021_11_08_NaCl170mM_GMX_JeanZay	closed_seeded	OPEN_CONSENSUS	843.0	843.0	1	1
R46A_ES17_2021_11_08_NaCl170mM_GMX_JeanZay	closed_seeded	READOUT_CONFLICT	844.0	844.0	1	1
R46A_ES17_2021_11_08_NaCl170mM_GMX_JeanZay	closed_seeded	OPEN_CONSENSUS	845.0	847.0	3	3
R46A_ES17_2021_11_08_NaCl170mM_GMX_JeanZay	closed_seeded	READOUT_CONFLICT	848.0	849.0	2	2
R46A_ES17_2021_11_08_NaCl170mM_GMX_JeanZay	closed_seeded	OPEN_CONSENSUS	850.0	850.0	1	1
R46A_ES17_2021_11_08_NaCl170mM_GMX_JeanZay	closed_seeded	READOUT_CONFLICT	851.0	853.0	3	3
R46A_ES17_2021_11_08_NaCl170mM_GMX_JeanZay	closed_seeded	OPEN_CONSENSUS	854.0	854.0	1	1
R46A_ES17_2021_11_08_NaCl170mM_GMX_JeanZay	closed_seeded	READOUT_CONFLICT	855.0	855.0	1	1
R46A_ES17_2021_11_08_NaCl170mM_GMX_JeanZay	closed_seeded	OPEN_CONSENSUS	856.0	856.0	1	1
R46A_ES17_2021_11_08_NaCl170mM_GMX_JeanZay	closed_seeded	READOUT_CONFLICT	857.0	859.0	3	3
R46A_ES17_2021_11_08_NaCl170mM_GMX_JeanZay	closed_seeded	OPEN_CONSENSUS	860.0	860.0	1	1
R46A_ES17_2021_11_08_NaCl170mM_GMX_JeanZay	closed_seeded	READOUT_CONFLICT	861.0	861.0	1	1
R46A_ES17_2021_11_08_NaCl170mM_GMX_JeanZay	closed_seeded	OPEN_CONSENSUS	862.0	863.0	2	2
R46A_ES17_2021_11_08_NaCl170mM_GMX_JeanZay	closed_seeded	READOUT_CONFLICT	864.0	864.0	1	1
R46A_ES17_2021_11_08_NaCl170mM_GMX_JeanZay	closed_seeded	OPEN_CONSENSUS	865.0	866.0	2	2
R46A_ES17_2021_11_08_NaCl170mM_GMX_JeanZay	closed_seeded	READOUT_CONFLICT	867.0	867.0	1	1
R46A_ES17_2021_11_08_NaCl170mM_GMX_JeanZay	closed_seeded	OPEN_CONSENSUS	868.0	870.0	3	3
R46A_ES17_2021_11_08_NaCl170mM_GMX_JeanZay	closed_seeded	READOUT_CONFLICT	871.0	874.0	4	4
R46A_ES17_2021_11_08_NaCl170mM_GMX_JeanZay	closed_seeded	OPEN_CONSENSUS	875.0	877.0	3	3
R46A_ES17_2021_11_08_NaCl170mM_GMX_JeanZay	closed_seeded	READOUT_CONFLICT	878.0	878.0	1	1
R46A_ES17_2021_11_08_NaCl170mM_GMX_JeanZay	closed_seeded	OPEN_CONSENSUS	879.0	904.0	26	26
R46A_ES17_2021_11_08_NaCl170mM_GMX_JeanZay	closed_seeded	READOUT_CONFLICT	905.0	905.0	1	1
R46A_ES17_2021_11_08_NaCl170mM_GMX_JeanZay	closed_seeded	OPEN_CONSENSUS	906.0	907.0	2	2
R46A_ES17_2021_11_08_NaCl170mM_GMX_JeanZay	closed_seeded	READOUT_CONFLICT	908.0	908.0	1	1
R46A_ES17_2021_11_08_NaCl170mM_GMX_JeanZay	closed_seeded	OPEN_CONSENSUS	909.0	910.0	2	2
R46A_ES17_2021_11_08_NaCl170mM_GMX_JeanZay	closed_seeded	READOUT_CONFLICT	911.0	911.0	1	1
R46A_ES17_2021_11_08_NaCl170mM_GMX_JeanZay	closed_seeded	OPEN_CONSENSUS	912.0	912.0	1	1
R46A_ES17_2021_11_08_NaCl170mM_GMX_JeanZay	closed_seeded	READOUT_CONFLICT	913.0	913.0	1	1
R46A_ES17_2021_11_08_NaCl170mM_GMX_JeanZay	closed_seeded	OPEN_CONSENSUS	914.0	919.0	6	6
R46A_ES17_2021_11_08_NaCl170mM_GMX_JeanZay	closed_seeded	READOUT_CONFLICT	920.0	920.0	1	1
R46A_ES17_2021_11_08_NaCl170mM_GMX_JeanZay	closed_seeded	OPEN_CONSENSUS	921.0	922.0	2	2
R46A_ES17_2021_11_08_NaCl170mM_GMX_JeanZay	closed_seeded	READOUT_CONFLICT	923.0	924.0	2	2
R46A_ES17_2021_11_08_NaCl170mM_GMX_JeanZay	closed_seeded	OPEN_CONSENSUS	925.0	925.0	1	1
R46A_ES17_2021_11_08_NaCl170mM_GMX_JeanZay	closed_seeded	READOUT_CONFLICT	926.0	927.0	2	2
R46A_ES17_2021_11_08_NaCl170mM_GMX_JeanZay	closed_seeded	OPEN_CONSENSUS	928.0	928.0	1	1
R46A_ES17_2021_11_08_NaCl170mM_GMX_JeanZay	closed_seeded	READOUT_CONFLICT	929.0	929.0	1	1
R46A_ES17_2021_11_08_NaCl170mM_GMX_JeanZay	closed_seeded	OPEN_CONSENSUS	930.0	933.0	4	4
R46A_ES17_2021_11_08_NaCl170mM_GMX_JeanZay	closed_seeded	READOUT_CONFLICT	934.0	935.0	2	2
R46A_ES17_2021_11_08_NaCl170mM_GMX_JeanZay	closed_seeded	OPEN_CONSENSUS	936.0	936.0	1	1
R46A_ES17_2021_11_08_NaCl170mM_GMX_JeanZay	closed_seeded	READOUT_CONFLICT	937.0	937.0	1	1
R46A_ES17_2021_11_08_NaCl170mM_GMX_JeanZay	closed_seeded	OPEN_CONSENSUS	938.0	938.0	1	1
R46A_ES17_2021_11_08_NaCl170mM_GMX_JeanZay	closed_seeded	READOUT_CONFLICT	939.0	941.0	3	3
R46A_ES17_2021_11_08_NaCl170mM_GMX_JeanZay	closed_seeded	OPEN_CONSENSUS	942.0	947.0	6	6
R46A_ES17_2021_11_08_NaCl170mM_GMX_JeanZay	closed_seeded	READOUT_CONFLICT	948.0	948.0	1	1
R46A_ES17_2021_11_08_NaCl170mM_GMX_JeanZay	closed_seeded	OPEN_CONSENSUS	949.0	978.0	30	30
R46A_ES17_2021_11_08_NaCl170mM_GMX_JeanZay	closed_seeded	READOUT_CONFLICT	979.0	979.0	1	1
R46A_ES17_2021_11_08_NaCl170mM_GMX_JeanZay	closed_seeded	OPEN_CONSENSUS	980.0	980.0	1	1
R46A_ES17_2021_11_08_NaCl170mM_GMX_JeanZay	closed_seeded	READOUT_CONFLICT	981.0	981.0	1	1
R46A_ES17_2021_11_08_NaCl170mM_GMX_JeanZay	closed_seeded	OPEN_CONSENSUS	982.0	983.0	2	2
R46A_ES17_2021_11_08_NaCl170mM_GMX_JeanZay	closed_seeded	READOUT_CONFLICT	984.0	986.0	3	3
R46A_ES17_2021_11_08_NaCl170mM_GMX_JeanZay	closed_seeded	OPEN_CONSENSUS	987.0	988.0	2	2
R46A_ES17_2021_11_08_NaCl170mM_GMX_JeanZay	closed_seeded	READOUT_CONFLICT	989.0	989.0	1	1
R46A_ES17_2021_11_08_NaCl170mM_GMX_JeanZay	closed_seeded	OPEN_CONSENSUS	990.0	1007.0	18	18
R46A_ES17_2021_11_08_NaCl170mM_GMX_JeanZay	closed_seeded	READOUT_CONFLICT	1008.0	1008.0	1	1
R46A_ES17_2021_11_08_NaCl170mM_GMX_JeanZay	closed_seeded	OPEN_CONSENSUS	1009.0	1009.0	1	1
R46A_ES17_2021_11_08_NaCl170mM_GMX_JeanZay	closed_seeded	READOUT_CONFLICT	1010.0	1010.0	1	1
R46A_ES17_2021_11_08_NaCl170mM_GMX_JeanZay	closed_seeded	OPEN_CONSENSUS	1011.0	1012.0	2	2
R46A_ES17_2021_11_08_NaCl170mM_GMX_JeanZay	closed_seeded	READOUT_CONFLICT	1013.0	1013.0	1	1
R46A_ES17_2021_11_08_NaCl170mM_GMX_JeanZay	closed_seeded	OPEN_CONSENSUS	1014.0	1020.0	7	7
R46A_ES18_2021_11_08_NaCl170mM_GMX_JeanZay	closed_seeded	CLOSED_CONSENSUS	20.0	1020.0	1001	1001
R46A_ES19_2021_11_08_NaCl170mM_GMX_JeanZay	closed_seeded	READOUT_CONFLICT	20.0	23.0	4	4
R46A_ES19_2021_11_08_NaCl170mM_GMX_JeanZay	closed_seeded	CLOSED_CONSENSUS	24.0	24.0	1	1
R46A_ES19_2021_11_08_NaCl170mM_GMX_JeanZay	closed_seeded	READOUT_CONFLICT	25.0	28.0	4	4
R46A_ES19_2021_11_08_NaCl170mM_GMX_JeanZay	closed_seeded	CLOSED_CONSENSUS	29.0	29.0	1	1
R46A_ES19_2021_11_08_NaCl170mM_GMX_JeanZay	closed_seeded	READOUT_CONFLICT	30.0	38.0	9	9
R46A_ES19_2021_11_08_NaCl170mM_GMX_JeanZay	closed_seeded	CLOSED_CONSENSUS	39.0	39.0	1	1
R46A_ES19_2021_11_08_NaCl170mM_GMX_JeanZay	closed_seeded	READOUT_CONFLICT	40.0	56.0	17	17
R46A_ES19_2021_11_08_NaCl170mM_GMX_JeanZay	closed_seeded	OPEN_CONSENSUS	57.0	57.0	1	1
R46A_ES19_2021_11_08_NaCl170mM_GMX_JeanZay	closed_seeded	READOUT_CONFLICT	58.0	58.0	1	1
R46A_ES19_2021_11_08_NaCl170mM_GMX_JeanZay	closed_seeded	OPEN_CONSENSUS	59.0	1020.0	962	962
R46A_ES20_2021_11_08_NaCl170mM_GMX_JeanZay	closed_seeded	CLOSED_CONSENSUS	20.0	20.0	1	1
R46A_ES20_2021_11_08_NaCl170mM_GMX_JeanZay	closed_seeded	READOUT_CONFLICT	21.0	40.0	20	20
R46A_ES20_2021_11_08_NaCl170mM_GMX_JeanZay	closed_seeded	OPEN_CONSENSUS	41.0	43.0	3	3
R46A_ES20_2021_11_08_NaCl170mM_GMX_JeanZay	closed_seeded	READOUT_CONFLICT	44.0	44.0	1	1
R46A_ES20_2021_11_08_NaCl170mM_GMX_JeanZay	closed_seeded	OPEN_CONSENSUS	45.0	1020.0	976	976
R60A_GS01_2021_11_19_NaCl170mM_GMX_JeanZay	open_seeded	OPEN_CONSENSUS	20.0	1020.0	1001	1001
R60A_GS02_2021_11_19_NaCl170mM_GMX_JeanZay	open_seeded	OPEN_CONSENSUS	20.0	1020.0	1001	1001
R60A_GS03_2021_11_19_NaCl170mM_GMX_JeanZay	open_seeded	OPEN_CONSENSUS	20.0	1020.0	1001	1001
R60A_GS04_2021_11_19_NaCl170mM_GMX_JeanZay	open_seeded	OPEN_CONSENSUS	20.0	1020.0	1001	1001
R60A_GS05_2021_11_19_NaCl170mM_GMX_JeanZay	open_seeded	OPEN_CONSENSUS	20.0	1020.0	1001	1001
R60A_GS06_2021_11_19_NaCl170mM_GMX_JeanZay	open_seeded	OPEN_CONSENSUS	20.0	1020.0	1001	1001
R60A_GS07_2021_11_19_NaCl170mM_GMX_JeanZay	open_seeded	OPEN_CONSENSUS	20.0	1020.0	1001	1001
R60A_GS08_2021_11_19_NaCl170mM_GMX_JeanZay	open_seeded	OPEN_CONSENSUS	20.0	1020.0	1001	1001
R60A_GS09_2021_11_19_NaCl170mM_GMX_JeanZay	open_seeded	OPEN_CONSENSUS	20.0	1020.0	1001	1001
R60A_GS10_2021_11_19_NaCl170mM_GMX_JeanZay	open_seeded	OPEN_CONSENSUS	20.0	1020.0	1001	1001
R60A_GS11_2021_11_19_NaCl170mM_GMX_JeanZay	open_seeded	OPEN_CONSENSUS	20.0	1020.0	1001	1001
R60A_GS12_2021_11_19_NaCl170mM_GMX_JeanZay	open_seeded	OPEN_CONSENSUS	20.0	1020.0	1001	1001
R60A_GS13_2021_11_19_NaCl170mM_GMX_JeanZay	open_seeded	OPEN_CONSENSUS	20.0	1020.0	1001	1001
R60A_GS14_2021_11_19_NaCl170mM_GMX_JeanZay	open_seeded	OPEN_CONSENSUS	20.0	1020.0	1001	1001
R60A_GS15_2021_11_19_NaCl170mM_GMX_JeanZay	open_seeded	OPEN_CONSENSUS	20.0	1020.0	1001	1001
R60A_GS16_2021_11_19_NaCl170mM_GMX_JeanZay	open_seeded	OPEN_CONSENSUS	20.0	1020.0	1001	1001
R60A_GS17_2021_11_19_NaCl170mM_GMX_JeanZay	open_seeded	OPEN_CONSENSUS	20.0	1020.0	1001	1001
R60A_GS18_2021_11_19_NaCl170mM_GMX_JeanZay	open_seeded	OPEN_CONSENSUS	20.0	1020.0	1001	1001
R60A_GS19_2021_11_19_NaCl170mM_GMX_JeanZay	open_seeded	OPEN_CONSENSUS	20.0	1020.0	1001	1001
R60A_GS20_2021_11_19_NaCl170mM_GMX_JeanZay	open_seeded	OPEN_CONSENSUS	20.0	1020.0	1001	1001
