frame_index	time_ns	NMP_CORE_mean_CA_distance_A	LID_CORE_mean_CA_distance_A
0	0.0	26.314766910336417	34.49890998781923
1	0.2	27.11499705861442	33.156287289847185
2	0.4	26.69808649836074	33.43999768983977
3	0.6	26.53518143049079	33.80798519375975
4	0.8	26.348586446218082	33.86058877584475
5	1.0	26.330714297023476	33.34992915464822
6	1.2	26.203334910504246	32.399978048328606
7	1.4	26.60993853443044	32.857927584812195
8	1.6	26.30556486861174	34.33070704507926
9	1.8	26.443380082440882	33.406494843103815
10	2.0	26.80097811644071	33.070366367763356
11	2.2	26.110321192727124	34.1859277116309
12	2.4	26.336960072879133	33.565411988297235
13	2.6	26.447381180030995	33.83403314905954
14	2.8	26.79106560326804	34.10440223912717
15	3.0	25.689596297742757	33.424777838429506
16	3.2	26.272696764000948	34.830054497351405
17	3.4	26.16488038666699	34.845024983946786
18	3.6	26.244996706698053	35.456949487694956
19	3.8	26.11238431024325	34.15295518594903
20	4.0	26.17016829021931	34.79035477086692
21	4.2	26.07612441424748	34.84650906428922
22	4.4	26.683931704325747	35.33499753676746
23	4.6	26.375284211168516	34.81818735068405
24	4.8	26.22373003239212	33.046258960591594
25	5.0	26.446643239983782	32.95113346006088
26	5.2	26.659994742446575	33.03159726840197
27	5.4	26.515218758367883	33.331488873681515
28	5.6	26.81711146120417	33.46442385803087
29	5.8	25.908993435339074	33.78088445859684
30	6.0	26.56717647395513	33.01843273270476
31	6.2	25.91289795747924	32.61019121429712
32	6.4	26.217920045206778	34.57037372769305
33	6.6	26.384877642619575	34.96277714465865
34	6.8	26.571868228409567	35.42981931912738
35	7.0	26.33036809188727	37.10931494475803
36	7.2	25.79469967102724	33.97215965862746
37	7.4	25.920986536477397	34.73796367311826
38	7.6	25.971995260067626	35.080981979914476
39	7.8	26.049860316024752	34.84108708458673
40	8.0	26.41577939985234	34.51022322621271
41	8.2	26.63789669466775	35.13064888396699
42	8.4	26.10530271935602	32.945075368362566
43	8.6	26.095174098651476	34.15325494549374
44	8.8	26.0818325012837	34.58981370617529
45	9.0	26.427630153496988	33.76142549827658
46	9.2	26.2835379083196	35.8349648854181
47	9.4	26.22803540515293	33.820042628093205
48	9.6	26.05099620680228	33.57655156555787
49	9.8	25.908680090162395	33.21655336841107
50	10.0	26.082266024501234	33.25202436570798
51	10.2	26.708536948875764	33.22219927049826
52	10.4	26.17135981902647	33.070724434385106
53	10.6	26.375422593748112	33.31489614172195
54	10.8	26.344831933919256	34.722059879837445
55	11.0	25.71986413115541	33.42911712331265
56	11.2	26.747517375220163	34.09913082624874
57	11.4	26.21822017238309	35.04356694137604
58	11.6	26.491174053794943	35.28718831944183
59	11.8	26.572118028991692	34.8958274354777
60	12.0	27.04549162931595	34.67148786755833
61	12.2	26.70378245593135	35.530308806619
62	12.4	26.45864101767631	33.961132061857285
63	12.6	26.705300389680932	35.12849799762368
64	12.8	26.162675345275925	35.330950689500135
65	13.0	26.72370267367829	34.37697384094105
66	13.2	26.544143317672535	34.946696025751166
67	13.4	26.389807044396377	35.32245638849786
68	13.6	26.55225965466303	36.30612939396794
69	13.8	26.674099130399718	36.42895419642092
70	14.0	26.545607845468844	35.18517849805764
71	14.2	26.488927062907276	34.288529136599955
72	14.4	26.429369784739862	35.28148722199554
73	14.6	26.502201975695396	35.02867290110773
74	14.8	26.291534317464755	36.8278274806937
75	15.0	26.633350636226087	34.848747434631484
76	15.2	26.505657529017675	35.68283684515931
77	15.4	26.34428924883554	34.395654411206074
78	15.6	26.35677855921349	36.55072418840531
79	15.8	26.44510556445436	36.23039895121355
80	16.0	26.422792010361963	34.526434852434974
81	16.2	26.510134124849653	35.58760877483856
82	16.4	26.176960151833626	36.82349606790656
83	16.6	26.386921751844405	35.67433807645723
84	16.8	26.06253920757164	35.11926846161069
85	17.0	26.023363348428468	35.365355996964226
86	17.2	25.81832704004068	35.39299713986397
87	17.4	26.18038927239314	33.88227904086226
88	17.6	26.34590208491519	33.772335221091865
89	17.8	26.39770692767193	34.776358276228066
90	18.0	25.87679968799567	35.57384525402408
91	18.2	26.105325714388076	33.47225451220539
92	18.4	26.11929110010615	32.20981214097659
93	18.6	25.950884559008507	32.655351324927594
94	18.8	26.50349906470405	33.787205740420035
95	19.0	25.955536993804465	33.637628492338436
96	19.2	26.177507958844913	33.37974707635744
97	19.4	26.022403713317455	33.7761857392653
98	19.6	26.62752183803654	34.20254913270386
99	19.8	26.293112585142243	34.736159028473935
100	20.0	25.705179890483596	34.44927651453364
101	20.2	25.66545663745713	33.840985712778824
102	20.4	26.141802588086875	35.31474086925134
103	20.6	26.122490311596646	35.23148796004359
104	20.8	26.311829766903667	35.6247506808118
105	21.0	25.996030718067196	33.96058667359923
106	21.2	25.920701552869765	36.23315542599052
107	21.4	26.300440022559393	34.134414949030344
108	21.6	25.706541004096533	35.91529754548064
109	21.8	26.437545339091486	35.68458457730999
110	22.0	25.751279593606668	36.21341928853463
111	22.2	25.97503957096825	36.10478301458637
112	22.4	26.289914640484504	32.37608724975885
113	22.6	26.1571286432964	31.77874725173495
114	22.8	26.116107523495867	33.16862729833586
115	23.0	26.87908283636318	36.33887316045165
116	23.2	26.134983059409187	35.846700288667805
117	23.4	26.22420277254918	35.753279826933166
118	23.6	26.077503612461022	36.0396765696331
119	23.8	25.764593416506226	35.29901530617991
120	24.0	26.275831719930512	35.664417741872725
121	24.2	25.892494565524707	36.846177129879464
122	24.4	25.90633264815122	35.73942063047956
123	24.6	26.088857755334963	33.732191029005705
124	24.8	26.42697625824733	33.871035543128016
125	25.0	26.932774788389644	33.298647090346336
126	25.2	26.2986085548084	33.525251107837335
127	25.4	26.64154291729712	32.593201819261374
128	25.6	26.803675617479286	34.15466302886776
129	25.8	27.307176393011495	33.076494571325576
130	26.0	25.972939159373404	31.576851808958317
131	26.2	26.547987370418582	33.700799184954946
132	26.4	26.36924067756465	33.45027877396269
133	26.6	25.942520579121183	32.61401796965735
134	26.8	26.71035660936838	32.6330508032843
135	27.0	26.710070972058173	32.36672840723705
136	27.2	25.92624021118738	31.65070280122075
137	27.4	26.104327734895723	32.097803228454
138	27.6	26.113517646833195	31.16128545374682
139	27.8	26.04117748596987	30.25926762466393
140	28.0	25.593018331859366	30.850683431769795
141	28.2	26.31088044773395	32.43027207560708
142	28.4	26.29633442156786	31.47785466577011
143	28.6	26.12475635283606	32.18981604020702
144	28.8	25.972024431245018	32.799045694380396
145	29.0	25.80760339116095	32.911061797297776
146	29.2	26.21097071260587	33.879438285999555
147	29.4	26.137573006270213	31.263046413802304
148	29.6	26.13146443833378	31.773650414658533
149	29.8	26.224261406972055	32.07218736680584
150	30.0	26.761698461035625	32.31214260730703
151	30.2	25.960089391831872	33.602068093241236
152	30.4	25.86703010089976	36.13719746590979
153	30.6	26.00762704907816	36.19989713205132
154	30.8	26.337474246975393	35.769544070503414
155	31.0	25.610019219541194	33.96414453003845
156	31.2	25.886059558990002	33.757956448143716
157	31.4	25.73539132919114	34.51319838321822
158	31.6	25.542904204329062	34.15247680085953
159	31.8	25.897705414148874	31.43510083805063
160	32.0	25.422712698190573	35.192108609462196
161	32.2	26.03683510249896	36.86884941785873
162	32.4	25.95104709490815	34.50146553588964
163	32.6	26.147697218362676	35.18603658819239
164	32.8	25.81843955305569	34.847064586531225
165	33.0	26.29867482418708	35.09411394536024
166	33.2	26.45813597080395	35.62158597831639
167	33.4	26.69170705512385	36.77263779603395
168	33.6	26.430494775249908	35.84880894814582
169	33.8	26.69456117534113	36.667633377692866
170	34.0	26.18631053218317	34.831622086076
171	34.2	26.253877915857043	33.552946194318366
172	34.4	26.1183762549391	34.63125597066127
173	34.6	25.995550831343387	34.28463199461753
174	34.8	25.698827121020507	34.73663485686846
175	35.0	25.62176547729288	35.125922647060236
176	35.2	26.402073751610576	35.51155941754923
177	35.4	25.818734575105342	34.25358436980415
178	35.6	25.963161939670933	35.53131418213954
179	35.8	25.990185652763255	35.12783555077101
180	36.0	25.95213394614049	36.157385740912616
181	36.2	25.6456467212068	36.78761944452316
182	36.4	26.292006913539538	35.125604068289206
183	36.6	26.079627606528526	35.42611412585605
184	36.8	25.67948786244346	36.219171764694345
185	37.0	25.61129120282961	35.45028619404103
186	37.2	25.550382515677743	32.83319136110589
187	37.4	25.757103625248053	34.47397210879622
188	37.6	26.408222875021075	35.20888190775353
189	37.8	26.58275362087704	34.97452977766388
190	38.0	25.955279467810357	37.204490063094134
191	38.2	26.458364381092817	36.78037002797069
192	38.4	27.181048098655143	34.969173815647615
193	38.6	27.32914085008912	35.47109525973749
194	38.8	26.32991897308072	36.201173115372995
195	39.0	26.41210053349154	34.46064515494017
196	39.2	25.55062537635804	34.69071007179018
197	39.4	25.770635503207007	35.04162766180684
198	39.6	25.725111332319614	35.47170260064753
199	39.8	25.64576159332212	32.360088787407804
200	40.0	25.769932183267724	34.47521827467011
201	40.2	25.98864797460542	34.156263346350826
202	40.4	26.46398247514276	34.185323445658206
203	40.6	26.394242840221864	35.9190196981579
204	40.8	26.004956311092712	35.28398331046238
205	41.0	25.949026432318018	37.02437025141923
206	41.2	25.795898772808375	35.392118711577176
207	41.4	26.24990864549988	34.66300481812676
208	41.6	26.470157738040296	34.947037705777504
209	41.8	26.412664353443706	34.65908110628315
210	42.0	25.721803289154227	35.93940957608917
211	42.2	25.747734780179222	33.6405773434936
212	42.4	26.708202270102657	34.23344798161461
213	42.6	26.20258628116083	32.809158866300116
214	42.8	26.120320603159694	31.83942069887471
215	43.0	25.770753118594417	32.25067739885832
216	43.2	25.43486928069592	33.654288257843824
217	43.4	26.45884044771667	34.65363988521028
218	43.6	25.782352079252014	35.07104285769857
219	43.8	25.68751994511743	35.39610025336468
220	44.0	25.608944535021173	35.73734894408841
221	44.2	26.094022582007	34.42293778267221
222	44.4	26.590201046973363	33.24105106084437
223	44.6	25.548431952497385	34.68667903518297
224	44.8	26.933424660393698	34.91624531767555
225	45.0	26.184883174360582	37.33538357193344
226	45.2	26.69174626324721	35.09781095421707
227	45.4	26.089773960753202	36.81465104836213
228	45.6	25.78016966531208	36.060387920317645
229	45.8	25.67283246129	36.54416765907433
230	46.0	26.349417701108692	34.93719370850867
231	46.2	26.17099740656069	35.117101592362
232	46.4	26.49469187379412	34.30843056668085
233	46.6	26.548916189056957	34.16507818104265
234	46.8	26.856203599442804	34.807192165692705
235	47.0	26.921136889230905	35.07918058595077
236	47.2	26.67091759776961	36.034825564406226
237	47.4	26.477517260592087	34.54786957418894
238	47.6	27.005879225593524	33.94231751917638
239	47.8	26.373564371226998	34.55543656293484
240	48.0	26.014416814852268	32.809555532836406
241	48.2	26.33219228203415	34.21260127182731
242	48.4	25.833650732142317	34.91307746378344
243	48.6	25.946852818795026	34.76013479809362
244	48.8	26.222242596490734	34.97163305642231
245	49.0	26.506560299770516	35.88394504997208
246	49.2	26.227034889339485	34.7474178647461
247	49.4	26.324385800556236	34.53857848414489
248	49.6	26.194535412895462	35.10422550849591
249	49.8	25.901160455393157	35.16188399784698
250	50.0	26.171861357325525	36.985798800585066
251	50.2	26.020994868283164	34.60908889704019
252	50.4	26.430184421257724	34.347538524536084
253	50.6	26.569576134257247	34.57722348977968
254	50.8	26.31593854147357	34.486943237753124
255	51.0	26.02144103575863	33.880483360928324
256	51.2	26.11898185145038	34.87408922484799
257	51.4	26.629999666956042	36.98730001247503
258	51.6	26.479135116016927	35.901462174909554
259	51.8	26.130517756697657	36.06765685715947
260	52.0	26.470502614964143	36.05670307090115
261	52.2	26.30173184096657	34.087675888113715
262	52.4	26.08042313577246	35.74512989856309
263	52.6	26.181916875516887	36.74594468879306
264	52.8	26.240411361694214	35.265491293930346
265	53.0	26.295787905507538	35.59338161309856
266	53.2	26.588111027566907	36.4017133511368
267	53.4	27.38693042099464	34.3105011553671
268	53.6	26.952139461780913	34.19301427131194
269	53.8	27.350246015695806	34.15975665564375
270	54.0	26.801259110773916	32.50895543177748
271	54.2	26.96963520151665	33.37516910738773
272	54.4	27.30180659220969	32.97882121677569
273	54.6	27.24048546294211	33.43770736910063
274	54.8	27.250549074113426	33.10536820959395
275	55.0	27.51026266945683	31.66456273213496
276	55.2	27.295751107573295	33.05175563642711
277	55.4	27.578792009966243	31.9104401896624
278	55.6	26.75968218372329	31.87459699812884
279	55.8	27.993286235340587	32.14160402174366
280	56.0	27.122832064447685	32.87338436677631
281	56.2	26.55254703898298	32.65479030989076
282	56.4	26.87464199097795	31.883129504159697
283	56.6	27.267970566143415	31.784526217478763
284	56.8	26.662969364194492	31.722477028093145
285	57.0	27.343891922689565	32.34524055993339
286	57.2	27.285276606671868	31.43595375722571
287	57.4	26.61237390343824	31.2112954716623
288	57.6	26.814676643316588	32.54551997057389
289	57.8	27.51595740203124	31.923961715858194
290	58.0	27.393106026139378	33.20641766054302
291	58.2	27.448961593442878	34.91855285751021
292	58.4	27.312541599251208	35.489598369597054
293	58.6	26.835628348865285	36.25413888579748
294	58.8	26.953988373782146	33.85934762411549
295	59.0	27.267900126491714	33.553848206042886
296	59.2	26.94801538756265	33.46002287298856
297	59.4	27.082447734914126	34.139429967220394
298	59.6	26.785717956161147	34.03106886410545
299	59.8	26.976846049332455	33.167797132023914
300	60.0	27.01847964639192	33.13977808661211
301	60.2	27.380166957715733	33.98552912149896
302	60.4	27.111589064532364	35.628053537307515
303	60.6	27.09731810311977	35.11158414518109
304	60.8	26.75976192818525	32.22638825411153
305	61.0	26.550686712128822	34.065572199261325
306	61.2	27.016202074084344	35.65550903230992
307	61.4	26.683774947180265	33.25935938135562
308	61.6	26.465971243986566	33.63633493776451
309	61.8	27.128692564652017	33.407273142518626
310	62.0	27.48648869048344	33.46780833741627
311	62.2	26.57513437352261	31.693313777862322
312	62.4	26.57421819147722	32.7272096824205
313	62.6	26.811241714127785	32.66074441410895
314	62.8	26.991406748613123	35.56283382065423
315	63.0	27.03196939042207	36.3919856670449
316	63.2	26.093342648357478	35.844233754752544
317	63.4	26.52780902762327	34.57817538418387
318	63.6	26.20489157959317	35.27608393611261
319	63.8	27.042180477769282	34.290849688607004
320	64.0	26.513556225479647	32.72567772497677
321	64.2	26.362704531668378	34.00553746726698
322	64.4	27.07487155096846	32.16290816751147
323	64.6	26.742763895444025	32.44154077388468
324	64.8	25.99561906572871	32.57586319695396
325	65.0	26.526849805344774	30.85355189465295
326	65.2	26.607503594260642	32.23723006270573
327	65.4	26.414746003602932	32.57780965719175
328	65.6	26.931601285859248	34.01528234396982
329	65.8	26.952394097638447	33.09104896879171
330	66.0	26.558811371681134	33.26221256775367
331	66.2	26.28850899245983	32.138889509312406
332	66.4	26.26531818140414	31.812232854687764
333	66.6	26.509402900389766	30.490036965867372
334	66.8	26.70462542587707	32.37105016820396
335	67.0	26.693610745568314	33.359475493804084
336	67.2	26.241411422656004	32.69708680242356
337	67.4	26.0740501994035	31.905437449925554
338	67.6	26.852170918474833	30.134792766079375
339	67.8	26.893309433363445	31.82173530918685
340	68.0	26.65868945144486	33.03127403666813
341	68.2	26.27892534133508	33.96015001475763
342	68.4	26.602116203707055	33.25603215139719
343	68.6	26.60886352669847	32.63359365851676
344	68.8	26.118093597694497	32.811826193146686
345	69.0	26.459743618612972	32.20555254652662
346	69.2	26.30131354943835	31.720227973666198
347	69.4	26.705594090955888	33.89445285309089
348	69.6	26.447241015168903	33.331690268032716
349	69.8	26.13631143105346	32.75892405768205
350	70.0	25.962312496610657	33.709970393537276
351	70.2	26.071678210333236	32.19099017779687
352	70.4	26.270461198802455	31.91254083625086
353	70.6	26.41254566526062	31.268585927811397
354	70.8	26.15915264828406	32.30785332570699
355	71.0	25.998789647483218	31.49859260814378
356	71.2	26.218975769131085	31.936427855535083
357	71.4	26.70338540948753	32.675502438409
358	71.6	26.65692971876549	33.19776648778739
359	71.8	26.25610839033156	32.47172913032659
360	72.0	26.299096279113336	33.021589046319804
361	72.2	26.32751089834752	31.91023506637457
362	72.4	26.036596988564213	33.699649757913456
363	72.6	25.8890523178735	32.33905301040123
364	72.8	26.391414643333643	33.09366762753039
365	73.0	26.2170340281155	33.43009766602716
366	73.2	25.76345603830981	33.65357703646622
367	73.4	26.15794964133385	33.02886483219629
368	73.6	25.92052482490361	33.002283151871424
369	73.8	25.80867482209494	32.48522092066092
370	74.0	25.35173038804248	34.13782942720841
371	74.2	26.198380311173125	33.63207598419119
372	74.4	26.120302532515026	31.080526140824624
373	74.6	26.704337048319424	30.933351012024676
374	74.8	26.805756117011473	32.04067912026115
375	75.0	26.913139104284767	34.41573650751764
376	75.2	26.141971866500246	33.53979135766701
377	75.4	25.97438164642186	33.315097367271974
378	75.6	26.32190280080797	33.75452609533483
379	75.8	26.344441159204187	33.329838466296145
380	76.0	27.086839524611943	32.092082326874966
381	76.2	27.410634111986326	32.2520315214402
382	76.4	27.01662563544309	31.47067097742916
383	76.6	26.760279715097738	31.602357605662544
384	76.8	26.832583054355307	31.733527815894167
385	77.0	26.777093496653503	32.54235766925071
386	77.2	27.2543051238749	32.85997524803965
387	77.4	26.86749187402448	30.970123709889787
388	77.6	26.756381763063402	33.3914877004706
389	77.8	26.76350744982744	33.02922299849089
390	78.0	27.089804511383637	32.625721754485944
391	78.2	27.559834455598924	32.25941380369113
392	78.4	27.33039088212194	32.011315209699916
393	78.6	27.815914861774353	31.501407442231205
394	78.8	27.108685299134542	34.38087473236437
395	79.0	26.575037915817514	33.42506330034825
396	79.2	27.345658765992404	31.448976623329802
397	79.4	27.03457809376512	32.45583593872298
398	79.6	27.148422925946175	32.88374266763074
399	79.8	27.154784826490054	33.17762000564638
400	80.0	26.815669787646858	32.05396831251397
401	80.2	26.536671424501694	33.18507627657887
402	80.4	26.613264375251354	32.780463919641264
403	80.6	27.15723634653311	35.931453954288656
404	80.8	26.941058323412356	34.178918233971274
405	81.0	27.19807406051277	35.643324558380044
406	81.2	26.25329274740704	35.34924331092487
407	81.4	26.527117683718163	34.17981974351166
408	81.6	26.009957743476456	34.5318976390311
409	81.8	26.29358056724781	33.99262206356646
410	82.0	26.70966316151301	35.3885234492839
411	82.2	26.71989172431779	35.27567585737356
412	82.4	26.923897651728392	35.817434224390425
413	82.6	26.431119120919835	35.07718593454466
414	82.8	26.32669893208639	35.009501624714005
415	83.0	27.252232103721596	34.73633946412774
416	83.2	27.415766103047535	32.27144695050339
417	83.4	27.443745764723165	33.11010653069013
418	83.6	26.706631082572763	33.568051842729716
419	83.8	27.061383323030398	34.01564503905617
420	84.0	26.972230757093524	34.70443497505723
421	84.2	26.423449053954336	34.440870759518624
422	84.4	26.40900161738239	34.84835938120562
423	84.6	26.08344380967205	33.413192693033245
424	84.8	26.183278557775633	34.3930590787753
425	85.0	27.102094734400403	33.423334560787836
426	85.2	26.48535066258478	34.74688360777381
427	85.4	26.417564245774678	34.56689972454715
428	85.6	26.62752548906122	35.52483249096172
429	85.8	26.336661573609558	35.30755112907781
430	86.0	26.401543733557943	34.08891638531586
431	86.2	26.388523130014384	34.75623358042335
432	86.4	26.62896574435559	34.278029088795634
433	86.6	26.47091862435014	33.05652573821473
434	86.8	26.51942404751605	35.15038326242842
435	87.0	26.991132025446895	35.18772621164176
436	87.2	26.151519053465435	34.89760786068753
437	87.4	26.444118909495167	35.70218879223545
438	87.6	26.997134672111173	33.80157433425446
439	87.8	26.849400088114646	36.48882993802644
440	88.0	26.765926331939838	35.91800665466941
441	88.2	27.201651083054237	33.53739174191572
442	88.4	27.17307660011084	36.06733813012483
443	88.6	26.83802836369427	33.843582850758075
444	88.8	26.611903453813184	34.63327811126742
445	89.0	26.67084009806539	33.538731368430454
446	89.2	27.083831987553044	32.19818705894241
447	89.4	26.892145551328884	32.92726503008272
448	89.6	27.15584060899622	33.76812570774628
449	89.8	26.61434589072516	33.55678334437586
450	90.0	26.658369005475357	34.60615242494729
451	90.2	26.653227431376703	34.01292359245006
452	90.4	27.273081195242245	33.944596610916236
453	90.6	27.082325466330985	34.520581784491576
454	90.8	27.096198987846396	32.750617545564005
455	91.0	26.685415921751524	33.86276186029746
456	91.2	26.98803053297332	32.13266242042756
457	91.4	26.8001356377346	35.14758502016997
458	91.6	27.02902081865647	34.33054540790806
459	91.8	27.15400592378871	34.805473627007046
460	92.0	26.770960485741913	35.68187692678253
461	92.2	27.302397349755424	34.63176811014471
462	92.4	27.55379318666915	33.347060843189084
463	92.6	27.20651280865218	32.85701178535551
464	92.8	27.38531800361154	34.539574329622944
465	93.0	27.17274960251337	32.80571423077047
466	93.2	27.33419574787658	31.74974063025195
467	93.4	27.170285125797594	33.424988454684936
468	93.6	26.796680009082422	34.59188046322067
469	93.8	27.236237288493154	33.994345809157586
470	94.0	27.126090963798113	34.29083267028669
471	94.2	26.661246348109852	34.243996738273545
472	94.4	27.028841490921675	33.851312149936916
473	94.6	26.79173886313661	37.204314020132735
474	94.8	26.42258917034079	33.62225801292111
475	95.0	26.524980810446188	33.649182060031265
476	95.2	26.943733951355252	33.09491763792112
477	95.4	26.738620071433527	33.5699564057997
478	95.6	26.655049079203625	33.517790064118444
479	95.8	27.027098939138323	32.934108667074796
480	96.0	26.523984361495422	34.5568820043581
481	96.2	26.79530400718245	34.472831739010324
482	96.4	27.296171330547647	33.78497634401725
483	96.6	26.26242785491946	35.0674725147337
484	96.8	26.962863897708402	34.22227187947043
485	97.0	26.666260002479977	34.957186344532914
486	97.2	26.750497491775846	33.59494690081201
487	97.4	26.393616104633296	34.008638648279785
488	97.6	26.17806213043344	35.551365658527885
489	97.8	26.381846717002844	34.50253409925367
490	98.0	26.781574351461565	34.22247119446635
491	98.2	26.799026441591906	34.281783653910416
492	98.4	26.327754522133883	34.13720548353739
493	98.6	26.738943389461628	35.651586705134044
494	98.8	27.405757863760986	34.539299588139414
495	99.0	27.504659685238266	32.57115834340434
496	99.2	26.662895236128364	33.4155150637582
497	99.4	27.18360251230957	35.1383322374272
498	99.6	26.49345088506977	34.71405439126457
499	99.8	27.045087661068862	34.173977809395076
500	100.0	26.52898663394206	32.80381674517516
501	100.2	26.83910688212808	32.60486219549961
502	100.4	27.681018279349278	32.82969627383516
503	100.6	27.441702351264446	33.392172983773655
504	100.8	27.519502788063708	32.871590487350126
505	101.0	26.91147293360686	32.65783526193606
506	101.2	27.454803008055414	32.42693425949342
507	101.4	27.330849490250387	32.0846208195756
508	101.6	27.53509401160315	33.02069214904387
509	101.8	27.759440984538696	32.690631586027436
510	102.0	27.15536013718057	34.43488553630718
511	102.2	27.643332960544534	33.213991995577956
512	102.4	26.836175231168763	32.394933060956404
513	102.6	27.22958161922808	32.96546035211887
514	102.8	27.2502852285433	32.9131580517821
515	103.0	27.937831693671647	33.60332450528696
516	103.2	27.384503836504106	34.22304806836425
517	103.4	27.38397697531377	32.64580458871629
518	103.6	27.784723466713974	33.730782020278625
519	103.8	27.906364260566182	33.26882976467185
520	104.0	27.569254226625702	32.61088548268595
521	104.2	27.80801376718971	32.54975728714226
522	104.4	27.118877291150973	32.587880119377196
523	104.6	26.98919773293095	33.02107952363129
524	104.8	27.12077138518302	31.579752776995708
525	105.0	27.723197749544916	33.45786454814803
526	105.2	27.51041753628392	33.121486020658736
527	105.4	27.45673072840076	32.86515240362393
528	105.6	27.142537430517432	32.97507228454096
529	105.8	27.70034803584018	32.93083591596677
530	106.0	27.382997753154758	33.718203795157734
531	106.2	27.369694658794593	35.97473783227024
532	106.4	26.93805058818913	35.359373981854795
533	106.6	27.472946287902722	32.975782104741825
534	106.8	26.846698479391957	33.62821340576655
535	107.0	26.53438372153976	35.242156350816785
536	107.2	27.216321171517777	32.03378312559005
537	107.4	27.05665486485211	32.029275706132786
538	107.6	27.005379662536573	32.80815701133998
539	107.8	27.53575849721437	32.15765304072325
540	108.0	27.145608615634437	33.911328728413665
541	108.2	27.006029599079795	33.1076170854556
542	108.4	26.88641233965005	34.26312742680313
543	108.6	26.48882863683546	32.48551969987011
544	108.8	26.60150173039073	34.439308497815176
545	109.0	26.656010962234834	35.78307250435385
546	109.2	26.99005398739097	36.365257425196816
547	109.4	27.10738658795804	34.712519962526855
548	109.6	26.992793971749325	33.79709861572284
549	109.8	26.843029483004102	35.390404847981216
550	110.0	26.890112499482154	34.340189475579486
551	110.2	27.017689357574834	33.86298960825906
552	110.4	26.077941766562986	34.44343006560606
553	110.6	26.717452823309255	34.13573251276645
554	110.8	26.305310227768842	34.84771990070807
555	111.0	26.87332082327054	35.040816588802144
556	111.2	26.27902137619593	33.808466562378484
557	111.4	27.242645076434098	34.793426776961006
558	111.6	27.0541733536974	33.897927835481354
559	111.8	27.340400477222786	34.18950157429866
560	112.0	27.066399671955406	35.06307383796303
561	112.2	26.85187644683865	34.6936818830242
562	112.4	27.38868762047219	36.00435120731437
563	112.6	27.202976787090176	35.59458338483167
564	112.8	26.260750996663234	34.12481564738294
565	113.0	27.3077540214816	33.93974932736234
566	113.2	27.34372817109491	34.76319631102788
567	113.4	26.63853711086844	34.349994700475314
568	113.6	27.370841231868926	34.19753014813708
569	113.8	27.03610897383579	35.286956545184665
570	114.0	27.204001171219918	34.88649711864241
571	114.2	26.56268284102776	32.52794470870896
572	114.4	26.48714887864576	33.421166257081985
573	114.6	26.35363119072061	33.10015339601147
574	114.8	26.335833350490162	33.95774763543603
575	115.0	26.66810264114671	35.18770786246205
576	115.2	26.984307293526445	34.75058100199801
577	115.4	27.165465196369574	35.272747428478084
578	115.6	26.915872252434912	35.915616219942024
579	115.8	26.943293832275188	35.75640540715709
580	116.0	26.802177818081308	37.29709595509031
581	116.2	26.65463370489307	34.42701943804635
582	116.4	26.217173047108272	33.87377824152076
583	116.6	26.686780332613097	35.51795238208809
584	116.8	26.85338070831899	35.33003843668197
585	117.0	26.731387650136167	35.38941921994712
586	117.2	26.605129739017354	34.208169541608974
587	117.4	26.741392355769275	33.96451788332692
588	117.6	26.394187449895266	33.67291633855168
589	117.8	26.534074351192526	33.58247471768439
590	118.0	26.786483661794357	32.79629077621361
591	118.2	26.791699649095886	32.96744099872547
592	118.4	26.974326211524513	33.44723992045609
593	118.6	26.389558686835624	32.780526483286685
594	118.8	26.67146372796686	33.14357083012008
595	119.0	26.624186107912777	32.50575981233351
596	119.2	26.812616250561764	32.968249114844006
597	119.4	27.056319760105392	32.69420143199795
598	119.6	26.74539324329591	32.15450786529123
599	119.8	26.69197273016859	33.1999539466234
600	120.0	27.09313440196129	34.299513922058274
601	120.2	27.58585352287636	34.78061579861774
602	120.4	27.40707366628782	32.109984460055024
603	120.6	27.33594035681017	33.05645460526889
604	120.8	27.91917462449443	33.62005288580116
605	121.0	27.052171006444258	33.19265458517792
606	121.2	26.810043076653034	32.04281622498574
607	121.4	26.881877199617513	33.06064639645031
608	121.6	27.192751367346176	32.2007276497583
609	121.8	26.632389402047185	32.46031044152575
610	122.0	27.028099635498357	34.61934973397768
611	122.2	26.966417393810165	34.2072404389542
612	122.4	26.6271466998302	34.29155494135112
613	122.6	26.300906833688227	33.431038071802405
614	122.8	26.119141503445274	35.398913577446116
615	123.0	26.80011688214448	35.83958903309789
616	123.2	26.872572900346974	34.47874224198053
617	123.4	26.80376483918456	33.55384348308909
618	123.6	26.619650259864535	33.648189290654074
619	123.8	27.55117190468556	34.598053707050134
620	124.0	26.906107824987696	34.16788617708843
621	124.2	26.51284359360751	34.31882712139837
622	124.4	26.36656891005051	34.98477750739127
623	124.6	27.15756381819021	34.89484383476458
624	124.8	27.491440010789294	35.479547302239276
625	125.0	26.88920068562383	36.31319520835792
626	125.2	27.453366261880205	35.656954539499324
627	125.4	27.00832671458274	34.11557729615514
628	125.6	27.659580873565695	33.393038724993424
629	125.8	27.855736165890217	33.530842512072894
630	126.0	27.687852759382434	35.484605310791984
631	126.2	27.738345089599154	33.43579104185781
632	126.4	27.506579328145428	35.026683318892914
633	126.6	26.53844523719946	34.903226682815244
634	126.8	26.648401051254282	36.01791097055781
635	127.0	26.948275505368397	35.39718083742662
636	127.2	26.511998285163948	33.99405758137741
637	127.4	26.729680822945273	34.56480103318584
638	127.6	26.519539488238134	35.04503257640502
639	127.8	26.469844932092357	34.88386694655891
640	128.0	26.411054315167938	35.158986801645455
641	128.2	27.072993410955373	34.426150079496566
642	128.4	26.47893047445996	33.615600440378564
643	128.6	26.190013139023282	33.20306011714393
644	128.8	26.14990981364607	33.86438107263904
645	129.0	26.596194015051076	32.78232216207022
646	129.2	26.05759469540736	34.48945598316645
647	129.4	26.205400930223032	33.747949963091784
648	129.6	26.416187668185014	33.44387529107049
649	129.8	26.84400767543084	33.330520240267305
650	130.0	26.337293716665375	34.13739554762813
651	130.2	26.452414808866063	33.47491544632442
652	130.4	26.521371088712485	34.50512856576311
653	130.6	26.78858011759128	32.40966582113005
654	130.8	27.901931015081303	33.04875477290673
655	131.0	26.267032516329532	32.53524547952961
656	131.2	26.802812429459962	34.45360663687315
657	131.4	26.518226400190176	34.096183460067564
658	131.6	27.49587666994887	35.255929926716746
659	131.8	27.14093329109609	35.575590970757915
660	132.0	27.122065292053062	33.221765256725625
661	132.2	26.5129173155664	33.92433709970099
662	132.4	27.40579808254266	32.87970835822545
663	132.6	27.2823374830154	33.20203060349657
664	132.8	27.642846255787198	32.2483474416378
665	133.0	26.606627635150794	33.22255608100898
666	133.2	26.51269036767075	33.81741644303578
667	133.4	26.52837234087976	33.53403367836268
668	133.6	26.386558474227662	34.887551871205694
669	133.8	26.33503855317745	32.73765458688112
670	134.0	26.414833809750316	33.71206595585063
671	134.2	26.834110837716093	34.22018943944974
672	134.4	27.046423230180054	35.90257645513861
673	134.6	27.043914528408532	35.895465300017094
674	134.8	27.17984277872758	34.10720378675388
675	135.0	26.962729138337707	35.16061400526726
676	135.2	27.470914453556688	35.29451486203608
677	135.4	27.115885120102707	34.87121562888249
678	135.6	26.79285867334897	34.940932363692056
679	135.8	26.538807790453426	36.51331020052941
680	136.0	26.357903985241478	35.97768158826605
681	136.2	26.78833192041525	35.81629291128399
682	136.4	26.718960836019257	36.77556170469479
683	136.6	27.037048576356856	36.024875491921456
684	136.8	26.419679399153825	33.69951787637741
685	137.0	26.95977716633478	35.54882996857327
686	137.2	26.931937566517107	36.07687271816151
687	137.4	26.937583688592813	36.29459219778303
688	137.6	27.5889795206552	33.57860365544103
689	137.8	26.680267038520476	33.97434659375603
690	138.0	26.96688558120592	34.87374709571072
691	138.2	26.997380869043102	35.360501483636696
692	138.4	26.88299570372945	34.758770395704566
693	138.6	26.503885098382355	35.39405726017971
694	138.8	26.119377179846516	37.235774223123876
695	139.0	26.521545769948748	33.3974689708252
696	139.2	26.252414513066835	34.946024734731985
697	139.4	26.30629401435889	34.31843510420264
698	139.6	26.679984937495693	35.61438619133761
699	139.8	26.91290001827088	36.09612764417733
700	140.0	26.18834153410458	33.93438414651
701	140.2	26.193931395002615	33.477398423241254
702	140.4	26.711561589671543	32.27764045557089
703	140.6	26.58924573819466	32.915099074379775
704	140.8	27.268672492884967	32.919804683070346
705	141.0	27.13884419424578	34.15194336015906
706	141.2	26.842474483789314	33.5683715695959
707	141.4	26.53144294463746	32.5009963191141
708	141.6	26.26205886385354	31.45514720997343
709	141.8	26.16374821206169	33.49703871803204
710	142.0	26.537772873954196	35.40714624933415
711	142.2	26.326835949639417	34.887556828288616
712	142.4	26.607553842583854	35.365961392515224
713	142.6	26.61551104857972	34.35255208427758
714	142.8	26.12829490158537	34.4766705079239
715	143.0	26.290344826452053	35.417082893196294
716	143.2	26.596041810007545	34.47220099287138
717	143.4	26.823968699182707	34.7676025417752
718	143.6	26.342872407085924	34.54596093281573
719	143.8	26.054866930240312	33.85997954906296
720	144.0	26.416246462396447	32.88079466924611
721	144.2	25.964637432112482	32.394953078149626
722	144.4	26.32382706864117	32.40538687920023
723	144.6	26.229028525965674	32.96778455067699
724	144.8	26.489878318441495	33.47587389044158
725	145.0	26.45324990033567	32.965505809783856
726	145.2	26.77128629195477	34.586475710265105
727	145.4	26.52983285048688	34.6465364265511
728	145.6	26.504241348536993	33.121254439466774
729	145.8	26.239659728874052	33.5962915274624
730	146.0	26.646693241589123	32.767021099616045
731	146.2	26.026927358747823	32.644588582717255
732	146.4	26.40656460670783	33.02852697233676
733	146.6	26.538323776993423	32.50111180665309
734	146.8	26.410978756421503	32.22198991729349
735	147.0	26.269691725606208	33.647263661474376
736	147.2	26.215331917361926	33.42435881262523
737	147.4	26.812103163489997	33.85088438692215
738	147.6	26.15615654702536	32.82067010978061
739	147.8	26.15969836969373	32.82468518633171
740	148.0	26.610717592187495	32.66227050052311
741	148.2	26.729947090346396	32.25683648041568
742	148.4	27.085836155959726	32.09864462234597
743	148.6	26.798447572617643	33.166716424566125
744	148.8	26.253192960814058	33.50123339195004
745	149.0	27.225693907594383	32.07119236284079
746	149.2	26.278393519881792	32.418002383153826
747	149.4	26.221200433829566	33.8189926231495
748	149.6	26.500923740664465	33.63318835471195
749	149.8	26.414071209837623	33.29215659043336
750	150.0	26.397941562680757	31.668233026131805
751	150.2	26.274420954815845	32.35743363469959
752	150.4	26.079957525555102	33.47400941459042
753	150.6	26.137223244951922	33.45786260432237
754	150.8	27.190756493997007	32.96000249508886
755	151.0	26.912645421773416	32.31960418473696
756	151.2	26.57682920699563	32.379954865970745
757	151.4	27.18924792442493	32.07376762497118
758	151.6	27.296268248264266	33.367246855030466
759	151.8	27.178967922571896	32.46751817685117
760	152.0	26.628889002294645	32.833442266017656
761	152.2	26.480517749126935	32.31334687307565
762	152.4	26.705971378060433	33.349778884139695
763	152.6	26.426715595888204	33.44197304635107
764	152.8	27.176082009568074	32.99242975107877
765	153.0	26.74148009995933	34.87158627515359
766	153.2	26.342771283138784	34.92712652869526
767	153.4	26.52354677765417	31.21417906487666
768	153.6	26.841018664355968	33.34405077960005
769	153.8	26.851484938152694	33.28115378450568
770	154.0	26.355480312638115	35.23554920479855
771	154.2	26.642599907595145	35.90687503408181
772	154.4	26.484405994995434	34.10687960965398
773	154.6	26.78811792879641	32.60083611790035
774	154.8	26.441035266638924	32.332032341498376
775	155.0	26.533168607282875	33.1441702088775
776	155.2	26.044757110908193	35.51187478413874
777	155.4	26.82897049975165	35.36021753269723
778	155.6	26.63073459142636	34.630200181798
779	155.8	26.92915264447647	32.95909431515075
780	156.0	26.586485531004204	33.39326392319556
781	156.2	26.823090615761135	33.146992188280855
782	156.4	26.474656598892192	33.30717932840113
783	156.6	26.650262335920633	34.039718728681734
784	156.8	26.27408416263492	32.180718534444274
785	157.0	26.4865659604303	32.2892654522735
786	157.2	26.540767869110244	30.73824762366431
787	157.4	27.023766655186915	32.21180684920609
788	157.6	27.553731909043933	32.91452712528107
789	157.8	27.009836086962093	33.06526855527762
790	158.0	25.764479843244636	32.24595839639507
791	158.2	26.317007472969742	31.63857999087417
792	158.4	27.016600902792394	31.698380659577722
793	158.6	26.787016955863827	31.580326103755652
794	158.8	26.681928342875597	31.746873216789485
795	159.0	26.741351028020024	31.554185559257043
796	159.2	26.68884434222289	31.58900247075888
797	159.4	26.809074619479553	31.24158688293249
798	159.6	26.597516352306325	31.042660500653703
799	159.8	26.33699868714776	31.792141475543996
800	160.0	26.86446808845327	32.19387566408921
801	160.2	26.655724339779816	32.195979148521616
802	160.4	26.527727633011203	33.524996438628726
803	160.6	26.490212949601236	34.341493767411215
804	160.8	26.295751518431615	33.97000982014314
805	161.0	26.743137890095895	35.27860781852356
806	161.2	26.278222529321177	34.413116139672745
807	161.4	26.548645544189423	33.03609390434794
808	161.6	26.740161732252975	34.59085781837006
809	161.8	26.58731261540306	35.158721499025646
810	162.0	27.425928712334667	35.54073207863336
811	162.2	27.16191529413039	36.12473090002201
812	162.4	27.40772357109517	36.503559573586195
813	162.6	26.814410606654633	35.93682985063146
814	162.8	27.371238191460407	35.89291828350224
815	163.0	26.8046207303872	33.32548921591647
816	163.2	27.083517795948087	33.64523708631626
817	163.4	26.95974167165125	33.04045455756643
818	163.6	27.71210262898271	33.353049429834485
819	163.8	27.19063711031303	32.396901067355905
820	164.0	26.97971385066672	31.445109687036812
821	164.2	27.132201769075554	33.74027136444478
822	164.4	27.046819624959767	34.02912568060919
823	164.6	26.916786504702305	33.554553476361235
824	164.8	27.109544405141644	34.09290701165226
825	165.0	27.10697818855854	35.931941117828124
826	165.2	27.022334026042014	35.425928501597014
827	165.4	27.42691219929369	34.12955828013354
828	165.6	27.270151594513724	34.5967650290422
829	165.8	27.21579140511982	34.136998873987665
830	166.0	27.460035180475383	34.50967765579233
831	166.2	27.445446048291707	35.47507787537311
832	166.4	27.489412073509683	35.53580995945653
833	166.6	27.38873286513229	33.01191255937039
834	166.8	26.965568375236035	33.45857262715242
835	167.0	26.90264022102285	35.1526657461633
836	167.2	27.15110831861649	34.51587389413808
837	167.4	26.556158913326257	34.81918884783431
838	167.6	27.06483569510571	34.658154132079844
839	167.8	27.14098931323977	35.40520118797797
840	168.0	26.765418815986912	34.107009705108396
841	168.2	26.6515818356938	35.166081978902376
842	168.4	26.530580471045827	34.51358472616098
843	168.6	26.697164507417913	31.407593098685773
844	168.8	26.799925588264845	31.886247797201236
845	169.0	27.12544995558582	31.768111967311647
846	169.2	26.475792806062742	31.46335360462406
847	169.4	27.03369148746928	31.61605677594271
848	169.6	27.249995934177004	32.39875657479611
849	169.8	26.92059165469962	32.16289625294163
850	170.0	26.66690757528398	33.6757865452586
851	170.2	26.474161575333774	32.61067145706262
852	170.4	26.847271156162865	33.481779292688785
853	170.6	27.096275681463577	33.26349036248857
854	170.8	27.024622668444362	32.2211681282137
855	171.0	26.78195861802767	33.3405521435802
856	171.2	26.80043072940785	32.9418407705609
857	171.4	26.481718552114703	32.89623935829765
858	171.6	27.06170484014334	32.19180028472718
859	171.8	27.069641209240366	32.287826616602885
860	172.0	26.687684479636307	31.536859129148997
861	172.2	26.405322839187328	33.25536370249503
862	172.4	26.71008433076891	33.443144806898324
863	172.6	26.703701697412072	32.99798102544028
864	172.8	27.109632048030996	32.77486894794078
865	173.0	27.584834070610544	32.88128114394055
866	173.2	27.879287124582085	33.074873194209694
867	173.4	27.254531474034913	32.3082406734727
868	173.6	27.155993761963494	32.333296260668064
869	173.8	27.204616874942065	34.66936413788127
870	174.0	27.53926130972495	32.94964347341205
871	174.2	27.251002253840216	32.622638784576274
872	174.4	27.150642006331363	33.08874724298462
873	174.6	27.32626276690678	33.56412504628915
874	174.8	27.300370720531657	34.06269868410714
875	175.0	27.260910685813656	33.88969174372392
876	175.2	27.328809204940093	34.32385406920557
877	175.4	27.117903527587146	35.20524465369267
878	175.6	26.71199697782497	34.224020164180175
879	175.8	27.058671313947656	35.27312720151007
880	176.0	27.205253661581583	35.48856150119276
881	176.2	26.355334019827524	34.670043881931385
882	176.4	27.043036901370296	32.72623578816657
883	176.6	26.90717190352465	32.65985184261788
884	176.8	26.74871679644417	33.23441736018515
885	177.0	26.7036489079001	32.22868202588266
886	177.2	26.503807414361596	35.35971024441646
887	177.4	26.72066229652046	33.43225456589405
888	177.6	26.34438814325385	31.829907636250862
889	177.8	26.260342327505967	31.93072408647098
890	178.0	26.327413253812512	33.20690340826799
891	178.2	26.518392929284975	33.73227481856652
892	178.4	26.361942112822103	33.13363856544401
893	178.6	26.55132586602941	33.19905106815924
894	178.8	26.611351446138077	35.02652414923268
895	179.0	26.250769461961962	33.30849336014163
896	179.2	26.290883871929886	33.19059023872448
897	179.4	26.213033171753114	33.01463870230221
898	179.6	26.341432410706194	33.973319122003645
899	179.8	26.290591578653526	35.471224445528
900	180.0	27.138804052152235	33.89628567094933
901	180.2	26.96390639978226	36.48877745297547
902	180.4	26.555066499092508	34.652768618428425
903	180.6	26.56554525238032	35.89926628514406
904	180.8	26.133213394207043	34.475218812998094
905	181.0	26.510834507812604	35.65961981481685
906	181.2	26.290712212017972	33.27233613152437
907	181.4	26.425957594201357	33.22948391000173
908	181.6	26.157797508480503	34.41367373453832
909	181.8	26.244215572195372	35.67505789330507
910	182.0	26.361279493585382	35.85159189399671
911	182.2	26.319887057807655	34.149714045582954
912	182.4	26.535592610283114	32.97656160272769
913	182.6	26.91709400188571	35.04274936499496
914	182.8	26.919454685278563	34.586022423794454
915	183.0	27.11862441059458	33.848739870824936
916	183.2	26.34400484690701	33.227112444953704
917	183.4	27.219771831629313	33.78637318921964
918	183.6	27.07186013136697	34.32603368399242
919	183.8	27.161880428235673	35.32981011121205
920	184.0	27.331501626088777	34.10834419526582
921	184.2	27.0555585008715	33.88650994167815
922	184.4	26.841871239089265	33.953794584280395
923	184.6	27.20501787874878	34.70205774815427
924	184.8	27.07761613677148	35.195957876857975
925	185.0	27.108287871927942	34.39613255969149
926	185.2	26.915090275504316	33.5874729572179
927	185.4	26.49378134955954	34.56842150947169
928	185.6	26.76074475372442	34.196126103567295
929	185.8	26.33928758207664	34.17580730024836
930	186.0	26.468885165066787	35.09530714181015
931	186.2	26.377621667075395	32.73804826194862
932	186.4	26.546148726610976	34.20923229478127
933	186.6	27.145992522579963	32.62464385558316
934	186.8	26.459982714428442	32.83358835150019
935	187.0	26.594247275292975	32.588754872306005
936	187.2	26.834481818923575	33.174362339693985
937	187.4	26.723382011490237	33.895272825464204
938	187.6	26.298629497410477	32.55433765159537
939	187.8	26.49095516761477	31.65934189291618
940	188.0	26.397884110076312	30.804803839600865
941	188.2	26.088190475841017	32.10433041393384
942	188.4	26.232985339256516	34.33773950070393
943	188.6	26.28746275414762	33.82627260533077
944	188.8	26.578014081446078	34.18316903615817
945	189.0	26.114323208209232	33.40300390510189
946	189.2	26.217287636992012	32.54886418468252
947	189.4	26.097510913101555	33.602605162195424
948	189.6	26.40418994228598	35.14934055784367
949	189.8	26.816166112567068	32.92726384491238
950	190.0	26.283127301916537	30.99556047152024
951	190.2	26.223165205814585	31.844578087621155
952	190.4	26.63268065410689	30.90089105523665
953	190.6	26.366705454873287	34.25309220086669
954	190.8	26.60707472928409	32.9558841316665
955	191.0	26.50522545699545	33.406537344049745
956	191.2	27.32976071450157	32.5410015953927
957	191.4	26.630739897631614	34.196825608991816
958	191.6	26.72271383493966	33.99992359672061
959	191.8	26.810857602845342	35.02390420784917
960	192.0	26.40975798050959	34.14565331550695
961	192.2	26.448213445230042	35.22095432620536
962	192.4	26.784150156177912	35.87536318193676
963	192.6	26.700283128129094	33.88837973141123
964	192.8	26.61194954919455	33.27300054732711
965	193.0	26.324085262230682	33.08571366634975
966	193.2	26.810953871153874	32.418305673659226
967	193.4	27.052309189527005	32.36405562078248
968	193.6	26.58633647525056	32.33749324041186
969	193.8	26.47030512212025	33.68607253425037
970	194.0	26.258679706648575	32.53965738694665
971	194.2	26.385448544008327	31.764063205621817
972	194.4	26.572973868560318	33.266821755020864
973	194.6	26.937946637774907	32.77109965374
974	194.8	26.63137602990261	32.964390438192545
975	195.0	26.480908905544595	31.971636932894803
976	195.2	26.847944441790823	31.752307419515212
977	195.4	26.386580361142983	32.47800851836824
978	195.6	26.61831702832537	31.5050511074037
979	195.8	26.402362139481124	31.98320028947853
980	196.0	26.59085623799092	31.276017437852122
981	196.2	26.74128913831314	33.28002662384368
982	196.4	26.945954793588477	31.337739794053963
983	196.6	26.772423217077105	31.89806878280698
984	196.8	26.453380105223076	30.913508195743546
985	197.0	26.14539561635987	32.93261109091968
986	197.2	26.23632725809105	32.371388816369766
987	197.4	26.278032011375352	31.329175200724375
988	197.6	26.533445443935953	31.908291497278526
989	197.8	26.51231426388562	31.972495306083683
990	198.0	27.196296542322457	30.63001401592334
991	198.2	27.01980627555252	31.312999076845422
992	198.4	26.60469696707974	32.10806578593335
993	198.6	27.505027305241406	31.71085152887262
994	198.8	26.918351175259197	31.690897153963228
995	199.0	27.283987952676966	31.821792318405674
996	199.2	27.157306553307265	31.69075172218055
997	199.4	27.184006455179652	32.12744334807996
998	199.6	27.170769869223204	32.35630187849554
999	199.8	27.904946914463945	34.15394180282143
1000	200.0	27.6238241692783	34.14178687640761
1001	200.2	27.587556087683147	35.332529825787816
1002	200.4	27.194662417695426	34.22625913864992
1003	200.6	26.400042680318872	32.674382232397456
1004	200.8	26.959610413512756	32.07156377485043
1005	201.0	26.705440842672186	32.98114981390682
1006	201.2	26.16532598450154	33.057371406515436
1007	201.4	26.0755396063282	32.38300377638546
1008	201.6	26.330592578744927	31.698450020862452
1009	201.8	26.183941443699645	31.73192215377669
1010	202.0	26.217425199272807	31.566307743679797
1011	202.2	27.01208786899285	32.826381354275625
1012	202.4	26.87270427672245	33.01840589322722
1013	202.6	26.930649910394962	31.223284574242893
1014	202.8	26.592300108345004	32.91360320401149
1015	203.0	27.258074707989984	33.369965631454264
1016	203.2	26.506681764518497	33.75054144086847
1017	203.4	26.706561733448265	32.710337799832516
1018	203.6	26.767749491197627	33.167196011741765
1019	203.8	26.477497733812893	32.85745402791629
1020	204.0	26.766897473743168	34.07690577575621
1021	204.2	27.087506528732334	35.164591469848304
1022	204.4	26.45724275840089	34.631788533452955
1023	204.6	26.68221640706501	34.22520321455342
1024	204.8	26.590957814549746	33.72030233514548
1025	205.0	26.79671052359285	33.87160923223414
1026	205.2	27.26620380639001	34.126633464192814
1027	205.4	26.66197999669243	34.654078471053914
1028	205.6	26.588038453558475	34.729818046336916
1029	205.8	26.899439464467715	34.925964911734276
1030	206.0	26.517906148689935	33.226497553672985
1031	206.2	26.718430802410694	32.41509696841286
1032	206.4	27.29196599394295	35.01776623359503
1033	206.6	26.729452760947815	33.21358856675374
1034	206.8	26.812704553978087	34.74100799096469
1035	207.0	26.531286251976677	31.80523646666476
1036	207.2	27.010883614106845	31.944292033347487
1037	207.4	26.82887745192099	32.26182276924623
1038	207.6	27.419440944396303	32.10529291470379
1039	207.8	26.658022048873654	32.23059438202897
1040	208.0	26.553887612044385	34.530353858342274
1041	208.2	26.89389404308845	34.17374196931518
1042	208.4	26.609415480716496	32.77952567512923
1043	208.6	26.84483148244351	33.712063543226705
1044	208.8	26.968673421601864	33.22814811630745
1045	209.0	27.089949174256247	34.71371893371025
1046	209.2	26.72339000549571	32.29419833223408
1047	209.4	27.29709125562327	31.53996399472051
1048	209.6	26.89044013550118	32.43519451080804
1049	209.8	27.04193659613119	33.31121413755699
1050	210.0	27.42627540609766	32.591227985527745
1051	210.2	27.012734399610345	34.172203934170334
1052	210.4	27.090960952085947	33.25449124417478
1053	210.6	27.113708439103057	35.923591316001186
1054	210.8	27.080390322752354	34.76951013663942
1055	211.0	27.21109531283968	35.95729879961339
1056	211.2	27.228673555317148	34.515712831419044
1057	211.4	27.11175071395633	33.981519760530304
1058	211.6	26.90117235954947	34.13375940360257
1059	211.8	27.66042523173162	33.84250202754314
1060	212.0	27.34761353063056	34.86451339791095
1061	212.2	27.530881256660827	34.19041157260816
1062	212.4	27.424736077927072	35.93541145711192
1063	212.6	27.42851151145234	34.33831320890459
1064	212.8	27.287616905024457	33.30297758863201
1065	213.0	26.917878890688446	34.666764112161914
1066	213.2	26.71240798749268	34.47842691194757
1067	213.4	27.435324165007085	35.04599126135907
1068	213.6	27.4128172116915	35.14417719609044
1069	213.8	27.374326812575724	34.95014444388739
1070	214.0	27.13340283858145	32.59518259701531
1071	214.2	27.073229639471545	33.181353647552996
1072	214.4	26.33476027710714	33.09190155583394
1073	214.6	26.695118379534595	32.68676583606261
1074	214.8	26.274801133573046	32.28550567475183
1075	215.0	26.204191863862714	33.15235170438496
1076	215.2	26.340239692129614	33.55264241230988
1077	215.4	26.443113482881916	32.86211426558545
1078	215.6	26.751943197100083	32.71457768539833
1079	215.8	26.38233505065372	33.37005531338756
1080	216.0	26.71815746529926	32.1947586090194
1081	216.2	26.117027148426104	32.42351508222139
1082	216.4	26.479630005536677	32.70989193022647
1083	216.6	26.186657180537292	33.03266950249034
1084	216.8	26.522403714296267	32.113453746125174
1085	217.0	26.198438723962763	33.457504352309414
1086	217.2	26.901152866759876	36.16173562727374
1087	217.4	27.605763196706572	35.646884004027896
1088	217.6	27.452446558539375	35.29227278101517
1089	217.8	27.0486833161618	35.39296979751638
1090	218.0	27.348055623246918	36.216010405311756
1091	218.2	26.852069692509495	36.017045672054174
1092	218.4	26.61818670107113	35.36555436827669
1093	218.6	26.199478204794538	35.843431633230345
1094	218.8	26.477884219024958	35.30974682878217
1095	219.0	26.107419102068214	34.0634317549186
1096	219.2	26.47319189882746	33.79034044794418
1097	219.4	25.979857054461508	35.33661728845777
1098	219.6	26.17177963612539	36.08469243650089
1099	219.8	25.923494059996024	36.11417216027463
1100	220.0	26.01747584084967	36.407842636159415
1101	220.2	25.842875231280328	35.24361194939881
1102	220.4	25.852773009027175	34.53135244339461
1103	220.6	25.783591716848996	35.10510105604277
1104	220.8	26.657394604518462	35.85878718818377
1105	221.0	26.163492548647728	35.14187047270079
1106	221.2	26.217935282494544	36.11635485501381
1107	221.4	26.172155883539283	35.03794408564068
1108	221.6	26.434332709399552	33.56639675284776
1109	221.8	26.356943875175958	35.273815545669336
1110	222.0	26.315092569164914	36.07960190184122
1111	222.2	26.638054885979063	35.290041334374294
1112	222.4	26.63393814282185	35.18103087628212
1113	222.6	26.80441681175717	33.79224765018534
1114	222.8	26.415311810350396	32.853121020096594
1115	223.0	25.72080532306829	31.535263892630155
1116	223.2	26.323653440951762	30.622527933758395
1117	223.4	27.188479788304598	31.459457583589877
1118	223.6	26.39073836862792	32.95167797580134
1119	223.8	26.303766116311525	32.42533502010975
1120	224.0	25.946806560459258	31.773721763260273
1121	224.2	26.430354694447594	32.12566292880189
1122	224.4	26.4662317016019	32.428581887205326
1123	224.6	27.0341561545656	32.52539839485852
1124	224.8	26.800883232786543	33.1399941471146
1125	225.0	26.711478537526958	35.068216856457006
1126	225.2	26.767922566359363	34.25783583975598
1127	225.4	26.86125749439744	34.03827381558845
1128	225.6	26.62525648688877	34.6712669521941
1129	225.8	26.26883590351402	35.954344317962295
1130	226.0	27.046057463613664	32.74967396613436
1131	226.2	27.02510100918022	32.98447631232348
1132	226.4	26.73427383523157	33.599033175675714
1133	226.6	26.95393471192691	33.58712527327737
1134	226.8	26.7351722555298	33.3548741359928
1135	227.0	26.36831020598743	34.73229862510635
1136	227.2	26.53751115557824	33.7458513241407
1137	227.4	26.51002453384161	33.61753340919414
1138	227.6	26.79477476867832	34.19847611828225
1139	227.8	26.92304480030901	33.07644838910788
1140	228.0	26.609698319737657	32.95698169729532
1141	228.2	27.18125345365781	33.14711782923019
1142	228.4	27.058092420822046	32.803297800918685
1143	228.6	27.43638461516278	33.47984353542703
1144	228.8	26.280653234127303	32.72915127817633
1145	229.0	27.08071021449647	32.990119667711156
1146	229.2	26.729859329588706	32.982487306426634
1147	229.4	26.972709657844817	33.922344473745895
1148	229.6	26.80226968052684	34.6580188920938
1149	229.8	27.039908040007425	34.5450027903968
1150	230.0	27.181253545327657	34.56036584556365
1151	230.2	27.082087199979277	34.1614186189049
1152	230.4	26.64155514580252	34.4719665710684
1153	230.6	26.220383254763814	33.023187908699185
1154	230.8	26.251324572195596	33.32161487335339
1155	231.0	26.699554839093558	34.418870271429896
1156	231.2	26.839706020274946	34.1085705428116
1157	231.4	26.861892753349093	34.29589409102935
1158	231.6	27.302930297822815	34.29626264101458
1159	231.8	26.81621114866776	34.19835378283648
1160	232.0	27.00465561443857	31.384737757652637
1161	232.2	26.674696977121993	33.7412027745079
1162	232.4	26.955417405359395	34.92954666539306
1163	232.6	26.447941779205188	35.55881031345876
1164	232.8	26.964617390350927	34.389745885896126
1165	233.0	26.975088238328066	34.502464293793814
1166	233.2	26.822507710438	33.77380184829126
1167	233.4	27.137229287265694	33.99128709074763
1168	233.6	26.84460229342197	35.11675417938003
1169	233.8	27.341831400578002	34.07455802522558
1170	234.0	26.878675901830842	34.842851423035306
1171	234.2	26.749082265292763	33.894759172316846
1172	234.4	26.612809471533044	32.8732720387099
1173	234.6	26.925193520799098	33.435380533367066
1174	234.8	26.81136018603137	33.56012649528892
1175	235.0	26.46870213491461	33.58602921921668
1176	235.2	26.23105264459082	34.80741288797324
1177	235.4	27.188804359624925	34.61469356501105
1178	235.6	27.142663986235014	33.008825786669846
1179	235.8	27.064536612988906	33.92991974733486
1180	236.0	26.567059743383354	35.18559081667913
1181	236.2	27.304940257018497	35.19056764155093
1182	236.4	27.139598815135678	34.40768898107526
1183	236.6	26.971579485848096	33.02934608738985
1184	236.8	27.13523658983552	33.222080094746936
1185	237.0	26.64269116526687	33.73508338678917
1186	237.2	27.015664944979644	33.59017908199945
1187	237.4	26.66654686170554	32.826129589742735
1188	237.6	27.281688858428325	33.240171954818685
1189	237.8	27.1206625875827	33.8363850322634
1190	238.0	27.025144851793264	34.52647690325536
1191	238.2	27.354491798512058	35.35548439488528
1192	238.4	26.96171939583231	35.769364818853305
1193	238.6	26.93641453479452	36.46291453331785
1194	238.8	27.25071725123761	35.45492113194128
1195	239.0	27.35888416679308	34.80181724067931
1196	239.2	26.750119476531456	35.67273092594258
1197	239.4	26.98455786266507	35.43331090670175
1198	239.6	26.81418280037953	34.69674697708498
1199	239.8	26.664392968685938	35.29442679590448
1200	240.0	26.640672910131514	35.795942239759285
1201	240.2	26.390043738491684	36.35064551566127
1202	240.4	26.87791658172179	37.87146790653612
1203	240.6	26.875043899467073	35.717609055369415
1204	240.8	26.845053541564642	34.689761783065315
1205	241.0	26.870804749368098	33.56730011306433
1206	241.2	27.02609290156545	33.25034603896793
1207	241.4	26.6610060771153	33.54982357805798
1208	241.6	26.504580863669897	33.435496481911
1209	241.8	26.83310421484356	34.071648535292375
1210	242.0	27.66588856627576	33.23391745481121
1211	242.2	26.7123191497596	33.64131178323972
1212	242.4	26.50444907404726	34.619571566191276
1213	242.6	26.908678249351798	35.95148808990258
1214	242.8	27.252701355857415	34.82952863349
1215	243.0	26.98436719101668	33.49325665359398
1216	243.2	26.930001893908674	33.7621687434167
1217	243.4	26.812027547696225	32.85734695891458
1218	243.6	26.775026852022123	33.295732525802265
1219	243.8	26.955524492616526	33.79440635945233
1220	244.0	27.193346083713468	34.54952074771719
1221	244.2	27.128049461900876	33.43215338907903
1222	244.4	26.709378607478108	32.363323714155165
1223	244.6	26.66244696682675	33.98670901421505
1224	244.8	27.507357797067545	33.69245330850051
1225	245.0	27.017869044798	35.27800201886881
1226	245.2	26.793919580371792	34.98917459819388
1227	245.4	26.70539833609242	34.66220321993084
1228	245.6	26.54239764081317	34.350760794813176
1229	245.8	27.116287357976667	34.22792679107426
1230	246.0	26.773288083465534	34.302810695175786
1231	246.2	26.97786845551641	33.0559771531827
1232	246.4	26.851040376668458	33.109908295459014
1233	246.6	26.80749154355696	34.36155057901949
1234	246.8	27.18068899203415	33.20240145055985
1235	247.0	26.775037249573195	33.57634207062292
1236	247.2	26.716928050905658	33.370620543068156
1237	247.4	27.44866609358859	33.11120573796607
1238	247.6	26.758581856333617	32.897404227790936
1239	247.8	26.504170248135722	33.499085786107194
1240	248.0	26.981468759302363	33.86436674157371
1241	248.2	26.531768370438936	33.51339213082508
1242	248.4	26.415495240745486	33.265580505191295
1243	248.6	26.599230066568648	32.9596402056444
1244	248.8	27.12245628645274	33.49536939370728
1245	249.0	26.843243333464955	32.30171566128586
1246	249.2	26.806051272764016	32.045149618686075
1247	249.4	26.58899119315499	32.67403151764684
1248	249.6	26.84041051932419	32.957046609635526
1249	249.8	26.429541906069858	33.02108317332342
1250	250.0	26.389244458625996	33.29054661630616
1251	250.2	26.505955999133064	32.749657785098314
1252	250.4	26.94346921349074	32.37497872758397
1253	250.6	27.02051880707726	33.30491661883614
1254	250.8	26.612431176915337	33.48126448436092
1255	251.0	26.645495220030995	33.17907812434256
1256	251.2	26.832644476587646	33.76337251321796
1257	251.4	26.919223415968027	33.18056191740996
1258	251.6	26.394623075131904	33.337854245235334
1259	251.8	26.669187767117787	32.74003035163766
1260	252.0	26.37675780826122	32.64081217369736
1261	252.2	26.295904170062055	33.77172672126649
1262	252.4	26.656976044993954	33.186380693153325
1263	252.6	26.979175552253693	33.388063225088175
1264	252.8	27.114445787241056	33.26981177426137
1265	253.0	26.408302279427687	33.12137905019542
1266	253.2	27.034701509002453	33.578241574697905
1267	253.4	26.551277145929927	34.050210890022896
1268	253.6	26.705963321745962	33.123019428057894
1269	253.8	26.512569735463025	33.50512727045724
1270	254.0	26.569306402035007	32.905724717689935
1271	254.2	26.033540640060608	32.69042131064443
1272	254.4	26.58782135683525	33.27436549681763
1273	254.6	26.476294749341243	33.20756301533114
1274	254.8	26.618289643291106	32.682744351908134
1275	255.0	27.03133705511013	34.12183344300306
1276	255.2	27.095707486300963	33.00609949337606
1277	255.4	26.83923553944003	32.76640536329504
1278	255.6	26.76571301628591	32.68438555443545
1279	255.8	27.315495336808038	33.047463110199274
1280	256.0	26.941082728921423	32.84520212026707
1281	256.2	27.108707738499124	32.21350242445775
1282	256.4	26.726350768200987	33.84408265547519
1283	256.6	26.616914873710847	32.82436549701208
1284	256.8	26.4529337728143	32.404440670658964
1285	257.0	26.920008488127788	33.03788343728437
1286	257.2	26.743410341724577	33.152206159592644
1287	257.4	26.92769177040776	32.927445890851864
1288	257.6	26.639545003782445	33.477781262263726
1289	257.8	26.76033867547845	32.98039945797842
1290	258.0	26.735697727976643	33.000657384793605
1291	258.2	26.184918481845205	32.79844232776199
1292	258.4	26.6778906957197	32.599824890083035
1293	258.6	26.97404363758546	33.12712192730584
1294	258.8	26.449038659862122	32.82103363678066
1295	259.0	26.611661953300306	32.94608569782136
1296	259.2	26.849088501029122	31.94615185448984
1297	259.4	26.715412167926132	31.546176662264134
1298	259.6	26.506208435204435	32.58421294209485
1299	259.8	26.295152071557066	32.15002155738437
1300	260.0	26.558849058434326	32.44312573767082
1301	260.2	26.741824882135763	32.46216807618702
1302	260.4	26.901990475716023	32.24439235833042
1303	260.6	27.419018102666126	31.302395407357466
1304	260.8	26.597737249787485	30.78004558422857
1305	261.0	26.715152806865078	32.0823394369598
1306	261.2	26.798826037165277	31.85057255591728
1307	261.4	26.644915745204937	32.78294574162444
1308	261.6	27.11012077536894	32.66316279749731
1309	261.8	26.722954748647762	31.61090495833772
1310	262.0	26.765493245220004	32.28943715470889
1311	262.2	26.736015886374645	32.53332689838471
1312	262.4	26.758755326973883	32.12188095512861
1313	262.6	26.68091939909968	32.139995444961414
1314	262.8	27.20757131003623	32.25489030812453
1315	263.0	26.4070992153025	32.38657475821601
1316	263.2	26.656735176658422	31.693962224703245
1317	263.4	26.723845994531494	32.79499592898263
1318	263.6	26.767553108545933	31.43362622670342
1319	263.8	26.634019903303642	32.5412195011134
1320	264.0	26.200687733621	32.333671814318286
1321	264.2	27.267878687264503	31.700038765069205
1322	264.4	26.688168825268527	31.844028689691285
1323	264.6	26.871518617586005	31.968218488587716
1324	264.8	26.497946376424633	32.7701180725222
1325	265.0	26.70764236131333	33.91076590157281
1326	265.2	26.91837355833303	32.461702346619695
1327	265.4	26.807043195246006	33.65998276118265
1328	265.6	26.946356344491964	32.83280772157654
1329	265.8	26.989317041729493	32.728233991050104
1330	266.0	27.360443554431388	32.76651521307553
1331	266.2	27.07914193184232	34.34618918166716
1332	266.4	27.332365534789464	33.2665681199599
1333	266.6	26.868544343528	34.22042300981845
1334	266.8	27.40753872754724	34.420536353767574
1335	267.0	27.521190777367742	33.43062689656294
1336	267.2	27.147983153637792	32.9194665997505
1337	267.4	26.991596385498305	34.35135602649119
1338	267.6	26.54139194317594	33.25168738465848
1339	267.8	27.267666623100755	33.82765397065912
1340	268.0	27.181066011335805	34.511323834206955
1341	268.2	27.032186288757774	34.6339646939024
1342	268.4	27.178604461352066	35.15615259688861
1343	268.6	27.019413492293708	34.940617065822856
1344	268.8	27.423668949334036	34.56137615304302
1345	269.0	26.75027140026476	33.53682625986573
1346	269.2	26.988659055825845	33.21933357485823
1347	269.4	26.894573464600438	33.96835548624344
1348	269.6	26.83712430601936	32.32451606287045
1349	269.8	27.145172659002906	32.415365081430444
1350	270.0	26.957486232270167	34.211267812928575
1351	270.2	27.13257402977436	33.6833655117631
1352	270.4	27.75657737163133	34.77742983785274
1353	270.6	27.213203141435386	34.20124666085761
1354	270.8	27.171529926041526	32.96201001581163
1355	271.0	27.21720338063915	35.1563125052875
1356	271.2	26.691619259122977	34.04088902137987
1357	271.4	26.496879051526275	33.37771451723064
1358	271.6	26.90847179367092	33.37375325497242
1359	271.8	27.167844817441445	34.00667486138743
1360	272.0	27.10137836794424	34.45620937986706
1361	272.2	26.76909967967959	34.3086163667146
1362	272.4	27.29917624144475	33.55526995230163
1363	272.6	26.960433346212923	33.63454043808535
1364	272.8	27.177703900928204	31.93147863776209
1365	273.0	26.58525518769126	30.580441925261695
1366	273.2	26.98985856443565	31.36762197235343
1367	273.4	26.78947630045448	31.18587480804525
1368	273.6	26.80617300505661	33.025424211606776
1369	273.8	26.474932277206744	32.43603560033703
1370	274.0	26.873882200411426	32.46626724947928
1371	274.2	26.852034482828245	32.44525982650621
1372	274.4	27.11620382056379	32.26999024161016
1373	274.6	27.275832014044443	31.45030290184255
1374	274.8	27.295365284157864	31.06456293628113
1375	275.0	26.980807420008418	32.47977245063777
1376	275.2	27.224813503412587	32.45982849568778
1377	275.4	26.567229080768566	33.28601697187212
1378	275.6	26.944641086400747	33.074942294559335
1379	275.8	26.77871360831309	33.87947099369147
1380	276.0	26.805156195413314	33.18684368609847
1381	276.2	27.42939042563806	33.485527337504834
1382	276.4	26.608458097198394	33.450085647295126
1383	276.6	26.77405763925937	33.612326429386286
1384	276.8	26.947160535517835	33.29872963514811
1385	277.0	27.18372804499654	32.16274830428187
1386	277.2	27.311748496243972	32.22595972717636
1387	277.4	27.03527685083868	32.37185002998634
1388	277.6	27.245142252980585	32.941396263191656
1389	277.8	27.17977429740507	33.03072107768488
1390	278.0	27.1363840867178	32.80447057486016
1391	278.2	26.761022341444313	34.585609490903884
1392	278.4	27.157544013120862	33.00174009593677
1393	278.6	27.182389282358884	33.463910640936774
1394	278.8	27.37130690250121	32.448159483362765
1395	279.0	27.38699977152958	33.799345820515185
1396	279.2	27.337502623008604	33.55812062964591
1397	279.4	26.89633727410949	33.62782249255089
1398	279.6	27.465494832845977	33.63543117633423
1399	279.8	26.964168816201884	33.18312162134674
1400	280.0	27.155885413174396	33.585828838647224
1401	280.2	27.428684745687185	32.41506194512979
1402	280.4	26.9716093941826	33.237714137586394
1403	280.6	26.949532123976308	32.59667111239286
1404	280.8	27.114698909001813	33.12050957663872
1405	281.0	26.92999794462537	34.00928525676182
1406	281.2	27.353684612824168	32.689842865032915
1407	281.4	26.673562635314713	33.47808242910987
1408	281.6	26.79469682345229	33.309625031385615
1409	281.8	27.107475089498607	33.99269038092286
1410	282.0	26.978091052675616	32.256804467791696
1411	282.2	26.784293583677467	33.48108453735519
1412	282.4	26.490325660186006	33.064148185033574
1413	282.6	26.46270165723813	32.29080926994628
1414	282.8	26.986689558112047	32.84850018409334
1415	283.0	26.812554912358554	32.89602822006623
1416	283.2	26.731969772440372	33.78596382376024
1417	283.4	26.92912624538502	32.166234288774156
1418	283.6	26.876120660866352	31.834507582566044
1419	283.8	26.78367964177179	32.641805565917664
1420	284.0	26.715706412200117	33.80173074605241
1421	284.2	26.655174570167336	33.535698421320525
1422	284.4	26.383224777298786	33.13526506554121
1423	284.6	26.78995199631604	33.01752400986833
1424	284.8	26.30496773227017	33.57990043770155
1425	285.0	26.62013424918572	31.44992613492003
1426	285.2	26.387059869111	32.079676018615096
1427	285.4	25.926676156647456	33.296800085298784
1428	285.6	25.937791578815556	32.27677679333697
1429	285.8	25.93441192478706	32.85799234587007
1430	286.0	26.68907207607812	33.462126610476865
1431	286.2	26.365438015050817	33.16046635813669
1432	286.4	27.062311790375873	32.96209438852244
1433	286.6	26.620937745676166	32.46815881059453
1434	286.8	26.88756888834493	33.94278893482786
1435	287.0	26.523474238507585	32.56798531577327
1436	287.2	26.670172301718754	31.70175340713956
1437	287.4	26.6724525511238	32.390384211510515
1438	287.6	26.85883515695336	31.921995827638234
1439	287.8	26.812046335137218	32.635736115471936
1440	288.0	26.515627563928152	34.00015167625389
1441	288.2	26.76050439241796	33.981572295086345
1442	288.4	26.678097486248916	33.66831256160413
1443	288.6	27.005279349224065	32.28188278286952
1444	288.8	26.86190609845921	33.61205490123998
1445	289.0	26.670254778415075	35.56176748527344
1446	289.2	26.68877927433173	35.82067704196481
1447	289.4	26.682776371551046	35.795771830820854
1448	289.6	27.410275457837084	35.14719521274332
1449	289.8	27.27055609417647	32.90861685384876
1450	290.0	26.838800039740924	35.030306743761535
1451	290.2	27.601187085202792	33.818640213001686
1452	290.4	27.256424244358296	33.261323962686056
1453	290.6	27.14535674723767	33.3018540973582
1454	290.8	26.642389695997664	34.03056630992915
1455	291.0	26.618835982368154	32.15184575546357
1456	291.2	26.916942979636456	32.96857189249641
1457	291.4	26.828867179983227	33.09068855996431
1458	291.6	27.170859766323208	34.39845281306298
1459	291.8	26.989183204366235	34.85667967368682
1460	292.0	26.97442929171461	33.96922371004316
1461	292.2	27.14826592356407	33.704641126716034
1462	292.4	27.159943592723277	34.27265662566712
1463	292.6	26.917012907464983	36.0530912443579
1464	292.8	26.905639482819126	35.49007017853756
1465	293.0	26.580579677442245	34.67456028843917
1466	293.2	26.171802573735384	34.50100317009834
1467	293.4	26.865286429157592	33.985710703634055
1468	293.6	26.67728814482035	35.876099790009825
1469	293.8	26.80217497406094	34.94837613270996
1470	294.0	27.00239572049907	34.85424691108255
1471	294.2	26.93164983696328	33.03993371020333
1472	294.4	26.583120229547557	33.396889929948735
1473	294.6	26.848336583469997	34.61311942811484
1474	294.8	26.70041574688807	35.18775483117878
1475	295.0	26.92895750722269	34.0152126075636
1476	295.2	26.533961564157	33.57650760558269
1477	295.4	26.83655763724731	32.798146416146764
1478	295.6	26.836379180027006	31.47229117412238
1479	295.8	26.28994794648194	32.71500238693158
1480	296.0	26.964451493649538	32.68218988706517
1481	296.2	26.56671337973628	33.488903255638505
1482	296.4	26.586364257024247	34.13266220177586
1483	296.6	26.747467249808672	35.186670790735995
1484	296.8	26.566089613192695	33.55378694574175
1485	297.0	26.571671780861486	32.796707067613255
1486	297.2	26.53360787184616	32.201171887730254
1487	297.4	26.947203058652217	32.39552563596549
1488	297.6	27.258218005653273	32.63931547423816
1489	297.8	26.881213285278655	32.00667328450568
1490	298.0	26.902197457529166	31.985536390343622
1491	298.2	27.05169240028301	32.596387218352746
1492	298.4	27.209867070731228	33.365248218844485
1493	298.6	27.319731002521866	33.288361784490235
1494	298.8	26.873484057723722	32.675684092550014
1495	299.0	27.076882149126554	31.929632338649693
1496	299.2	26.803202829718273	32.12932582777116
1497	299.4	26.876150990843044	32.35217350515896
1498	299.6	26.74308892834888	32.44736563944672
1499	299.8	27.08482521256405	32.86185026175151
1500	300.0	26.779742487881204	32.2330571711859
1501	300.2	27.310809785792838	31.568149562244272
1502	300.4	26.670664667591723	31.506158437533312
1503	300.6	27.055415994171803	30.524155264885966
1504	300.8	26.97834228040123	31.841727789329106
1505	301.0	27.040679589464066	31.721667113139404
1506	301.2	27.258919730977663	32.17719671294778
1507	301.4	27.083425539523507	32.463841249249484
1508	301.6	27.50136188255294	31.757862101433734
1509	301.8	27.223506998934685	31.087610345257044
1510	302.0	27.039906832903576	33.33917292403927
1511	302.2	26.8494153467119	33.791596626525944
1512	302.4	26.9865228436713	33.599848906538355
1513	302.6	26.913449119908304	32.77991162579034
1514	302.8	27.451919371187106	33.54667994686359
1515	303.0	27.331121418378252	32.784753706317126
1516	303.2	26.924644986795464	31.340157453140968
1517	303.4	27.14269149558421	32.61157290855685
1518	303.6	27.00955203525645	32.078283074689594
1519	303.8	26.963341594256253	32.66143973547623
1520	304.0	26.70518438548577	32.096842994622094
1521	304.2	26.95911570975826	32.15139927323154
1522	304.4	27.0253163539058	32.976443698822415
1523	304.6	27.6629539208853	32.210637509022554
1524	304.8	27.048122030210344	32.59145619185325
1525	305.0	27.582088378492386	33.15303276834559
1526	305.2	27.40800234124142	32.60185888500075
1527	305.4	26.66353881089516	33.0786149363292
1528	305.6	26.55960674563578	33.09718588786549
1529	305.8	26.56072372763057	31.955057331151856
1530	306.0	27.0387773341025	31.650458940442924
1531	306.2	26.381272665637876	29.461050156782324
1532	306.4	26.86964937867328	30.444655867128798
1533	306.6	26.606389393432742	33.1048612311557
1534	306.8	26.200425188274316	33.345478522991705
1535	307.0	27.434803179260648	31.192446183061783
1536	307.2	27.023957967360477	33.44477582304032
1537	307.4	27.083418830474955	32.21614867650645
1538	307.6	27.55886450437515	32.25720753955292
1539	307.8	27.58693492149941	31.958392147230754
1540	308.0	27.488835594036708	31.425292901228126
1541	308.2	27.13612369973632	31.255217788352578
1542	308.4	27.214848420312013	30.149745085416736
1543	308.6	27.358442460616544	31.093705447460817
1544	308.8	27.465705816503522	31.54727482324004
1545	309.0	26.898965118432006	31.121292481458482
1546	309.2	27.348742253222717	31.775056878868668
1547	309.4	27.29817820212823	30.389048727395476
1548	309.6	26.896504433980272	31.505835728813857
1549	309.8	27.587855208947737	30.920521299348803
1550	310.0	26.94914239631409	31.07682383015172
1551	310.2	27.43068698428333	30.666119733490213
1552	310.4	26.880758399954303	30.02727240671618
1553	310.6	27.07984565860028	30.425631342927602
1554	310.8	26.85794722251063	30.617591081333607
1555	311.0	27.389554645931156	32.20270801065019
1556	311.2	27.6665816672064	31.58920457370996
1557	311.4	26.775041408749587	32.0350718226598
1558	311.6	26.817021836813524	31.53214664859979
1559	311.8	27.22774391445872	31.17080955622633
1560	312.0	27.15744894938852	31.500976171388768
1561	312.2	27.18432622184137	32.2706629277239
1562	312.4	27.45785824276996	30.847167518808426
1563	312.6	27.380451489569126	31.32884297957879
1564	312.8	26.79566820005192	31.699912547155062
1565	313.0	27.146508086387836	31.716204974995772
1566	313.2	27.430854271585208	32.54274436394289
1567	313.4	27.160735439750407	33.464739221438656
1568	313.6	26.884820941862696	32.44478363292776
1569	313.8	27.58616442916534	32.9994988252252
1570	314.0	27.00549437061162	32.1125637623548
1571	314.2	27.085741482420346	31.54551305425898
1572	314.4	27.010282307431567	32.561476100384525
1573	314.6	27.32046118125856	32.6252400962203
1574	314.8	27.27031437674668	32.46764100707467
1575	315.0	27.61763835758783	32.34956420333161
1576	315.2	27.293699125678238	32.7239450293515
1577	315.4	27.12023373974951	32.89311527066898
1578	315.6	26.891342266764042	31.458817941487492
1579	315.8	27.588884297022684	32.35970081160444
1580	316.0	27.172049777590242	32.20705889997782
1581	316.2	27.534712296695364	31.98221742723223
1582	316.4	26.96234526200391	31.055610877023284
1583	316.6	26.982737550467355	31.55171975217734
1584	316.8	27.359530560611255	32.98575020787577
1585	317.0	26.823666861734576	31.997765013890117
1586	317.2	26.944817867076775	32.1981179309051
1587	317.4	26.760178235724098	32.210512892871705
1588	317.6	26.635934948672478	32.128227982125175
1589	317.8	27.25339684254234	32.19220695160223
1590	318.0	26.763156694765883	32.43764133302119
1591	318.2	26.99351440499644	32.50796199921816
1592	318.4	27.18240658554332	31.8721921634664
1593	318.6	27.146080262250784	32.75668934683531
1594	318.8	27.135630040698576	32.718234094165204
1595	319.0	27.233430886449685	32.82659600961092
1596	319.2	27.46088033621892	33.51657560597675
1597	319.4	27.20814563946373	32.51496334506094
1598	319.6	27.493814568905226	31.888338037035297
1599	319.8	27.234413453989	31.973278854095206
1600	320.0	26.523758434609896	32.66738846767003
1601	320.2	27.33874669296632	31.284196728775854
1602	320.4	26.525446294542512	31.36395142805227
1603	320.6	26.149143748382915	32.6282057187706
1604	320.8	26.9032583389718	32.706767937292774
1605	321.0	27.043672930952958	33.28215655743886
1606	321.2	26.64762881368322	32.83520107399745
1607	321.4	27.371092418671722	32.862931928676666
1608	321.6	27.291901342837452	32.3346266086451
1609	321.8	27.356683568704188	32.40929141077441
1610	322.0	27.225854062989484	32.65612878844166
1611	322.2	26.84275595392736	32.668811728325444
1612	322.4	26.839138670584656	32.31124191209954
1613	322.6	27.18103882685928	33.09764418028435
1614	322.8	26.547780103142134	33.52282263206966
1615	323.0	26.836750255643718	32.96795571684067
1616	323.2	26.43846986617245	33.86285744063601
1617	323.4	26.865362356035444	33.12368355010388
1618	323.6	26.596134068017683	32.9278430464626
1619	323.8	26.39075631238277	32.00345925491249
1620	324.0	26.273320987516843	33.58027917319759
1621	324.2	26.985699113322763	33.236332202227906
1622	324.4	27.19805240778411	32.45227913680786
1623	324.6	27.25960535221175	32.0237518350355
1624	324.8	27.34272600449999	31.950931089891412
1625	325.0	27.433236986156352	33.238289597253754
1626	325.2	27.23738897679	32.83860761613341
1627	325.4	27.07668450979378	32.09422479317541
1628	325.6	27.169858845234756	31.81044044026917
1629	325.8	27.331353568705488	31.493692713533957
1630	326.0	27.146564491861135	31.18284848509324
1631	326.2	26.706517812646982	34.314894059430806
1632	326.4	27.099814465153386	32.001396095892225
1633	326.6	27.18331517562073	34.086164133181136
1634	326.8	27.075844196606	32.86293969124825
1635	327.0	26.877997141944824	31.98733408664806
1636	327.2	27.01396524972289	31.734116931927694
1637	327.4	27.015811610899302	32.051773932155044
1638	327.6	27.389625553883086	31.487519510426925
1639	327.8	26.983095533995513	29.40931570297886
1640	328.0	27.387383709080375	28.49817270191523
1641	328.2	27.207262370049317	28.68258311358595
1642	328.4	27.12503077787682	28.78485973169551
1643	328.6	26.80047051998001	29.826410224626745
1644	328.8	26.78440775482696	29.782344641646638
1645	329.0	26.999608582562395	28.480913685119454
1646	329.2	27.196208660500584	28.845440292390766
1647	329.4	27.227395169377356	31.2385293894176
1648	329.6	27.105232931610345	31.515309103352298
1649	329.8	26.76295354444168	30.70031593423812
1650	330.0	26.768628631739556	29.750413197330214
1651	330.2	26.791673354243912	28.732620144766454
1652	330.4	26.76261274094996	30.277166641359486
1653	330.6	27.21682934088042	29.520401367614458
1654	330.8	26.848340557467587	29.45884274934407
1655	331.0	26.379198873165084	28.768973978832456
1656	331.2	27.50470266942146	28.74166188377907
1657	331.4	26.67058649787998	28.679853504814236
1658	331.6	26.819446279353308	28.16405511395693
1659	331.8	26.803668507197706	28.973023710469164
1660	332.0	26.892774726314556	29.651070794258363
1661	332.2	26.775435659551686	29.52281264710471
1662	332.4	27.347797312460013	30.554210486127744
1663	332.6	27.243035025525266	30.06541402125009
1664	332.8	26.803024473304067	29.952391811866153
1665	333.0	26.82391005838065	30.374739711491443
1666	333.2	27.456368433492084	30.057383229503742
1667	333.4	27.21213741059274	30.114956530250595
1668	333.6	27.074076996042663	28.610497967321702
1669	333.8	26.711447704220905	29.37211430262049
1670	334.0	26.622364275373805	30.02361668033617
1671	334.2	26.64113181454352	29.279229154447002
1672	334.4	26.920792917554415	29.821656261675127
1673	334.6	27.00810988460653	29.90537596940738
1674	334.8	26.980643312300895	30.274815202088835
1675	335.0	26.888938231244392	32.01675859021069
1676	335.2	26.587547854430536	30.957071801449068
1677	335.4	26.5633172121137	30.51098035487216
1678	335.6	27.8505807159012	29.079136508527256
1679	335.8	27.03600248501178	29.28150970490695
1680	336.0	27.13549035330002	29.076863558087933
1681	336.2	27.064008660898196	28.78000918329447
1682	336.4	27.168958095645312	29.262699587875577
1683	336.6	27.159945531103244	29.74157763108181
1684	336.8	27.087284546037324	29.50637014636358
1685	337.0	27.072849632651014	28.673415705879663
1686	337.2	27.229025565004743	28.60566418623641
1687	337.4	27.241463877298237	29.3894372963321
1688	337.6	26.855962844706305	29.73952219254811
1689	337.8	27.347552723750805	29.23384125882219
1690	338.0	27.08146367297632	29.13299732695714
1691	338.2	27.050551791161276	28.849244012361158
1692	338.4	27.084418718136586	29.406457425506108
1693	338.6	26.865192624521278	29.244861196710726
1694	338.8	27.002448450577326	29.01205788665785
1695	339.0	26.581915016875264	29.937772901489698
1696	339.2	27.212045283159796	29.32334917624827
1697	339.4	27.103953629823415	29.749737409293058
1698	339.6	26.84829796916931	28.964673974174843
1699	339.8	27.108275123164976	29.010331418351896
1700	340.0	27.27520177734952	29.21607826807181
1701	340.2	27.002247812919837	29.49538690952936
1702	340.4	27.076702440004794	28.57277572358871
1703	340.6	27.078013787551324	28.736517968452254
1704	340.8	26.828936797763593	28.83916613871495
1705	341.0	26.95229248238879	28.688259144107253
1706	341.2	26.77135951130457	28.462366882339854
1707	341.4	26.59759993266622	28.70614749809363
1708	341.6	26.615719350142435	28.29633197436739
1709	341.8	26.863482495409578	27.67971625760474
1710	342.0	26.940898258856436	27.905452145443537
1711	342.2	26.85499785549538	28.12521076866484
1712	342.4	26.68084960520334	27.76752025841265
1713	342.6	26.281495124667934	28.275849716888086
1714	342.8	26.466082437818926	29.19100139964076
1715	343.0	26.596786996584573	28.97423436153972
1716	343.2	26.82414412595198	28.807831295466737
1717	343.4	26.71482952404506	29.274785170634072
1718	343.6	26.848230284201534	30.16276113548018
1719	343.8	26.57615160728427	29.71274581342
1720	344.0	26.57569460321593	28.24127460291041
1721	344.2	26.876640242968424	27.939896271416917
1722	344.4	26.673400497516038	28.472176190613602
1723	344.6	26.6052371393161	28.909026428849266
1724	344.8	26.904201505362053	29.14946789544761
1725	345.0	26.89470136967984	29.559892922545302
1726	345.2	26.62821204799067	28.533543470105215
1727	345.4	27.097377687777964	29.005517009200236
1728	345.6	26.979710042869215	29.436532875035464
1729	345.8	26.995949570747676	29.49181908933752
1730	346.0	27.216247234311737	28.790736224096303
1731	346.2	27.227579281003898	29.552772922501717
1732	346.4	27.617648338722812	30.001332623740463
1733	346.6	27.611619509244694	29.644010479517792
1734	346.8	27.163588530853193	30.747142785336816
1735	347.0	27.563881332805735	30.30105459737102
1736	347.2	27.35555581086963	30.351287795770457
1737	347.4	27.203332058523447	29.597164461664548
1738	347.6	27.490609015276295	29.67981773136673
1739	347.8	27.557254950367508	30.408936356545354
1740	348.0	27.396694113072538	31.197894913274542
1741	348.2	27.709947465574707	31.89479472729991
1742	348.4	27.754623572819135	30.960901050024987
1743	348.6	27.685274722216054	30.215944282953863
1744	348.8	27.5943090768976	30.14334715040872
1745	349.0	26.78530677420445	29.688852181446485
1746	349.2	27.444392711632347	29.08608491942886
1747	349.4	27.265314229966258	29.345622092720877
1748	349.6	26.53017928228943	30.043920029377475
1749	349.8	27.19773690305399	29.87255777146591
1750	350.0	26.39104002174165	29.350861980951958
1751	350.2	26.41892039263346	30.395049619163018
1752	350.4	27.0072345402376	30.145959946524815
1753	350.6	26.57260891474711	29.648946285960193
1754	350.8	27.14572052762433	30.898242450026014
1755	351.0	27.042195311361866	31.08527405778689
1756	351.2	26.71128610671418	33.037372547034416
1757	351.4	27.001854301723146	30.46009290749341
1758	351.6	26.79317798811773	29.91105496560686
1759	351.8	26.659184025365793	29.550817098675537
1760	352.0	26.84204611999572	29.137100530321117
1761	352.2	26.67862985030634	29.47962397494281
1762	352.4	26.50180991501816	29.134407851693297
1763	352.6	26.256631153295068	29.281489847199772
1764	352.8	26.67769981688303	29.733807169174685
1765	353.0	26.723468421088725	29.901562421404698
1766	353.2	26.44437898553426	29.589563892234544
1767	353.4	26.701917890674533	29.706071231160593
1768	353.6	26.57981710579202	29.616061316118657
1769	353.8	27.095837586252188	32.282580860850395
1770	354.0	26.557189757221412	31.737057003815316
1771	354.2	26.507269644437773	32.48528102098302
1772	354.4	26.68334779862056	31.15959197281074
1773	354.6	26.71023804883395	32.3434677104043
1774	354.8	26.827748957801226	30.467642898169
1775	355.0	26.612647787124892	30.510561278984536
1776	355.2	26.645347213505325	30.461760675077166
1777	355.4	26.724603718071076	31.49219862095224
1778	355.6	26.48516497043431	31.189153437995685
1779	355.8	26.242840063755906	31.892192781731847
1780	356.0	26.30831139721847	32.45998865261144
1781	356.2	26.297345258720522	32.2537053787523
1782	356.4	25.856768922455377	32.719861198279325
1783	356.6	25.651092108165635	32.73093967027119
1784	356.8	26.169330084164212	32.23412354930061
1785	357.0	26.066304336465734	32.55859791431514
1786	357.2	26.21131446735654	31.570122766760797
1787	357.4	26.511452882947253	31.739823146790567
1788	357.6	26.052594036157174	33.37542440034276
1789	357.8	25.969505702821557	33.167696880078346
1790	358.0	26.403918380582684	34.29696861301339
1791	358.2	26.41870323427819	33.86713484267461
1792	358.4	26.453401789914356	33.35458330696569
1793	358.6	26.340153919473057	36.08900241527169
1794	358.8	26.348948824856937	35.97838959242171
1795	359.0	26.608559248965765	34.9416297714597
1796	359.2	26.83456753701915	34.09625782538506
1797	359.4	26.41786342719539	34.26197319226213
1798	359.6	26.880936909585003	35.766419341956656
1799	359.8	26.672829524102912	35.32377072592813
1800	360.0	26.801434286749615	34.67659466117924
1801	360.2	26.547206095405024	34.77637597524091
1802	360.4	26.62007764941748	36.398850935717086
1803	360.6	26.405184189689383	36.887660035884174
1804	360.8	26.2730720756079	36.52955517139867
1805	361.0	25.997812963422504	35.67096719290918
1806	361.2	26.418695578365522	35.55363722489749
1807	361.4	25.876912249668184	35.087581185201245
1808	361.6	26.356870756926444	34.29155042279643
1809	361.8	26.202405537964363	34.069484572746255
1810	362.0	26.1736371182901	33.40334072426017
1811	362.2	26.34266033923641	32.95917936535082
1812	362.4	26.23036995018737	31.803098845805167
1813	362.6	26.424556544148416	34.568269324516244
1814	362.8	26.15324740377765	33.47250196797368
1815	363.0	26.385246015588375	35.43715003291084
1816	363.2	26.305772439755238	38.122450969260626
1817	363.4	26.44810675028353	37.53512750018325
1818	363.6	26.366653067312477	38.6990164055051
1819	363.8	26.19364370813182	37.21576312739853
1820	364.0	26.506974113002283	38.84215896679549
1821	364.2	25.89461973460657	36.342559035724044
1822	364.4	25.889056431556156	37.07618934752183
1823	364.6	26.335568636957113	37.306988722073484
1824	364.8	25.713469296297944	35.62497463639292
1825	365.0	25.279453624733822	35.29638547088417
1826	365.2	25.789365417174633	35.56245533285464
1827	365.4	25.960567111069714	34.35879919929099
1828	365.6	25.851237458808875	33.101053587027124
1829	365.8	26.012025823687118	33.60447573961881
1830	366.0	25.958939044876306	33.264974473538985
1831	366.2	26.34917652089113	33.454561761465435
1832	366.4	26.614339558401742	34.9030158076212
1833	366.6	25.955537721617972	35.24138642605233
1834	366.8	25.946248181382444	35.63404724438704
1835	367.0	25.905962222565808	35.81680359648558
1836	367.2	25.937075376208465	35.94603798503311
1837	367.4	25.997593049903877	34.21085522397714
1838	367.6	25.60659105505582	34.12014855046193
1839	367.8	25.883870053586833	36.23877515057254
1840	368.0	25.73360201462416	37.42704896353901
1841	368.2	25.7727245396308	36.10503166518418
1842	368.4	25.997610706259874	36.32219882641351
1843	368.6	26.10442555484296	36.18747264773197
1844	368.8	25.90525315243532	37.20770395708892
1845	369.0	25.813455701751593	37.57840892167528
1846	369.2	26.087589174686308	37.35771457405064
1847	369.4	25.76797150611404	36.80021524693246
1848	369.6	26.239597485659022	36.323630302224615
1849	369.8	26.08812655057658	36.56472998169868
1850	370.0	26.073494792472868	35.54550075911488
1851	370.2	25.98664831057619	35.181798050870675
1852	370.4	25.716969957334587	35.66422632761022
1853	370.6	25.726448541308798	34.153518298327285
1854	370.8	25.61358287492077	34.91065670115544
1855	371.0	25.91196990471541	35.801409475047045
1856	371.2	25.827451443859708	35.07351602237782
1857	371.4	25.359052367614105	35.40394503630073
1858	371.6	25.854649828218104	35.76425714805743
1859	371.8	25.852319221992005	35.050981479082274
1860	372.0	26.023666912539735	35.07458937539869
1861	372.2	26.26014304783086	35.64637382002841
1862	372.4	25.852868871302345	34.8255608627335
1863	372.6	26.101793182349677	34.04996934451506
1864	372.8	25.930537886742968	34.70238536218995
1865	373.0	26.154134766805704	34.201346365716255
1866	373.2	25.824945022057136	34.773974428382125
1867	373.4	25.98587604547177	35.20669882701681
1868	373.6	25.763488893990207	35.55353675680477
1869	373.8	25.832582512114644	34.531483728427744
1870	374.0	25.80644390327194	35.15031072084834
1871	374.2	25.833618594526417	36.33490984375139
1872	374.4	25.86489836606963	35.69312060455754
1873	374.6	26.262391574897855	35.11293650447877
1874	374.8	25.83127580414577	35.22590329880634
1875	375.0	26.022105475254413	34.96797026984688
1876	375.2	25.911029433240838	34.39723610482089
1877	375.4	26.16991199201198	36.02069013958012
1878	375.6	25.730481512764356	34.80260715725194
1879	375.8	26.029778096147602	34.38915337116386
1880	376.0	25.990733245617204	33.81440279333556
1881	376.2	25.96832173681381	34.14907530892164
1882	376.4	25.750930367702736	35.43185183596698
1883	376.6	25.791647461235474	36.4781770678692
1884	376.8	25.75896072918765	35.11532623699445
1885	377.0	26.05149401058268	35.57455191292791
1886	377.2	25.831987283230152	36.5509118193872
1887	377.4	25.797857239438663	35.04390863696955
1888	377.6	26.019570757353325	34.393968829980416
1889	377.8	25.911910983763107	33.46921224552823
1890	378.0	25.829579820134807	32.689816025895304
1891	378.2	25.69752791668929	33.043940934572426
1892	378.4	25.80609329298394	31.40701685536303
1893	378.6	26.030180970975035	31.030065774093536
1894	378.8	25.870252907416276	30.448960064849416
1895	379.0	25.783897987812892	30.9910329242336
1896	379.2	25.7882248292827	31.439383563635868
1897	379.4	25.828723869859225	33.76723393026079
1898	379.6	25.62590384437165	32.7873348196477
1899	379.8	26.142299626970306	33.19719373369177
1900	380.0	26.242853392008058	32.043678317619474
1901	380.2	25.78013494529421	34.070266611995564
1902	380.4	25.56221933069999	33.164023082323666
1903	380.6	25.352507057457892	33.31620509715424
1904	380.8	25.77991846980244	33.515592574173624
1905	381.0	25.548708470178795	33.45820017468323
1906	381.2	25.961158702305788	31.761997233946065
1907	381.4	25.92961165690174	31.807023905145073
1908	381.6	25.827451835029223	30.829018227000883
1909	381.8	25.89545647599476	30.828700778970408
1910	382.0	25.740182306100042	31.70691234764366
1911	382.2	25.486163663430908	31.82392954313274
1912	382.4	25.64781084570731	31.847046050592724
1913	382.6	25.808821523890426	32.65442482740001
1914	382.8	25.783441521979185	31.674166594077086
1915	383.0	25.845171698092514	33.469351345655134
1916	383.2	25.44274386628928	31.6871937610065
1917	383.4	25.7347496693201	32.165291877520254
1918	383.6	25.83018496466311	31.11577335505458
1919	383.8	25.686332471947615	32.884683403366296
1920	384.0	25.652327298799566	33.21509968410546
1921	384.2	26.07243035756625	32.838438542585706
1922	384.4	26.13609134339672	32.76985805264542
1923	384.6	25.820542713560307	32.70992543086101
1924	384.8	26.078620538371517	32.048996287041184
1925	385.0	25.709234910475846	32.24124705786737
1926	385.2	25.639741133322293	30.920854154661242
1927	385.4	25.680234378592633	31.80346057944693
1928	385.6	25.541060318521577	31.898272516610888
1929	385.8	25.626280763472785	31.745183999818842
1930	386.0	25.607517074874334	33.02053751548007
1931	386.2	26.117688258513663	32.12107005483073
1932	386.4	26.06750726273611	31.105964221568648
1933	386.6	25.89662767189895	30.19456008704242
1934	386.8	25.7360592593929	29.848028844226388
1935	387.0	26.03388293481355	30.222502792531657
1936	387.2	25.831285857951663	30.76828141463796
1937	387.4	26.022016318927683	31.051867477569388
1938	387.6	26.023880477030602	31.541996228141578
1939	387.8	25.964611876177884	31.53289122803132
1940	388.0	26.093920726591744	31.573856633421574
1941	388.2	26.086519269588656	31.10228616227819
1942	388.4	25.781552128859886	32.484897643646335
1943	388.6	26.207644243444555	32.589703501733844
1944	388.8	25.958669443313177	34.141475691785956
1945	389.0	25.715033377907226	32.019424352209164
1946	389.2	25.745081103701203	33.509143451325855
1947	389.4	26.17410108479581	32.364033959229054
1948	389.6	26.139031066720378	32.379979490392564
1949	389.8	26.085082509487545	32.67010004247477
1950	390.0	26.08754792411071	32.89422070852283
1951	390.2	25.99643160888031	31.550018248621864
1952	390.4	25.990270069010695	32.20866440089114
1953	390.6	26.174158610651688	31.803792637462585
1954	390.8	25.629868163534724	32.740591060546194
1955	391.0	26.045983305227335	31.89937183162504
1956	391.2	25.881499316545447	30.59764739315724
1957	391.4	26.066672522343328	31.424422024753188
1958	391.6	25.67735820959448	31.506705236796147
1959	391.8	26.02306743062115	33.01245406708538
1960	392.0	26.32985631418992	32.738593862769825
1961	392.2	25.8489969995703	33.1352226071424
1962	392.4	26.008206371729322	32.86005711966039
1963	392.6	25.917216323273255	32.5191778930922
1964	392.8	25.89549810398367	33.99879588856212
1965	393.0	25.784870772196044	33.407034288517934
1966	393.2	26.083266440516336	34.365570596008844
1967	393.4	25.823506466717042	35.92391227966244
1968	393.6	25.398985887621116	35.840247167319404
1969	393.8	25.698858409410107	34.61738952278173
1970	394.0	25.963135072201887	36.81085247541332
1971	394.2	26.1025267373642	36.920716904998635
1972	394.4	25.997313613334097	36.96653733211376
1973	394.6	26.556215324307843	37.13329725935756
1974	394.8	26.19809388699779	37.03337337770429
1975	395.0	26.391894401553404	36.9659684662003
1976	395.2	26.512235971967787	34.953664942748745
1977	395.4	26.69390595613703	34.704106279500884
1978	395.6	26.27057643234961	34.82764435067534
1979	395.8	26.673257940527368	36.72202046747316
1980	396.0	26.695504762372913	38.466186983599975
1981	396.2	26.650900746797383	37.326041720061625
1982	396.4	26.6403887892375	38.0955678472933
1983	396.6	26.057816135038326	36.4478673235796
1984	396.8	27.027965071287678	37.397570109967674
1985	397.0	26.2459137841017	37.01102423616672
1986	397.2	26.097344805706868	34.997082944481534
1987	397.4	26.58953173498807	33.197234752832095
1988	397.6	26.20577094771354	33.44424287248606
1989	397.8	26.239083658757437	34.36583548863405
1990	398.0	25.6133133957984	34.873052948223396
1991	398.2	26.229121815248146	36.12841820391972
1992	398.4	26.238613657285118	38.12098883472616
1993	398.6	26.188113767394192	38.73874246273599
1994	398.8	25.622382683862103	38.4551390739092
1995	399.0	25.87176025725545	36.50637790341442
1996	399.2	25.980291829604884	39.50798293511025
1997	399.4	25.830624050326634	37.873340537539
1998	399.6	25.42562004284135	34.550302392855606
1999	399.8	26.006543677823082	35.173108761174625
2000	400.0	26.02150513504873	35.180094763208665
2001	400.2	26.188735109218968	34.191784373483245
2002	400.4	25.699354346387423	34.03059844363069
2003	400.6	26.09448472478412	32.527607293714574
2004	400.8	26.036619336190462	35.35293509569228
2005	401.0	25.896568375883145	34.698965228564276
2006	401.2	25.70787883712881	33.3753801160279
2007	401.4	25.85221744382163	34.108351234047674
2008	401.6	25.662798667972382	33.58043914224745
2009	401.8	25.883922013672947	32.14841047215598
2010	402.0	25.887602894391577	33.59423187275665
2011	402.2	25.881980183345398	33.686012775962574
2012	402.4	26.065465941786258	33.19350932242009
2013	402.6	25.981042735604337	34.47184679120096
2014	402.8	26.101019237506605	34.432714327967204
2015	403.0	26.516936045823122	35.225281657284434
2016	403.2	25.995985388314566	37.004601610563704
2017	403.4	26.23568930146111	35.75287083735
2018	403.6	26.381573854972096	38.04793608430851
2019	403.8	26.94149724767584	35.46887970509095
2020	404.0	26.03543753833291	36.55826403504126
2021	404.2	26.41174706403726	36.41658631056224
2022	404.4	26.15565998719997	37.6729967032385
2023	404.6	26.267531278569454	38.87574519314106
2024	404.8	26.49789700638205	38.482234154642164
2025	405.0	25.8378740165765	39.51940929692306
2026	405.2	26.708108615221697	39.26378333564387
2027	405.4	27.012454192868834	39.09023889853136
2028	405.6	27.223914400872683	39.080503631282376
2029	405.8	26.733688963409772	38.49423423731032
2030	406.0	26.357059698132648	38.54610714274656
2031	406.2	26.172345898576026	37.722043439031566
2032	406.4	26.219808731279638	38.12993002885231
2033	406.6	26.684032662378694	38.804217258008435
2034	406.8	26.43002329052534	36.79594616588456
2035	407.0	25.921711774491587	37.92577575479238
2036	407.2	26.354372569450188	38.390316265893915
2037	407.4	26.64746866403519	36.460975747152396
2038	407.6	26.09130259711697	35.903261829022796
2039	407.8	26.63081818229839	36.145580889044716
2040	408.0	26.49671156245973	34.8701104754248
2041	408.2	26.427258522786758	34.906708875624425
2042	408.4	26.730238477453764	34.67090684216359
2043	408.6	26.46462365542203	35.688197247529004
2044	408.8	26.397865819950184	35.91256638984092
2045	409.0	25.993575192537953	35.64878762397708
2046	409.2	26.70523596077814	35.051152299502355
2047	409.4	26.664447467757913	36.71332811883677
2048	409.6	26.942719242357967	36.2437994961178
2049	409.8	26.543377405580614	36.85549159785702
2050	410.0	26.654084254310863	38.45939827395257
2051	410.2	26.820258398643453	36.89240768390299
2052	410.4	27.07241786961621	37.793933075823176
2053	410.6	27.4442859658686	35.47166521076992
2054	410.8	27.076967616172364	37.04470776497239
2055	411.0	27.04485888585836	36.412142755538966
2056	411.2	26.6510907841094	36.72560253436867
2057	411.4	26.784724168132666	37.67070469885165
2058	411.6	27.08753526438925	37.95059891111293
2059	411.8	26.710151158650966	39.50239188740895
2060	412.0	27.115043326690987	37.697029711299145
2061	412.2	26.74437999027494	36.57971583336941
2062	412.4	26.82043469352457	36.7775569564984
2063	412.6	26.65351074820274	37.73877352722517
2064	412.8	26.43394074850098	37.76205173280368
2065	413.0	26.710288198220024	38.21284409164483
2066	413.2	26.65157010440712	38.55726325967955
2067	413.4	26.45813390760678	38.39873425688872
2068	413.6	26.446825590541586	37.15708830146133
2069	413.8	26.463036837589986	37.30678201070874
2070	414.0	26.415342483950404	37.5025954227051
2071	414.2	26.588379002253955	37.72847956994844
2072	414.4	26.831945917489808	36.08489437061045
2073	414.6	26.052573807267933	37.05684255097176
2074	414.8	26.19165412904897	37.034396927422414
2075	415.0	26.170444487176493	37.46417994548204
2076	415.2	26.61917838934664	36.80421997196456
2077	415.4	26.5725910422111	35.71033246594445
2078	415.6	26.176430964262646	36.59854106017342
2079	415.8	26.45238125974954	35.815916191717186
2080	416.0	26.6402008996402	36.79272881802156
2081	416.2	26.408152683805586	36.72388175410031
2082	416.4	26.39438713642451	35.63056461110545
2083	416.6	26.34757147857291	37.99139947361847
2084	416.8	26.00454176311063	37.727790387152794
2085	417.0	26.662404507441057	36.295631041005954
2086	417.2	26.18346027148974	37.43230696000103
2087	417.4	25.97618116819809	36.48148260321585
2088	417.6	26.377508391408576	36.152164261836866
2089	417.8	26.72326895575722	38.07340748383782
2090	418.0	26.261000467299006	37.1301995682697
2091	418.2	26.625542922446723	36.509889981911435
2092	418.4	26.412434503506873	38.20278982062443
2093	418.6	26.646896443474695	36.54704774262648
2094	418.8	26.43759284605832	36.61043482735138
2095	419.0	26.3171698867666	37.32835511920685
2096	419.2	26.33644621877427	38.33965034554804
2097	419.4	26.574139625721234	37.50832522167156
2098	419.6	26.218749424169832	37.27074502354701
2099	419.8	26.395068680449672	37.636888531933344
2100	420.0	26.297730079582	36.98308278438245
2101	420.2	26.08262828161591	39.19721224857003
2102	420.4	26.381080689142422	37.659327219612734
2103	420.6	26.406431178025525	38.673931508081104
2104	420.8	26.32550993223696	39.64313135560959
2105	421.0	26.73579234067023	39.10071445834402
2106	421.2	25.793419413743937	37.709627738879774
2107	421.4	26.100342019662268	37.667958427744026
2108	421.6	26.610572724316036	37.43093176329212
2109	421.8	26.650425098518756	36.44037335562924
2110	422.0	26.355614796176354	36.554488855260736
2111	422.2	26.386376336873198	37.99368713789244
2112	422.4	25.869746942447666	38.713089393922665
2113	422.6	25.88497792189307	38.55670073823172
2114	422.8	26.37822812224258	37.73127101545047
2115	423.0	25.808553570236324	38.24026394250748
2116	423.2	26.13615571373828	38.7013633433058
2117	423.4	26.072333525958822	39.50635540994428
2118	423.6	26.533936841158678	39.59956534773677
2119	423.8	26.292642867195898	40.24428351860674
2120	424.0	25.961726085245804	39.582888544703614
2121	424.2	26.06699254722632	39.1437065212052
2122	424.4	26.822787711545253	37.133211843840144
2123	424.6	26.171222729383114	34.553006271895455
2124	424.8	26.213381622435623	37.82166767998069
2125	425.0	26.109804690732446	41.99249705999525
2126	425.2	26.66962914830634	39.38977019010017
2127	425.4	26.367376995286406	39.47625015723093
2128	425.6	25.499781733704708	40.832087297821815
2129	425.8	25.78011128467552	40.03713193544511
2130	426.0	26.029295668405176	39.62699681757669
2131	426.2	26.388937576122654	39.34800656350375
2132	426.4	26.277744811773502	38.07627265071643
2133	426.6	26.39342011988373	39.32975317557025
2134	426.8	26.363788593018292	38.7841655253898
2135	427.0	26.538374826972788	39.43058219523357
2136	427.2	26.506953603445904	40.81897024916612
2137	427.4	26.15188241344307	40.071254664727576
2138	427.6	26.591753512874867	38.73518715121707
2139	427.8	26.316174344439915	38.238996726870276
2140	428.0	25.71198350832579	39.9839677327642
2141	428.2	26.526127645299255	38.9023363720447
2142	428.4	26.76750822347974	38.635281645872716
2143	428.6	26.23658971297807	38.80594519872866
2144	428.8	26.19544106419223	37.16091792213363
2145	429.0	25.78697523436687	36.85102318251911
2146	429.2	25.820769276539572	38.50155959399613
2147	429.4	25.880742442757988	36.77111121105922
2148	429.6	26.056636262101623	39.21826448921699
2149	429.8	26.231503915064142	38.47849627527027
2150	430.0	26.171975344196344	39.142528113951265
2151	430.2	26.280592517008394	37.40194800114335
2152	430.4	25.909146468386353	38.37323769735329
2153	430.6	26.470239082669472	37.55436973242032
2154	430.8	26.473020130653808	37.47494437097876
2155	431.0	26.232457783477052	36.052376200696344
2156	431.2	26.74871846960891	37.69678817968463
2157	431.4	26.3735876818152	36.715366922748665
2158	431.6	26.38952095545967	37.10328920068935
2159	431.8	25.88114832215368	35.62599405882918
2160	432.0	26.04664278104004	37.13446172071583
2161	432.2	26.140582119517244	36.59288180085982
2162	432.4	25.987680942975757	36.328471428536645
2163	432.6	26.29616483778668	37.8480035979488
2164	432.8	26.079484154496253	38.8506182080844
2165	433.0	26.03242308916231	38.997581747771505
2166	433.2	26.208694025461778	39.9021944452777
2167	433.4	26.028043541559565	39.56516536579356
2168	433.6	26.285682332844654	40.01669457451801
2169	433.8	26.41623203762275	38.99696070802675
2170	434.0	26.0895240217469	38.41898260358138
2171	434.2	26.271803945770177	37.68076139017781
2172	434.4	26.10407853539251	37.63620062734199
2173	434.6	25.973236517615323	36.853668708388604
2174	434.8	26.0272250568414	37.31804506648366
2175	435.0	26.385092712030755	35.63524454095547
2176	435.2	26.27027730363424	35.71612608387886
2177	435.4	25.930268308473266	35.7372536080847
2178	435.6	26.125246671107618	35.84935618638352
2179	435.8	26.1918605999871	36.399840124809394
2180	436.0	26.32927917443447	36.658338581128106
2181	436.2	25.938109554120402	35.40755715003712
2182	436.4	25.871282548210743	34.69471635740509
2183	436.6	26.370976636311713	35.33449040018557
2184	436.8	26.373998600446534	34.89183504494245
2185	437.0	26.404068691645215	35.09369909420251
2186	437.2	26.417843576637758	35.96386927656258
2187	437.4	25.403856721123287	34.31529642704292
2188	437.6	25.74964938134811	33.761282559686414
2189	437.8	26.083925848633044	34.26144350940152
2190	438.0	26.164518188859326	37.55058899407661
2191	438.2	26.649889196546336	38.0323271377224
2192	438.4	26.283308446194436	37.02836603414045
2193	438.6	26.334167803763886	36.56648445867492
2194	438.8	26.39879038811915	36.8856735554652
2195	439.0	26.388819629581363	36.95284470606923
2196	439.2	26.32066431367332	36.60870667938113
2197	439.4	26.539148814307687	37.851959724629374
2198	439.6	26.46793457131494	37.117958951088426
2199	439.8	26.259561818918247	38.29130530074233
2200	440.0	26.407873338616245	38.63692431228703
2201	440.2	26.519887065622317	37.60116145270564
2202	440.4	26.16382063836919	36.40022787975237
2203	440.6	26.126185604299366	38.38484481234979
2204	440.8	26.318756483795614	38.98536435562457
2205	441.0	26.465716657816266	38.11464691743475
2206	441.2	26.466774572181105	38.240773531290344
2207	441.4	26.807044905521405	37.4237268706636
2208	441.6	26.5495412261323	36.612322487417956
2209	441.8	26.325478605685	37.06493876325848
2210	442.0	26.56053335663668	36.53307855027646
2211	442.2	26.266269859205423	35.18039912404268
2212	442.4	26.22980666118144	34.70059026077909
2213	442.6	26.07127640790655	34.963412222414284
2214	442.8	26.218702168036963	34.113835565923694
2215	443.0	26.266015119195572	33.632402913840856
2216	443.2	26.388159080924222	33.74405967059638
2217	443.4	26.315154988736214	34.596793780135265
2218	443.6	26.104415084381255	35.432391079264065
2219	443.8	26.083808302352235	34.30972314176146
2220	444.0	25.99537744258831	35.05981147250456
2221	444.2	25.892340168858752	34.87065334823256
2222	444.4	26.4133186119683	34.570288496894925
2223	444.6	26.040344659447506	33.15417582521461
2224	444.8	26.019967481720887	33.64176574927103
2225	445.0	26.11828861283595	32.77364576650371
2226	445.2	26.333220783932724	32.45646796680979
2227	445.4	26.213556436839546	33.70450384416435
2228	445.6	26.33504401354363	33.179217094019414
2229	445.8	26.170938173494925	33.14300468633424
2230	446.0	25.89513456295835	32.046953159791045
2231	446.2	26.044869792088974	32.71553604956124
2232	446.4	26.01743755702005	32.78925604243092
2233	446.6	25.51436824192228	33.85189855861375
2234	446.8	26.068529811618706	33.03199186700756
2235	447.0	25.803333176846373	33.95535814352112
2236	447.2	25.898254995740224	32.587195061935006
2237	447.4	25.57997628585035	33.49904773610522
2238	447.6	25.72837976907874	32.74356802972402
2239	447.8	25.895387844102004	32.79590388430524
2240	448.0	25.761709299985952	31.18865342276006
2241	448.2	25.635064455166855	31.367198924414247
2242	448.4	25.81636696606028	31.830217813044055
2243	448.6	25.791755823902466	33.0074896580722
2244	448.8	25.409587245690634	32.887403486185576
2245	449.0	25.75443994531868	32.795764988482155
2246	449.2	25.888757816865464	33.00997268739616
2247	449.4	25.93059633183885	32.27144870025608
2248	449.6	25.950029371875136	30.72793489874928
2249	449.8	25.95205546628798	30.955365729710522
2250	450.0	25.814976469866565	31.819672873424846
2251	450.2	25.499468070413748	30.846875691319667
2252	450.4	25.80812588067792	30.53060592890123
