condition,frame_index,M20_O3P_A
tmpp-wt,0,4.85391158
tmpp-wt,1,5.31981722
tmpp-wt,2,5.43113865
tmpp-wt,3,5.17314745
tmpp-wt,4,4.93573273
tmpp-wt,5,4.80068252
tmpp-wt,6,4.18536260
tmpp-wt,7,4.43433515
tmpp-wt,8,4.28392638
tmpp-wt,9,4.76914172
tmpp-wt,10,5.33693173
tmpp-wt,11,5.30344028
tmpp-wt,12,4.78471364
tmpp-wt,13,4.71705067
tmpp-wt,14,4.97622990
tmpp-wt,15,5.73731425
tmpp-wt,16,6.56491389
tmpp-wt,17,5.89352669
tmpp-wt,18,6.37128682
tmpp-wt,19,4.19603803
tmpp-wt,20,4.71296123
tmpp-wt,21,5.23340400
tmpp-wt,22,6.37013595
tmpp-wt,23,5.07936267
tmpp-wt,24,4.81299955
tmpp-wt,25,5.32800912
tmpp-wt,26,3.57358685
tmpp-wt,27,5.13551614
tmpp-wt,28,4.40589501
tmpp-wt,29,4.92597822
tmpp-wt,30,4.55039651
tmpp-wt,31,4.29491092
tmpp-wt,32,4.80789706
tmpp-wt,33,4.67537987
tmpp-wt,34,5.01447460
tmpp-wt,35,4.09118105
tmpp-wt,36,5.96556585
tmpp-wt,37,6.46562547
tmpp-wt,38,5.42267422
tmpp-wt,39,6.48510547
tmpp-wt,40,5.27244241
tmpp-wt,41,5.47267645
tmpp-wt,42,4.18772389
tmpp-wt,43,4.97484693
tmpp-wt,44,4.50212705
tmpp-wt,45,4.94916948
tmpp-wt,46,4.39204370
tmpp-wt,47,4.47550252
tmpp-wt,48,4.46841137
tmpp-wt,49,5.46580534
tmpp-wt,50,4.70631638
tmpp-wt,51,5.96961254
tmpp-wt,52,7.22755862
tmpp-wt,53,5.10150539
tmpp-wt,54,4.72022829
tmpp-wt,55,4.64251134
tmpp-wt,56,4.73433921
tmpp-wt,57,9.48503584
tmpp-wt,58,8.98678410
tmpp-wt,59,8.76405631
tmpp-wt,60,9.76992046
tmpp-wt,61,9.25962451
tmpp-wt,62,10.15444872
tmpp-wt,63,9.29885931
tmpp-wt,64,9.91132088
tmpp-wt,65,9.20971209
tmpp-wt,66,11.48065534
tmpp-wt,67,5.18629916
tmpp-wt,68,4.44050469
tmpp-wt,69,6.28772182
tmpp-wt,70,10.74923957
tmpp-wt,71,8.89566023
tmpp-wt,72,9.40308943
tmpp-wt,73,10.05497430
tmpp-wt,74,7.61560145
tmpp-wt,75,12.09210995
tmpp-wt,76,10.50746573
tmpp-wt,77,8.07164803
tmpp-wt,78,9.94150520
tmpp-wt,79,9.51291503
tmpp-wt,80,7.75529064
tmpp-wt,81,10.32805267
tmpp-wt,82,10.37327586
tmpp-wt,83,9.52479904
tmpp-wt,84,7.44832570
tmpp-wt,85,8.83503863
tmpp-wt,86,8.92028304
tmpp-wt,87,9.27307548
tmpp-wt,88,10.16829794
tmpp-wt,89,8.57092088
tmpp-wt,90,7.93510878
tmpp-wt,91,10.01739052
tmpp-wt,92,10.57352308
tmpp-wt,93,9.42836930
tmpp-wt,94,10.72919470
tmpp-wt,95,10.80369464
tmpp-wt,96,11.80663557
tmpp-wt,97,8.86178268
tmpp-wt,98,9.35940922
tmpp-wt,99,9.95913966
tmpp-wt,100,10.36437232
tmpp-wt,101,7.89691449
tmpp-wt,102,8.46736000
tmpp-wt,103,8.99401377
tmpp-wt,104,7.97177724
tmpp-wt,105,9.24040200
tmpp-wt,106,9.45834166
tmpp-wt,107,10.40626714
tmpp-wt,108,7.71393275
tmpp-wt,109,9.16841608
tmpp-wt,110,9.56257984
tmpp-wt,111,9.96169753
tmpp-wt,112,9.18820829
tmpp-wt,113,8.85660594
tmpp-wt,114,8.93599895
tmpp-wt,115,6.43740570
tmpp-wt,116,9.06642852
tmpp-wt,117,10.50719917
tmpp-wt,118,8.49142856
tmpp-wt,119,7.11319071
tmpp-wt,120,7.10532002
tmpp-wt,121,9.05400659
tmpp-wt,122,9.54421825
tmpp-wt,123,9.52298213
tmpp-wt,124,8.04460395
tmpp-wt,125,10.21467989
tmpp-wt,126,7.53918230
tmpp-wt,127,10.14133235
tmpp-wt,128,8.75201418
tmpp-wt,129,8.19688962
tmpp-wt,130,10.25713545
tmpp-wt,131,8.32053410
tmpp-wt,132,7.98899631
tmpp-wt,133,8.80684160
tmpp-wt,134,8.33989803
tmpp-wt,135,11.17938954
tmpp-wt,136,8.05997805
tmpp-wt,137,11.13152469
tmpp-wt,138,11.37919625
tmpp-wt,139,11.64768693
tmpp-wt,140,10.16002243
tmpp-wt,141,9.98002646
tmpp-wt,142,8.11518858
tmpp-wt,143,10.70244553
tmpp-wt,144,7.34284250
tmpp-wt,145,11.12845093
tmpp-wt,146,9.77780684
tmpp-wt,147,7.78087110
tmpp-wt,148,8.31305197
tmpp-wt,149,9.59880927
tmpp-wt,150,10.88509094
tmpp-wt,151,10.71476553
tmpp-wt,152,8.27028159
tmpp-wt,153,8.04442498
tmpp-wt,154,7.29277176
tmpp-wt,155,10.03934866
tmpp-wt,156,7.25910065
tmpp-wt,157,6.95285682
tmpp-wt,158,8.89909613
tmpp-wt,159,8.52099062
tmpp-wt,160,11.00837336
tmpp-wt,161,9.18106115
tmpp-wt,162,9.38876836
tmpp-wt,163,6.99148785
tmpp-wt,164,10.04638656
tmpp-wt,165,8.33005613
tmpp-wt,166,9.77220670
tmpp-wt,167,9.89745065
tmpp-wt,168,7.43354177
tmpp-wt,169,8.15942009
tmpp-wt,170,11.05357652
tmpp-wt,171,8.45492812
tmpp-wt,172,7.50561733
tmpp-wt,173,8.28267687
tmpp-wt,174,8.45615207
tmpp-wt,175,8.55335174
tmpp-wt,176,9.35340906
tmpp-wt,177,8.61669507
tmpp-wt,178,6.97691065
tmpp-wt,179,11.39134558
tmpp-wt,180,11.25511346
tmpp-wt,181,8.40047788
tmpp-wt,182,8.25017943
tmpp-wt,183,11.36237042
tmpp-wt,184,9.91101011
tmpp-wt,185,11.27339049
tmpp-wt,186,9.72662020
tmpp-wt,187,7.65563364
tmpp-wt,188,10.06860189
tmpp-wt,189,9.15050198
tmpp-wt,190,7.52179358
tmpp-wt,191,9.25750619
tmpp-wt,192,9.38387662
tmpp-wt,193,8.83197589
tmpp-wt,194,9.07589009
tmpp-wt,195,10.27850499
tmpp-wt,196,6.94799346
tmpp-wt,197,8.94746494
tmpp-wt,198,9.80169735
tmpp-wt,199,8.87290143
tmpp-wt,200,10.00152186
tmpp-wt,201,7.34170055
tmpp-wt,202,10.20623172
tmpp-wt,203,9.99325994
tmpp-wt,204,9.13864472
tmpp-wt,205,8.83754514
tmpp-wt,206,8.57955495
tmpp-wt,207,7.90023305
tmpp-wt,208,12.41512494
tmpp-wt,209,10.98757999
tmpp-wt,210,7.53930118
tmpp-wt,211,4.45516933
tmpp-wt,212,4.51665246
tmpp-wt,213,4.81586609
tmpp-wt,214,5.33996302
tmpp-wt,215,5.86258474
tmpp-wt,216,4.15049717
tmpp-wt,217,5.14052141
tmpp-wt,218,5.70706158
tmpp-wt,219,5.12941509
tmpp-wt,220,4.84482017
tmpp-wt,221,5.18085472
tmpp-wt,222,4.65627725
tmpp-wt,223,4.80366373
tmpp-wt,224,6.95047105
tmpp-wt,225,7.40510404
tmpp-wt,226,5.24282823
tmpp-wt,227,4.81945794
tmpp-wt,228,6.32101401
tmpp-wt,229,5.13262147
tmpp-wt,230,6.14099522
tmpp-wt,231,6.75737486
tmpp-wt,232,8.21314894
tmpp-wt,233,6.79930098
tmpp-wt,234,5.54709883
tmpp-wt,235,5.50712367
tmpp-wt,236,5.53715091
tmpp-wt,237,5.45528744
tmpp-wt,238,5.34534777
tmpp-wt,239,5.45753218
tmpp-wt,240,7.12876107
tmpp-wt,241,6.18698091
tmpp-wt,242,7.29309683
tmpp-wt,243,6.22255026
tmpp-wt,244,4.78148920
tmpp-wt,245,5.86464669
tmpp-wt,246,5.33908507
tmpp-wt,247,7.63272224
tmpp-wt,248,6.58175761
tmpp-wt,249,6.35593379
tmpp-wt,250,7.03360547
tmpp-wt,251,6.95426144
tmpp-wt,252,5.41801600
tmpp-wt,253,5.57927912
tmpp-wt,254,6.22418530
tmpp-wt,255,7.20303130
tmpp-wt,256,6.34293877
tmpp-wt,257,9.64363977
tmpp-wt,258,10.92794789
tmpp-wt,259,10.97459437
tmpp-wt,260,9.02394507
tmpp-wt,261,9.82951331
tmpp-wt,262,10.27450903
tmpp-wt,263,10.14422434
tmpp-wt,264,9.49985840
tmpp-wt,265,9.95839287
tmpp-wt,266,10.80219819
tmpp-wt,267,9.70034512
tmpp-wt,268,9.85816670
tmpp-wt,269,9.25478630
tmpp-wt,270,8.28182845
tmpp-wt,271,8.69969764
tmpp-wt,272,10.70790401
tmpp-wt,273,8.86148972
tmpp-wt,274,9.12914330
tmpp-wt,275,9.29851967
tmpp-wt,276,10.82616194
tmpp-wt,277,9.07440953
tmpp-wt,278,8.79908094
tmpp-wt,279,9.29858464
tmpp-wt,280,9.19117418
tmpp-wt,281,8.24831061
tmpp-wt,282,8.53123990
tmpp-wt,283,8.16088582
tmpp-wt,284,11.13368001
tmpp-wt,285,9.53833222
tmpp-wt,286,9.91167213
tmpp-wt,287,11.06594839
tmpp-wt,288,7.35530862
tmpp-wt,289,9.38775904
tmpp-wt,290,9.35884113
tmpp-wt,291,10.19093767
tmpp-wt,292,9.04459020
tmpp-wt,293,10.76051950
tmpp-wt,294,9.96560499
tmpp-wt,295,10.28491720
tmpp-wt,296,9.60655322
tmpp-wt,297,10.09795651
tmpp-wt,298,7.09997938
tmpp-wt,299,9.85908317
tmpp-wt,300,9.46150346
tmpp-wt,301,7.29885917
tmpp-wt,302,8.08902082
tmpp-wt,303,7.86042604
tmpp-wt,304,8.97087672
tmpp-wt,305,7.46719951
tmpp-wt,306,7.85648270
tmpp-wt,307,9.47699196
tmpp-wt,308,8.71883596
tmpp-wt,309,8.58760380
tmpp-wt,310,9.53407907
tmpp-wt,311,8.51870772
tmpp-wt,312,8.02492259
tmpp-wt,313,8.59360544
tmpp-wt,314,9.09277337
tmpp-wt,315,9.29082049
tmpp-wt,316,8.38763352
tmpp-wt,317,8.37057069
tmpp-wt,318,8.48019491
tmpp-wt,319,8.50113373
tmpp-wt,320,8.61369787
tmpp-wt,321,8.85019616
tmpp-wt,322,9.02769682
tmpp-wt,323,9.08800797
tmpp-wt,324,9.30103186
tmpp-wt,325,8.70559158
tmpp-wt,326,10.44625447
tmpp-wt,327,8.41918324
tmpp-wt,328,9.73287866
tmpp-wt,329,8.17834257
tmpp-wt,330,9.45669411
tmpp-wt,331,7.86526929
tmpp-wt,332,8.43323153
tmpp-wt,333,8.69334281
tmpp-wt,334,9.72470803
tmpp-wt,335,8.16448172
tmpp-wt,336,9.07413966
tmpp-wt,337,7.44886098
tmpp-wt,338,8.49231465
tmpp-wt,339,9.18456504
tmpp-wt,340,7.67117018
tmpp-wt,341,10.50003320
tmpp-wt,342,8.67397088
tmpp-wt,343,8.20302830
tmpp-wt,344,8.73371921
tmpp-wt,345,7.67735980
tmpp-wt,346,7.60112204
tmpp-wt,347,7.29057596
tmpp-wt,348,9.74474669
tmpp-wt,349,9.30196553
tmpp-wt,350,9.99009766
tmpp-wt,351,8.06399672
tmpp-wt,352,8.93760702
tmpp-wt,353,9.54905363
tmpp-wt,354,8.45257642
tmpp-wt,355,9.41940333
tmpp-wt,356,10.01353718
tmpp-wt,357,9.29042752
tmpp-wt,358,11.06543488
tmpp-wt,359,6.91671097
tmpp-wt,360,10.24887477
tmpp-wt,361,8.22874412
tmpp-wt,362,8.38909079
tmpp-wt,363,7.11744534
tmpp-wt,364,9.78338435
tmpp-wt,365,8.79271972
tmpp-wt,366,7.50037535
tmpp-wt,367,7.16493964
tmpp-wt,368,8.32823039
tmpp-wt,369,8.94648045
tmpp-wt,370,8.79526130
tmpp-wt,371,10.59029637
tmpp-wt,372,7.45252907
tmpp-wt,373,10.93664244
tmpp-wt,374,8.70736728
tmpp-wt,375,9.95191198
tmpp-wt,376,9.66428510
tmpp-wt,377,9.74446641
tmpp-wt,378,10.38515983
tmpp-wt,379,10.84423499
tmpp-wt,380,10.25287862
tmpp-wt,381,10.40532445
tmpp-wt,382,11.14819765
tmpp-wt,383,9.81599297
tmpp-wt,384,9.32929812
tmpp-wt,385,10.10251046
tmpp-wt,386,7.86204448
tmpp-wt,387,7.29374792
tmpp-wt,388,11.20204302
tmpp-wt,389,8.74195949
tmpp-wt,390,9.10388553
tmpp-wt,391,8.53566748
tmpp-wt,392,8.64348883
tmpp-wt,393,7.71081512
tmpp-wt,394,8.86549046
tmpp-wt,395,9.43247815
tmpp-wt,396,10.63534979
tmpp-wt,397,10.12994234
tmpp-wt,398,8.69726893
tmpp-wt,399,8.17565397
tmpp-wt,400,7.66281501
tmpp-wt,401,9.48209954
tmpp-wt,402,7.80479517
tmpp-wt,403,9.12768474
tmpp-wt,404,9.37452626
tmpp-wt,405,8.23922002
tmpp-wt,406,8.15857221
tmpp-wt,407,11.29901908
tmpp-wt,408,8.53922189
tmpp-wt,409,9.27633267
tmpp-wt,410,7.49858413
tmpp-wt,411,8.35355316
tmpp-wt,412,8.49864717
tmpp-wt,413,8.01032181
tmpp-wt,414,6.68941658
tmpp-wt,415,9.22865539
tmpp-wt,416,8.17096148
tmpp-wt,417,8.69053447
tmpp-wt,418,7.78094371
tmpp-wt,419,7.25427656
tmpp-wt,420,9.00977693
tmpp-wt,421,6.21757195
tmpp-wt,422,7.82025327
tmpp-wt,423,10.62054154
tmpp-wt,424,9.06633967
tmpp-wt,425,8.33777790
tmpp-wt,426,6.93286668
tmpp-wt,427,7.56945578
tmpp-wt,428,7.72877423
tmpp-wt,429,6.98866688
tmpp-wt,430,7.88335720
tmpp-wt,431,7.65375982
tmpp-wt,432,7.86395919
tmpp-wt,433,8.41595442
tmpp-wt,434,7.69942828
tmpp-wt,435,7.23177767
tmpp-wt,436,7.23267066
tmpp-wt,437,6.72759475
tmpp-wt,438,6.49963041
tmpp-wt,439,7.35767186
tmpp-wt,440,8.44085612
tmpp-wt,441,8.93460817
tmpp-wt,442,10.98165248
tmpp-wt,443,8.01476155
tmpp-wt,444,7.27141432
tmpp-wt,445,6.75046643
tmpp-wt,446,10.95897145
tmpp-wt,447,10.21790507
tmpp-wt,448,8.25097231
tmpp-wt,449,10.39286983
tmpp-wt,450,9.56629927
tmpp-wt,451,7.97965653
tmpp-wt,452,9.87743280
tmpp-wt,453,8.46970529
tmpp-wt,454,8.11127905
tmpp-wt,455,7.94564877
tmpp-wt,456,8.46750120
tmpp-wt,457,9.46862075
tmpp-wt,458,9.22920983
tmpp-wt,459,10.29678740
tmpp-wt,460,9.84698500
tmpp-wt,461,10.83688442
tmpp-wt,462,8.57634010
tmpp-wt,463,11.71044403
tmpp-wt,464,9.43807896
tmpp-wt,465,8.33482181
tmpp-wt,466,9.16395617
tmpp-wt,467,9.17678594
tmpp-wt,468,8.72482162
tmpp-wt,469,10.28116009
tmpp-wt,470,6.81400249
tmpp-wt,471,8.42066864
tmpp-wt,472,7.70638439
tmpp-wt,473,6.50647036
tmpp-wt,474,6.95015313
tmpp-wt,475,6.86730674
tmpp-wt,476,6.72532841
tmpp-wt,477,7.34448471
tmpp-wt,478,8.57737468
tmpp-wt,479,8.67160426
tmpp-wt,480,10.44179559
tmpp-wt,481,9.75308252
tmpp-wt,482,7.30877166
tmpp-wt,483,9.00468307
tmpp-wt,484,7.76207856
tmpp-wt,485,10.35464713
tmpp-wt,486,9.55966186
tmpp-wt,487,8.26615134
tmpp-wt,488,9.28176955
tmpp-wt,489,8.79911808
tmpp-wt,490,10.13853891
tmpp-wt,491,11.12916484
tmpp-wt,492,10.48410764
tmpp-wt,493,11.22857447
tmpp-wt,494,9.08212921
tmpp-wt,495,7.38005300
tmpp-wt,496,6.96210543
tmpp-wt,497,8.37132006
tmpp-wt,498,6.94394667
tmpp-wt,499,7.24709408
tmpp-wt,500,9.73474547
tmpp-wt,501,9.77623455
tmpp-wt,502,8.63465415
tmpp-wt,503,6.04984584
tmpp-wt,504,9.14436575
tmpp-wt,505,7.13659291
tmpp-wt,506,10.25165707
tmpp-wt,507,9.72498240
tmpp-wt,508,9.55181666
tmpp-wt,509,8.09050149
tmpp-wt,510,8.16045849
tmpp-wt,511,8.35699544
tmpp-wt,512,9.26807456
tmpp-wt,513,8.47833296
tmpp-wt,514,9.89326889
tmpp-wt,515,8.54667773
tmpp-wt,516,10.68709807
tmpp-wt,517,10.80324136
tmpp-wt,518,9.60581521
tmpp-wt,519,10.17830833
tmpp-wt,520,10.07376369
tmpp-wt,521,8.55931983
tmpp-wt,522,8.33508680
tmpp-wt,523,10.13387677
tmpp-wt,524,9.37806546
tmpp-wt,525,9.15961942
tmpp-wt,526,8.91501300
tmpp-wt,527,10.53384744
tmpp-wt,528,11.77216899
tmpp-wt,529,10.14775699
tmpp-wt,530,10.53702236
tmpp-wt,531,10.09115832
tmpp-wt,532,9.08843589
tmpp-wt,533,8.99591940
tmpp-wt,534,10.69308581
tmpp-wt,535,10.57177043
tmpp-wt,536,9.94685863
tmpp-wt,537,7.81239437
tmpp-wt,538,10.06493179
tmpp-wt,539,8.97973438
tmpp-wt,540,10.21416092
tmpp-wt,541,10.28814777
tmpp-wt,542,9.99249240
tmpp-wt,543,10.22227599
tmpp-wt,544,9.58165201
tmpp-wt,545,9.04553299
tmpp-wt,546,9.24073741
tmpp-wt,547,9.49915427
tmpp-wt,548,8.28186393
tmpp-wt,549,9.82538094
tmpp-wt,550,10.73379879
tmpp-wt,551,9.94147447
tmpp-wt,552,6.19645396
tmpp-wt,553,6.41403612
tmpp-wt,554,8.51108523
tmpp-wt,555,11.22227353
tmpp-wt,556,10.07265203
tmpp-wt,557,9.13061300
tmpp-wt,558,8.40264314
tmpp-wt,559,7.01326557
tmpp-wt,560,7.26484429
tmpp-wt,561,8.48792164
tmpp-wt,562,9.02245225
tmpp-wt,563,8.86904102
tmpp-wt,564,9.16675975
tmpp-wt,565,9.22750832
tmpp-wt,566,9.38487258
tmpp-wt,567,7.61775464
tmpp-wt,568,7.11379160
tmpp-wt,569,8.35255904
tmpp-wt,570,7.55159417
tmpp-wt,571,7.01752050
tmpp-wt,572,6.05981356
tmpp-wt,573,7.17012818
tmpp-wt,574,8.86689926
tmpp-wt,575,10.59378362
tmpp-wt,576,9.42990783
tmpp-wt,577,6.68666001
tmpp-wt,578,8.45679721
tmpp-wt,579,7.53260044
tmpp-wt,580,6.13890921
tmpp-wt,581,7.01098739
tmpp-wt,582,6.00445799
tmpp-wt,583,10.29571711
tmpp-wt,584,7.90406385
tmpp-wt,585,9.21235455
tmpp-wt,586,8.74996171
tmpp-wt,587,8.16114970
tmpp-wt,588,10.56349223
tmpp-wt,589,10.74331772
tmpp-wt,590,10.43062491
tmpp-wt,591,7.70777247
tmpp-wt,592,6.72134944
tmpp-wt,593,8.06961728
tmpp-wt,594,7.55202335
tmpp-wt,595,6.82216238
tmpp-wt,596,7.01615863
tmpp-wt,597,6.98355594
tmpp-wt,598,6.67550157
tmpp-wt,599,8.98844984
tmpp-wt,600,7.80133802
tmpp-wt,601,8.01934355
tmpp-wt,602,9.34583698
tmpp-wt,603,8.37862493
tmpp-wt,604,10.15883014
tmpp-wt,605,8.44472772
tmpp-wt,606,7.48534409
tmpp-wt,607,8.08317110
tmpp-wt,608,8.90570561
tmpp-wt,609,9.81626734
tmpp-wt,610,7.60907551
tmpp-wt,611,9.34599274
tmpp-wt,612,8.24358372
tmpp-wt,613,9.52411780
tmpp-wt,614,8.43670471
tmpp-wt,615,8.04431150
tmpp-wt,616,7.91836028
tmpp-wt,617,10.11875038
tmpp-wt,618,7.74000987
tmpp-wt,619,8.87992589
tmpp-wt,620,8.58174830
tmpp-wt,621,7.00561874
tmpp-wt,622,7.59772603
tmpp-wt,623,6.60608398
tmpp-wt,624,7.08980021
tmpp-wt,625,6.60075275
tmpp-wt,626,7.73596231
tmpp-wt,627,10.01904328
tmpp-wt,628,8.86382858
tmpp-wt,629,8.39121177
tmpp-wt,630,9.24436605
tmpp-wt,631,8.87525363
tmpp-wt,632,9.19859043
tmpp-wt,633,8.92481659
tmpp-wt,634,7.45487335
tmpp-wt,635,9.79481451
tmpp-wt,636,9.94870687
tmpp-wt,637,10.54568620
tmpp-wt,638,9.07017508
tmpp-wt,639,10.12003776
tmpp-wt,640,8.37379713
tmpp-wt,641,11.33963268
tmpp-wt,642,7.92580079
tmpp-wt,643,9.16241448
tmpp-wt,644,9.74235758
tmpp-wt,645,10.69845655
tmpp-wt,646,9.78208239
tmpp-wt,647,8.75962205
tmpp-wt,648,7.85447436
tmpp-wt,649,10.77360086
tmpp-wt,650,7.67336574
tmpp-wt,651,10.63349361
tmpp-wt,652,8.08328030
tmpp-wt,653,9.29689670
tmpp-wt,654,10.39954475
tmpp-wt,655,9.24408743
tmpp-wt,656,7.82812125
tmpp-wt,657,9.29350412
tmpp-wt,658,8.75800849
tmpp-wt,659,6.82866954
tmpp-wt,660,6.64810148
tmpp-wt,661,7.61428969
tmpp-wt,662,7.86368834
tmpp-wt,663,10.72697049
tmpp-wt,664,9.49388518
tmpp-wt,665,7.38591307
tmpp-wt,666,8.31121711
tmpp-wt,667,7.51290210
tmpp-wt,668,6.67736659
tmpp-wt,669,8.67416313
tmpp-wt,670,9.08339395
tmpp-wt,671,8.96646479
tmpp-wt,672,12.35592874
tmpp-wt,673,10.69082563
tmpp-wt,674,12.25203388
tmpp-wt,675,10.51266946
tmpp-wt,676,9.26823631
tmpp-wt,677,7.77998815
tmpp-wt,678,8.36962846
tmpp-wt,679,9.62168471
tmpp-wt,680,9.42604071
tmpp-wt,681,10.21340994
tmpp-wt,682,10.78575534
tmpp-wt,683,8.71935296
tmpp-wt,684,10.43699721
tmpp-wt,685,9.39576641
tmpp-wt,686,9.30364822
tmpp-wt,687,9.40468121
tmpp-wt,688,10.28860213
tmpp-wt,689,9.51284308
tmpp-wt,690,10.19084866
tmpp-wt,691,9.60150419
tmpp-wt,692,9.23960981
tmpp-wt,693,10.96174323
tmpp-wt,694,8.82629153
tmpp-wt,695,11.23461642
tmpp-wt,696,11.46248017
tmpp-wt,697,9.72688453
tmpp-wt,698,10.13271567
tmpp-wt,699,10.29117598
tmpp-wt,700,10.92548991
tmpp-wt,701,9.79828079
tmpp-wt,702,10.68387669
tmpp-wt,703,9.18351595
tmpp-wt,704,8.04634310
tmpp-wt,705,9.16718162
tmpp-wt,706,8.38781487
tmpp-wt,707,11.45354659
tmpp-wt,708,10.24258352
tmpp-wt,709,9.00720412
tmpp-wt,710,8.77805570
tmpp-wt,711,10.29033151
tmpp-wt,712,10.99752083
tmpp-wt,713,8.69355445
tmpp-wt,714,9.94196829
tmpp-wt,715,10.91493698
tmpp-wt,716,8.21020941
tmpp-wt,717,9.53526491
tmpp-wt,718,10.65976154
tmpp-wt,719,9.31607505
tmpp-wt,720,9.98860438
tmpp-wt,721,9.63520500
tmpp-wt,722,8.90616321
tmpp-wt,723,8.01638121
tmpp-wt,724,10.12175660
tmpp-wt,725,9.59122157
tmpp-wt,726,10.75671601
tmpp-wt,727,10.38586628
tmpp-wt,728,9.76220411
tmpp-wt,729,10.37931333
tmpp-wt,730,9.89946550
tmpp-wt,731,9.47410942
tmpp-wt,732,10.38650199
tmpp-wt,733,9.45314613
tmpp-wt,734,8.83462996
tmpp-wt,735,9.67214142
tmpp-wt,736,7.99703091
tmpp-wt,737,7.67750032
tmpp-wt,738,9.89397838
tmpp-wt,739,8.77544256
tmpp-wt,740,10.16532765
tmpp-wt,741,9.60588835
tmpp-wt,742,7.86669017
tmpp-wt,743,8.19979769
tmpp-wt,744,9.54323824
tmpp-wt,745,10.74128657
tmpp-wt,746,9.04317438
tmpp-wt,747,9.77833769
tmpp-wt,748,8.16562153
tmpp-wt,749,9.58639779
tmpp-wt,750,9.22062838
tmpp-wt,751,10.26602322
tmpp-wt,752,8.70000533
tmpp-wt,753,9.30991699
tmpp-wt,754,8.81383771
tmpp-wt,755,9.76254819
tmpp-wt,756,9.85720213
tmpp-wt,757,9.52104230
tmpp-wt,758,9.65671272
tmpp-wt,759,10.32346409
tmpp-wt,760,9.19102497
tmpp-wt,761,10.11459340
tmpp-wt,762,10.37143542
tmpp-wt,763,9.50253472
tmpp-wt,764,10.20740901
tmpp-wt,765,9.97087967
tmpp-wt,766,9.87097368
tmpp-wt,767,8.77250474
tmpp-wt,768,7.96222515
tmpp-wt,769,9.42045963
tmpp-wt,770,8.65610724
tmpp-wt,771,10.22581158
tmpp-wt,772,10.54738510
tmpp-wt,773,8.83386543
tmpp-wt,774,8.51417777
tmpp-wt,775,8.03692379
tmpp-wt,776,7.85751252
tmpp-wt,777,8.73110104
tmpp-wt,778,9.06539791
tmpp-wt,779,8.44758218
tmpp-wt,780,10.76221625
tmpp-wt,781,8.76330534
tmpp-wt,782,9.38771420
tmpp-wt,783,8.96327487
tmpp-wt,784,9.15224720
tmpp-wt,785,9.98120352
tmpp-wt,786,10.42816424
tmpp-wt,787,10.98645325
tmpp-wt,788,9.55138430
tmpp-wt,789,11.71832095
tmpp-wt,790,8.78851892
tmpp-wt,791,10.36590979
tmpp-wt,792,7.79880469
tmpp-wt,793,8.25216962
tmpp-wt,794,9.16445178
tmpp-wt,795,10.88881200
tmpp-wt,796,9.41753391
tmpp-wt,797,9.98183658
tmpp-wt,798,11.01173558
tmpp-wt,799,8.65248510
tmpp-wt,800,9.33029334
tmpp-wt,801,7.67004500
tmpp-wt,802,6.81873821
tmpp-wt,803,7.68368991
tmpp-wt,804,9.71452604
tmpp-wt,805,9.50688274
tmpp-wt,806,8.67741914
tmpp-wt,807,8.14384258
tmpp-wt,808,9.28923599
tmpp-wt,809,9.51707358
tmpp-wt,810,9.87093504
tmpp-wt,811,13.50879280
tmpp-wt,812,11.82605259
tmpp-wt,813,9.98019082
tmpp-wt,814,10.20261622
tmpp-wt,815,10.48266783
tmpp-wt,816,9.56495342
tmpp-wt,817,10.72561622
tmpp-wt,818,8.90900386
tmpp-wt,819,10.60031522
tmpp-wt,820,10.03147093
tmpp-wt,821,9.60181107
tmpp-wt,822,12.28111724
tmpp-wt,823,9.51028255
tmpp-wt,824,9.04964890
tmpp-wt,825,9.69410735
tmpp-wt,826,10.39905528
tmpp-wt,827,9.51594548
tmpp-wt,828,8.73007696
tmpp-wt,829,9.44404843
tmpp-wt,830,9.92908369
tmpp-wt,831,9.82524152
tmpp-wt,832,10.11581226
tmpp-wt,833,10.56942567
tmpp-wt,834,10.26557156
tmpp-wt,835,9.77920529
tmpp-wt,836,10.87786332
tmpp-wt,837,9.68379637
tmpp-wt,838,9.64555002
tmpp-wt,839,9.24237248
tmpp-wt,840,9.62610998
tmpp-wt,841,9.71985216
tmpp-wt,842,10.20181728
tmpp-wt,843,9.22851386
tmpp-wt,844,10.15622761
tmpp-wt,845,7.62757372
tmpp-wt,846,10.81456290
tmpp-wt,847,10.11201368
tmpp-wt,848,10.15873955
tmpp-wt,849,10.51469180
tmpp-wt,850,9.42035413
tmpp-wt,851,9.41404002
tmpp-wt,852,9.42282986
tmpp-wt,853,10.16083162
tmpp-wt,854,11.09239552
tmpp-wt,855,7.47913905
tmpp-wt,856,11.01288304
tmpp-wt,857,8.45202595
tmpp-wt,858,9.15134381
tmpp-wt,859,9.16164019
tmpp-wt,860,8.78259675
tmpp-wt,861,9.39243558
tmpp-wt,862,9.97094214
tmpp-wt,863,8.37627815
tmpp-wt,864,8.36049403
tmpp-wt,865,9.00172992
tmpp-wt,866,7.98127830
tmpp-wt,867,8.08412690
tmpp-wt,868,10.04431743
tmpp-wt,869,9.06956665
tmpp-wt,870,9.54106738
tmpp-wt,871,8.36281332
tmpp-wt,872,9.76059461
tmpp-wt,873,8.69979111
tmpp-wt,874,8.43481566
tmpp-wt,875,8.02465916
tmpp-wt,876,9.86537216
tmpp-wt,877,7.79473782
tmpp-wt,878,7.03451504
tmpp-wt,879,7.27658353
tmpp-wt,880,9.05068974
tmpp-wt,881,9.54889249
tmpp-wt,882,9.45194937
tmpp-wt,883,8.63898197
tmpp-wt,884,9.24470956
tmpp-wt,885,8.92970720
tmpp-wt,886,8.52523028
tmpp-wt,887,9.12242332
tmpp-wt,888,6.98025747
tmpp-wt,889,9.22574768
tmpp-wt,890,7.60793196
tmpp-wt,891,9.27202011
tmpp-wt,892,8.10092778
tmpp-wt,893,7.35265516
tmpp-wt,894,7.71894538
tmpp-wt,895,7.90160871
tmpp-wt,896,9.41930190
tmpp-wt,897,9.26136021
tmpp-wt,898,7.95555536
tmpp-wt,899,7.22043038
tmpp-wt,900,7.10931352
tmpp-wt,901,8.27311165
tmpp-wt,902,6.70419628
tmpp-wt,903,8.52230133
tmpp-wt,904,7.87807571
tmpp-wt,905,7.62264542
tmpp-wt,906,7.80810721
tmpp-wt,907,8.30905089
tmpp-wt,908,7.26164695
tmpp-wt,909,8.31099276
tmpp-wt,910,7.71718665
tmpp-wt,911,7.78895237
tmpp-wt,912,7.70642981
tmpp-wt,913,6.53210968
tmpp-wt,914,7.24343797
tmpp-wt,915,9.66005308
tmpp-wt,916,10.09476955
tmpp-wt,917,9.21744733
tmpp-wt,918,9.02751761
tmpp-wt,919,9.51934631
tmpp-wt,920,7.85163746
tmpp-wt,921,9.41451970
tmpp-wt,922,8.17692691
tmpp-wt,923,6.42486594
tmpp-wt,924,7.88863834
tmpp-wt,925,8.66508832
tmpp-wt,926,9.29669039
tmpp-wt,927,8.56552550
tmpp-wt,928,7.78229233
tmpp-wt,929,8.17546662
tmpp-wt,930,9.09483422
tmpp-wt,931,8.55679397
tmpp-wt,932,6.93572976
tmpp-wt,933,9.00062929
tmpp-wt,934,8.52173946
tmpp-wt,935,9.52330915
tmpp-wt,936,8.47785950
tmpp-wt,937,8.74726293
tmpp-wt,938,8.05257908
tmpp-wt,939,8.46671113
tmpp-wt,940,8.14506535
tmpp-wt,941,9.05019697
tmpp-wt,942,9.95536763
tmpp-wt,943,7.98736310
tmpp-wt,944,7.79059518
tmpp-wt,945,9.02497802
tmpp-wt,946,9.56102399
tmpp-wt,947,9.40341679
tmpp-wt,948,7.71079899
tmpp-wt,949,8.98250882
tmpp-wt,950,7.51913494
tmpp-wt,951,8.21012624
tmpp-wt,952,9.07549460
tmpp-wt,953,9.68326825
tmpp-wt,954,7.97110518
tmpp-wt,955,8.95040183
tmpp-wt,956,7.88543851
tmpp-wt,957,8.04202284
tmpp-wt,958,8.82209426
tmpp-wt,959,8.11544382
tmpp-wt,960,8.26217031
tmpp-wt,961,8.39247064
tmpp-wt,962,8.07718520
tmpp-wt,963,9.70194159
tmpp-wt,964,9.14664654
tmpp-wt,965,9.75513110
tmpp-wt,966,8.70897743
tmpp-wt,967,7.69889680
tmpp-wt,968,8.69215386
tmpp-wt,969,8.97109556
tmpp-wt,970,8.45838056
tmpp-wt,971,9.23521025
tmpp-wt,972,8.51293309
tmpp-wt,973,8.98317383
tmpp-wt,974,8.95841057
tmpp-wt,975,9.29383024
tmpp-wt,976,8.71946922
tmpp-wt,977,9.36569348
tmpp-wt,978,9.16074153
tmpp-wt,979,7.98482983
tmpp-wt,980,9.17998673
tmpp-wt,981,9.44409067
tmpp-wt,982,7.14140027
tmpp-wt,983,9.69197066
tmpp-wt,984,8.78893279
tmpp-wt,985,8.94663801
tmpp-wt,986,7.83704192
tmpp-wt,987,8.43102394
tmpp-wt,988,7.31097050
tmpp-wt,989,8.69977395
tmpp-wt,990,7.59545770
tmpp-wt,991,7.68444654
tmpp-wt,992,7.76489428
tmpp-wt,993,9.16206605
tmpp-wt,994,9.15297798
tmpp-wt,995,10.70718109
tmpp-wt,996,7.96248293
tmpp-wt,997,9.14790398
tmpp-wt,998,9.15426487
tmpp-wt,999,9.42258060
tmpp-wt,1000,8.60946402
tmpp-l28r,0,4.74441724
tmpp-l28r,1,4.57885562
tmpp-l28r,2,7.63470855
tmpp-l28r,3,6.47369452
tmpp-l28r,4,6.51824477
tmpp-l28r,5,6.89043090
tmpp-l28r,6,5.26484690
tmpp-l28r,7,5.62431945
tmpp-l28r,8,7.03936285
tmpp-l28r,9,7.79431175
tmpp-l28r,10,7.53034345
tmpp-l28r,11,6.76878846
tmpp-l28r,12,11.61432425
tmpp-l28r,13,10.87528728
tmpp-l28r,14,10.12379227
tmpp-l28r,15,9.62832138
tmpp-l28r,16,9.82695217
tmpp-l28r,17,10.49763095
tmpp-l28r,18,10.49995915
tmpp-l28r,19,10.65261316
tmpp-l28r,20,11.52869152
tmpp-l28r,21,10.68747139
tmpp-l28r,22,11.23953315
tmpp-l28r,23,10.50301041
tmpp-l28r,24,10.89177530
tmpp-l28r,25,11.28159046
tmpp-l28r,26,11.07286628
tmpp-l28r,27,10.49166881
tmpp-l28r,28,10.83211943
tmpp-l28r,29,9.62251497
tmpp-l28r,30,9.43894261
tmpp-l28r,31,11.52952451
tmpp-l28r,32,10.90890887
tmpp-l28r,33,9.57510993
tmpp-l28r,34,9.57717785
tmpp-l28r,35,11.65456047
tmpp-l28r,36,11.08403102
tmpp-l28r,37,10.61149111
tmpp-l28r,38,10.58981652
tmpp-l28r,39,10.77894925
tmpp-l28r,40,11.12843001
tmpp-l28r,41,10.78059352
tmpp-l28r,42,10.35963452
tmpp-l28r,43,10.75261427
tmpp-l28r,44,10.36749395
tmpp-l28r,45,10.57709445
tmpp-l28r,46,11.44188289
tmpp-l28r,47,9.94762359
tmpp-l28r,48,8.49578531
tmpp-l28r,49,10.59144526
tmpp-l28r,50,9.60028474
tmpp-l28r,51,10.67220479
tmpp-l28r,52,10.39233077
tmpp-l28r,53,11.71782006
tmpp-l28r,54,10.51743513
tmpp-l28r,55,12.81156405
tmpp-l28r,56,12.09416253
tmpp-l28r,57,10.87194908
tmpp-l28r,58,12.29994198
tmpp-l28r,59,11.74563131
tmpp-l28r,60,9.56606966
tmpp-l28r,61,11.58242611
tmpp-l28r,62,11.75251236
tmpp-l28r,63,11.94121975
tmpp-l28r,64,11.70642301
tmpp-l28r,65,11.15724741
tmpp-l28r,66,10.19888293
tmpp-l28r,67,9.22737338
tmpp-l28r,68,10.23002633
tmpp-l28r,69,9.44622474
tmpp-l28r,70,11.80456592
tmpp-l28r,71,10.64547144
tmpp-l28r,72,10.36093050
tmpp-l28r,73,10.48649362
tmpp-l28r,74,11.14935563
tmpp-l28r,75,10.32132012
tmpp-l28r,76,11.27891407
tmpp-l28r,77,11.16461923
tmpp-l28r,78,11.50916264
tmpp-l28r,79,11.45138797
tmpp-l28r,80,11.54232414
tmpp-l28r,81,10.99166262
tmpp-l28r,82,11.67277048
tmpp-l28r,83,11.83930170
tmpp-l28r,84,11.18366864
tmpp-l28r,85,11.31729470
tmpp-l28r,86,10.84503714
tmpp-l28r,87,10.64718383
tmpp-l28r,88,11.58361647
tmpp-l28r,89,10.35613487
tmpp-l28r,90,10.32921908
tmpp-l28r,91,10.82243612
tmpp-l28r,92,11.63805131
tmpp-l28r,93,9.95312182
tmpp-l28r,94,11.14117976
tmpp-l28r,95,9.46846816
tmpp-l28r,96,8.76786885
tmpp-l28r,97,10.64764951
tmpp-l28r,98,9.79677457
tmpp-l28r,99,11.25522481
tmpp-l28r,100,10.86974548
tmpp-l28r,101,10.54238461
tmpp-l28r,102,10.56539916
tmpp-l28r,103,10.97210153
tmpp-l28r,104,9.10388788
tmpp-l28r,105,9.56926898
tmpp-l28r,106,11.00779254
tmpp-l28r,107,10.46454995
tmpp-l28r,108,11.12510051
tmpp-l28r,109,10.13704414
tmpp-l28r,110,10.71184592
tmpp-l28r,111,10.93083100
tmpp-l28r,112,10.55746210
tmpp-l28r,113,11.61633227
tmpp-l28r,114,10.12811606
tmpp-l28r,115,11.33805508
tmpp-l28r,116,11.03532072
tmpp-l28r,117,8.93946398
tmpp-l28r,118,10.42036213
tmpp-l28r,119,11.68788969
tmpp-l28r,120,8.13354947
tmpp-l28r,121,11.22120483
tmpp-l28r,122,9.49770374
tmpp-l28r,123,10.17711097
tmpp-l28r,124,10.22691736
tmpp-l28r,125,9.83701736
tmpp-l28r,126,11.27634640
tmpp-l28r,127,9.54207142
tmpp-l28r,128,10.80269716
tmpp-l28r,129,11.55787026
tmpp-l28r,130,11.80882540
tmpp-l28r,131,11.04350774
tmpp-l28r,132,10.57270688
tmpp-l28r,133,9.79802395
tmpp-l28r,134,8.66695949
tmpp-l28r,135,10.19336800
tmpp-l28r,136,11.10530823
tmpp-l28r,137,9.60792040
tmpp-l28r,138,9.89807834
tmpp-l28r,139,10.84687361
tmpp-l28r,140,10.80527182
tmpp-l28r,141,11.40691561
tmpp-l28r,142,10.71304424
tmpp-l28r,143,11.52990824
tmpp-l28r,144,11.24742153
tmpp-l28r,145,10.59328717
tmpp-l28r,146,10.78606078
tmpp-l28r,147,10.63311587
tmpp-l28r,148,9.62582554
tmpp-l28r,149,10.05799387
tmpp-l28r,150,9.96922996
tmpp-l28r,151,10.51093182
tmpp-l28r,152,11.02446886
tmpp-l28r,153,10.23113810
tmpp-l28r,154,11.34789642
tmpp-l28r,155,11.32355127
tmpp-l28r,156,10.98288173
tmpp-l28r,157,10.97973651
tmpp-l28r,158,10.94225414
tmpp-l28r,159,10.63689528
tmpp-l28r,160,11.86641387
tmpp-l28r,161,10.89635042
tmpp-l28r,162,9.25373299
tmpp-l28r,163,9.35824803
tmpp-l28r,164,11.46594988
tmpp-l28r,165,8.75354527
tmpp-l28r,166,8.65640376
tmpp-l28r,167,10.32125661
tmpp-l28r,168,10.81150814
tmpp-l28r,169,7.90814559
tmpp-l28r,170,9.45001829
tmpp-l28r,171,10.64272825
tmpp-l28r,172,11.18222024
tmpp-l28r,173,10.99034965
tmpp-l28r,174,7.60177732
tmpp-l28r,175,12.13698776
tmpp-l28r,176,11.03657071
tmpp-l28r,177,9.23385586
tmpp-l28r,178,10.82000051
tmpp-l28r,179,11.37511516
tmpp-l28r,180,10.89803692
tmpp-l28r,181,11.91696814
tmpp-l28r,182,10.76199326
tmpp-l28r,183,11.20279424
tmpp-l28r,184,10.85062217
tmpp-l28r,185,10.54050596
tmpp-l28r,186,11.30976635
tmpp-l28r,187,11.79926756
tmpp-l28r,188,10.89098857
tmpp-l28r,189,11.61783356
tmpp-l28r,190,11.25452475
tmpp-l28r,191,10.46027788
tmpp-l28r,192,9.97861826
tmpp-l28r,193,11.61270911
tmpp-l28r,194,11.78553284
tmpp-l28r,195,11.01068224
tmpp-l28r,196,10.95691195
tmpp-l28r,197,9.90913811
tmpp-l28r,198,10.51627903
tmpp-l28r,199,10.44891210
tmpp-l28r,200,9.50129391
tmpp-l28r,201,12.63677052
tmpp-l28r,202,11.34917473
tmpp-l28r,203,12.15805330
tmpp-l28r,204,10.02079745
tmpp-l28r,205,11.13418576
tmpp-l28r,206,8.67138274
tmpp-l28r,207,10.79360207
tmpp-l28r,208,11.33520471
tmpp-l28r,209,10.66407465
tmpp-l28r,210,11.31533763
tmpp-l28r,211,9.47897278
tmpp-l28r,212,11.75200784
tmpp-l28r,213,12.43731417
tmpp-l28r,214,10.87226741
tmpp-l28r,215,11.51702777
tmpp-l28r,216,11.30030936
tmpp-l28r,217,11.13368276
tmpp-l28r,218,10.32984442
tmpp-l28r,219,10.68856998
tmpp-l28r,220,10.20996002
tmpp-l28r,221,12.14380283
tmpp-l28r,222,11.10348690
tmpp-l28r,223,10.81752958
tmpp-l28r,224,11.42973640
tmpp-l28r,225,11.21240589
tmpp-l28r,226,11.25986048
tmpp-l28r,227,9.82898283
tmpp-l28r,228,11.68091975
tmpp-l28r,229,10.95396465
tmpp-l28r,230,11.66612267
tmpp-l28r,231,10.60473394
tmpp-l28r,232,10.91128283
tmpp-l28r,233,10.77791002
tmpp-l28r,234,12.01929572
tmpp-l28r,235,10.99409343
tmpp-l28r,236,10.40683421
tmpp-l28r,237,11.20942744
tmpp-l28r,238,11.10471135
tmpp-l28r,239,11.29497600
tmpp-l28r,240,11.31865675
tmpp-l28r,241,11.56218125
tmpp-l28r,242,11.52031295
tmpp-l28r,243,11.94938706
tmpp-l28r,244,11.27559958
tmpp-l28r,245,11.83172941
tmpp-l28r,246,10.95579364
tmpp-l28r,247,11.70588258
tmpp-l28r,248,11.00812604
tmpp-l28r,249,10.24166571
tmpp-l28r,250,10.95286912
tmpp-l28r,251,11.51885924
tmpp-l28r,252,10.33680049
tmpp-l28r,253,12.37191213
tmpp-l28r,254,11.37047066
tmpp-l28r,255,11.08585417
tmpp-l28r,256,11.30848182
tmpp-l28r,257,11.92672998
tmpp-l28r,258,11.44701238
tmpp-l28r,259,11.99765270
tmpp-l28r,260,11.80552924
tmpp-l28r,261,10.13656183
tmpp-l28r,262,12.25169581
tmpp-l28r,263,11.33537290
tmpp-l28r,264,12.37491199
tmpp-l28r,265,11.26319442
tmpp-l28r,266,11.37070341
tmpp-l28r,267,12.08208046
tmpp-l28r,268,10.56645796
tmpp-l28r,269,11.26385816
tmpp-l28r,270,11.59691008
tmpp-l28r,271,11.11694149
tmpp-l28r,272,10.36575610
tmpp-l28r,273,9.94644769
tmpp-l28r,274,9.86353538
tmpp-l28r,275,10.19671644
tmpp-l28r,276,11.72441407
tmpp-l28r,277,9.96810973
tmpp-l28r,278,10.80993617
tmpp-l28r,279,10.51863795
tmpp-l28r,280,10.10518527
tmpp-l28r,281,11.18678399
tmpp-l28r,282,10.61869310
tmpp-l28r,283,10.63698426
tmpp-l28r,284,11.85503550
tmpp-l28r,285,9.70170781
tmpp-l28r,286,11.14955566
tmpp-l28r,287,10.46342691
tmpp-l28r,288,11.10456873
tmpp-l28r,289,10.80404746
tmpp-l28r,290,12.72610450
tmpp-l28r,291,13.36611524
tmpp-l28r,292,11.55594772
tmpp-l28r,293,12.45782977
tmpp-l28r,294,12.11950592
tmpp-l28r,295,14.29842407
tmpp-l28r,296,12.45541121
tmpp-l28r,297,13.64480019
tmpp-l28r,298,13.00379902
tmpp-l28r,299,12.85231595
tmpp-l28r,300,12.65484822
tmpp-l28r,301,12.99808086
tmpp-l28r,302,12.69937624
tmpp-l28r,303,12.85336742
tmpp-l28r,304,13.34351851
tmpp-l28r,305,12.72821647
tmpp-l28r,306,12.60811448
tmpp-l28r,307,13.93899261
tmpp-l28r,308,13.41031807
tmpp-l28r,309,13.43744328
tmpp-l28r,310,13.53786983
tmpp-l28r,311,12.12817693
tmpp-l28r,312,13.45079205
tmpp-l28r,313,13.07010738
tmpp-l28r,314,11.25555462
tmpp-l28r,315,10.66127345
tmpp-l28r,316,11.14390877
tmpp-l28r,317,9.78207002
tmpp-l28r,318,10.68520333
tmpp-l28r,319,10.93035098
tmpp-l28r,320,10.75223476
tmpp-l28r,321,11.53097487
tmpp-l28r,322,9.74118556
tmpp-l28r,323,10.12850785
tmpp-l28r,324,10.77014333
tmpp-l28r,325,11.19936036
tmpp-l28r,326,11.10771941
tmpp-l28r,327,11.03261975
tmpp-l28r,328,10.62616671
tmpp-l28r,329,10.92164389
tmpp-l28r,330,10.23650518
tmpp-l28r,331,10.11033445
tmpp-l28r,332,10.57788946
tmpp-l28r,333,10.61649756
tmpp-l28r,334,10.64637290
tmpp-l28r,335,11.45371274
tmpp-l28r,336,10.36964056
tmpp-l28r,337,10.95485604
tmpp-l28r,338,11.27406542
tmpp-l28r,339,10.05487409
tmpp-l28r,340,11.23732644
tmpp-l28r,341,10.63192626
tmpp-l28r,342,9.75769365
tmpp-l28r,343,10.63563821
tmpp-l28r,344,10.28698144
tmpp-l28r,345,11.37405336
tmpp-l28r,346,10.58159712
tmpp-l28r,347,10.53146584
tmpp-l28r,348,11.04371055
tmpp-l28r,349,10.79913691
tmpp-l28r,350,10.27206776
tmpp-l28r,351,10.60777238
tmpp-l28r,352,9.70761688
tmpp-l28r,353,10.96770638
tmpp-l28r,354,10.05389162
tmpp-l28r,355,10.48524991
tmpp-l28r,356,11.38842307
tmpp-l28r,357,11.79239277
tmpp-l28r,358,11.48008346
tmpp-l28r,359,10.70636056
tmpp-l28r,360,10.46470885
tmpp-l28r,361,10.83583323
tmpp-l28r,362,10.73727361
tmpp-l28r,363,11.84776841
tmpp-l28r,364,10.45366897
tmpp-l28r,365,10.30915668
tmpp-l28r,366,10.42381458
tmpp-l28r,367,10.80587291
tmpp-l28r,368,11.76638683
tmpp-l28r,369,10.66926426
tmpp-l28r,370,11.13527169
tmpp-l28r,371,11.00511075
tmpp-l28r,372,9.76858988
tmpp-l28r,373,8.67785081
tmpp-l28r,374,8.25081787
tmpp-l28r,375,10.43487777
tmpp-l28r,376,9.83722724
tmpp-l28r,377,10.15246310
tmpp-l28r,378,9.14885324
tmpp-l28r,379,10.30711594
tmpp-l28r,380,10.81357049
tmpp-l28r,381,10.66459432
tmpp-l28r,382,10.54242840
tmpp-l28r,383,9.99601793
tmpp-l28r,384,11.86458267
tmpp-l28r,385,10.82336748
tmpp-l28r,386,11.46588167
tmpp-l28r,387,9.64603499
tmpp-l28r,388,11.17491506
tmpp-l28r,389,10.66180402
tmpp-l28r,390,10.21123820
tmpp-l28r,391,9.51725030
tmpp-l28r,392,11.77329472
tmpp-l28r,393,11.02211039
tmpp-l28r,394,10.40156984
tmpp-l28r,395,10.40458899
tmpp-l28r,396,11.50738886
tmpp-l28r,397,10.94820600
tmpp-l28r,398,10.99230584
tmpp-l28r,399,10.26992116
tmpp-l28r,400,11.43334563
tmpp-l28r,401,11.25577621
tmpp-l28r,402,12.20644155
tmpp-l28r,403,10.12542402
tmpp-l28r,404,12.21648866
tmpp-l28r,405,10.55717095
tmpp-l28r,406,9.31800419
tmpp-l28r,407,10.98278040
tmpp-l28r,408,11.30213549
tmpp-l28r,409,10.37011870
tmpp-l28r,410,10.62274462
tmpp-l28r,411,11.96354770
tmpp-l28r,412,10.30871224
tmpp-l28r,413,9.91608993
tmpp-l28r,414,10.40479471
tmpp-l28r,415,9.37140223
tmpp-l28r,416,10.80467117
tmpp-l28r,417,11.70889749
tmpp-l28r,418,10.96072206
tmpp-l28r,419,10.65596927
tmpp-l28r,420,10.41191560
tmpp-l28r,421,10.59897289
tmpp-l28r,422,10.63599007
tmpp-l28r,423,11.07523483
tmpp-l28r,424,11.23830581
tmpp-l28r,425,11.15721811
tmpp-l28r,426,11.43516793
tmpp-l28r,427,10.19658786
tmpp-l28r,428,11.25466447
tmpp-l28r,429,10.93765348
tmpp-l28r,430,11.10135483
tmpp-l28r,431,9.75270903
tmpp-l28r,432,8.89442703
tmpp-l28r,433,10.79711480
tmpp-l28r,434,11.47159016
tmpp-l28r,435,11.36308730
tmpp-l28r,436,10.68983516
tmpp-l28r,437,11.53971912
tmpp-l28r,438,11.21325343
tmpp-l28r,439,9.88080763
tmpp-l28r,440,11.22883684
tmpp-l28r,441,10.73037521
tmpp-l28r,442,10.55362085
tmpp-l28r,443,9.34184032
tmpp-l28r,444,10.65342112
tmpp-l28r,445,10.15557905
tmpp-l28r,446,10.87470560
tmpp-l28r,447,10.94724244
tmpp-l28r,448,11.98813166
tmpp-l28r,449,13.06616019
tmpp-l28r,450,11.83005660
tmpp-l28r,451,13.14750853
tmpp-l28r,452,12.29168435
tmpp-l28r,453,12.31247150
tmpp-l28r,454,12.94217157
tmpp-l28r,455,13.17394408
tmpp-l28r,456,12.83911616
tmpp-l28r,457,12.76210388
tmpp-l28r,458,13.53782075
tmpp-l28r,459,11.96907835
tmpp-l28r,460,13.94420939
tmpp-l28r,461,14.27327911
tmpp-l28r,462,12.13957557
tmpp-l28r,463,12.56172597
tmpp-l28r,464,14.60913352
tmpp-l28r,465,14.17060969
tmpp-l28r,466,13.94526927
tmpp-l28r,467,12.26654355
tmpp-l28r,468,11.54100721
tmpp-l28r,469,12.28397852
tmpp-l28r,470,9.09178521
tmpp-l28r,471,9.77427716
tmpp-l28r,472,9.97569229
tmpp-l28r,473,10.40349220
tmpp-l28r,474,10.69898218
tmpp-l28r,475,10.03137934
tmpp-l28r,476,10.64535932
tmpp-l28r,477,10.55733539
tmpp-l28r,478,10.81253050
tmpp-l28r,479,11.39015300
tmpp-l28r,480,10.12858823
tmpp-l28r,481,10.55131929
tmpp-l28r,482,10.42383637
tmpp-l28r,483,10.37242823
tmpp-l28r,484,10.84424319
tmpp-l28r,485,11.25667635
tmpp-l28r,486,10.70860238
tmpp-l28r,487,10.81793758
tmpp-l28r,488,9.99221342
tmpp-l28r,489,9.97621918
tmpp-l28r,490,10.35063292
tmpp-l28r,491,9.92134552
tmpp-l28r,492,9.49879095
tmpp-l28r,493,10.69922038
tmpp-l28r,494,11.16150903
tmpp-l28r,495,9.42020840
tmpp-l28r,496,10.70035417
tmpp-l28r,497,10.61600000
tmpp-l28r,498,9.57014433
tmpp-l28r,499,9.32687594
tmpp-l28r,500,9.76617477
tmpp-l28r,501,9.61164579
tmpp-l28r,502,10.00101553
tmpp-l28r,503,9.22693417
tmpp-l28r,504,10.47110500
tmpp-l28r,505,10.43874258
tmpp-l28r,506,10.31597453
tmpp-l28r,507,10.14433161
tmpp-l28r,508,9.74325265
tmpp-l28r,509,8.68202095
tmpp-l28r,510,11.12575717
tmpp-l28r,511,9.45984680
tmpp-l28r,512,10.07606938
tmpp-l28r,513,10.18314008
tmpp-l28r,514,10.13079223
tmpp-l28r,515,9.85688019
tmpp-l28r,516,9.73922397
tmpp-l28r,517,10.36773835
tmpp-l28r,518,10.17724327
tmpp-l28r,519,10.09711264
tmpp-l28r,520,9.21197303
tmpp-l28r,521,10.33293463
tmpp-l28r,522,10.36386202
tmpp-l28r,523,9.57574461
tmpp-l28r,524,9.52793905
tmpp-l28r,525,8.41228543
tmpp-l28r,526,11.13570384
tmpp-l28r,527,10.23343850
tmpp-l28r,528,10.93389890
tmpp-l28r,529,10.25311991
tmpp-l28r,530,9.36655729
tmpp-l28r,531,8.90250565
tmpp-l28r,532,10.92105577
tmpp-l28r,533,11.06309174
tmpp-l28r,534,10.41758868
tmpp-l28r,535,11.82073476
tmpp-l28r,536,10.23773740
tmpp-l28r,537,10.16724009
tmpp-l28r,538,10.73724685
tmpp-l28r,539,10.64341714
tmpp-l28r,540,9.05508401
tmpp-l28r,541,11.25212796
tmpp-l28r,542,9.65733509
tmpp-l28r,543,11.13353870
tmpp-l28r,544,11.09574937
tmpp-l28r,545,10.83479852
tmpp-l28r,546,10.89646279
tmpp-l28r,547,10.64748173
tmpp-l28r,548,11.58553394
tmpp-l28r,549,9.01025297
tmpp-l28r,550,11.40555876
tmpp-l28r,551,9.89385977
tmpp-l28r,552,10.07888814
tmpp-l28r,553,9.87672076
tmpp-l28r,554,10.15433634
tmpp-l28r,555,10.89801969
tmpp-l28r,556,11.21808804
tmpp-l28r,557,10.74739390
tmpp-l28r,558,10.16319538
tmpp-l28r,559,11.21977775
tmpp-l28r,560,12.27554329
tmpp-l28r,561,10.29506050
tmpp-l28r,562,10.06378259
tmpp-l28r,563,10.17942033
tmpp-l28r,564,10.78327357
tmpp-l28r,565,9.69175369
tmpp-l28r,566,10.03403751
tmpp-l28r,567,11.17989632
tmpp-l28r,568,10.47528568
tmpp-l28r,569,10.33245446
tmpp-l28r,570,11.41560112
tmpp-l28r,571,10.46208065
tmpp-l28r,572,10.31760641
tmpp-l28r,573,11.11773354
tmpp-l28r,574,10.86921915
tmpp-l28r,575,10.34527058
tmpp-l28r,576,10.58980190
tmpp-l28r,577,11.84840878
tmpp-l28r,578,9.38755492
tmpp-l28r,579,9.84722895
tmpp-l28r,580,10.77543334
tmpp-l28r,581,10.24344232
tmpp-l28r,582,9.82644186
tmpp-l28r,583,11.12005842
tmpp-l28r,584,10.87809556
tmpp-l28r,585,10.56828732
tmpp-l28r,586,10.97973773
tmpp-l28r,587,11.15307108
tmpp-l28r,588,10.29976765
tmpp-l28r,589,10.45443570
tmpp-l28r,590,10.62579961
tmpp-l28r,591,9.25363114
tmpp-l28r,592,10.75216795
tmpp-l28r,593,11.19024546
tmpp-l28r,594,10.53787838
tmpp-l28r,595,10.85886028
tmpp-l28r,596,10.44001149
tmpp-l28r,597,9.92767424
tmpp-l28r,598,10.61184836
tmpp-l28r,599,10.63613894
tmpp-l28r,600,10.76808994
tmpp-l28r,601,10.79574161
tmpp-l28r,602,10.57297768
tmpp-l28r,603,10.60775468
tmpp-l28r,604,9.48835701
tmpp-l28r,605,9.93792919
tmpp-l28r,606,9.78736284
tmpp-l28r,607,12.00970658
tmpp-l28r,608,10.38150721
tmpp-l28r,609,11.20747042
tmpp-l28r,610,10.33929770
tmpp-l28r,611,10.09967365
tmpp-l28r,612,10.59140397
tmpp-l28r,613,10.41896062
tmpp-l28r,614,11.02607242
tmpp-l28r,615,9.53507041
tmpp-l28r,616,9.91793443
tmpp-l28r,617,10.78235332
tmpp-l28r,618,10.57489153
tmpp-l28r,619,9.19785813
tmpp-l28r,620,11.22796891
tmpp-l28r,621,9.63538607
tmpp-l28r,622,10.32345065
tmpp-l28r,623,8.54188290
tmpp-l28r,624,10.83349203
tmpp-l28r,625,9.95794140
tmpp-l28r,626,10.35780056
tmpp-l28r,627,10.43889994
tmpp-l28r,628,9.64588851
tmpp-l28r,629,10.15301920
tmpp-l28r,630,10.10136273
tmpp-l28r,631,10.00775090
tmpp-l28r,632,10.24806078
tmpp-l28r,633,10.48746135
tmpp-l28r,634,11.24787362
tmpp-l28r,635,9.94764518
tmpp-l28r,636,10.35238356
tmpp-l28r,637,10.56580570
tmpp-l28r,638,10.08216771
tmpp-l28r,639,10.19612027
tmpp-l28r,640,10.01135177
tmpp-l28r,641,10.90847632
tmpp-l28r,642,10.54602944
tmpp-l28r,643,10.16221135
tmpp-l28r,644,10.24082077
tmpp-l28r,645,9.38882076
tmpp-l28r,646,8.51760555
tmpp-l28r,647,9.54477342
tmpp-l28r,648,9.88859012
tmpp-l28r,649,9.17812049
tmpp-l28r,650,9.54324239
tmpp-l28r,651,10.13130433
tmpp-l28r,652,10.07656003
tmpp-l28r,653,9.15918223
tmpp-l28r,654,10.22257870
tmpp-l28r,655,10.41903262
tmpp-l28r,656,9.98067271
tmpp-l28r,657,11.37300869
tmpp-l28r,658,10.83780859
tmpp-l28r,659,10.88447983
tmpp-l28r,660,10.03851632
tmpp-l28r,661,10.78793447
tmpp-l28r,662,9.92478330
tmpp-l28r,663,10.79982659
tmpp-l28r,664,10.16435465
tmpp-l28r,665,11.02463283
tmpp-l28r,666,9.47886081
tmpp-l28r,667,10.17070676
tmpp-l28r,668,9.63799674
tmpp-l28r,669,10.71959531
tmpp-l28r,670,10.49627800
tmpp-l28r,671,10.64387812
tmpp-l28r,672,10.44828877
tmpp-l28r,673,9.84991192
tmpp-l28r,674,9.50037441
tmpp-l28r,675,10.08662943
tmpp-l28r,676,9.84770376
tmpp-l28r,677,10.47354113
tmpp-l28r,678,10.17432605
tmpp-l28r,679,7.94562418
tmpp-l28r,680,9.05204423
tmpp-l28r,681,9.83549435
tmpp-l28r,682,9.57083908
tmpp-l28r,683,9.75068406
tmpp-l28r,684,9.59928978
tmpp-l28r,685,9.44685212
tmpp-l28r,686,9.18490299
tmpp-l28r,687,8.39393179
tmpp-l28r,688,10.06639935
tmpp-l28r,689,9.24489974
tmpp-l28r,690,9.72327032
tmpp-l28r,691,9.39250290
tmpp-l28r,692,9.64504130
tmpp-l28r,693,9.15508145
tmpp-l28r,694,11.51908873
tmpp-l28r,695,10.05400095
tmpp-l28r,696,10.28357734
tmpp-l28r,697,10.00284275
tmpp-l28r,698,10.31929281
tmpp-l28r,699,9.82641384
tmpp-l28r,700,9.72811657
tmpp-l28r,701,10.98128062
tmpp-l28r,702,11.44986030
tmpp-l28r,703,8.36784150
tmpp-l28r,704,9.90153695
tmpp-l28r,705,9.83644820
tmpp-l28r,706,10.69759115
tmpp-l28r,707,9.25967256
tmpp-l28r,708,7.27191121
tmpp-l28r,709,10.12417727
tmpp-l28r,710,10.49492988
tmpp-l28r,711,10.52273905
tmpp-l28r,712,9.22431319
tmpp-l28r,713,7.24732748
tmpp-l28r,714,9.37718039
tmpp-l28r,715,9.79408642
tmpp-l28r,716,10.77431564
tmpp-l28r,717,8.36055575
tmpp-l28r,718,9.37946911
tmpp-l28r,719,7.60280017
tmpp-l28r,720,10.06602478
tmpp-l28r,721,9.77557530
tmpp-l28r,722,9.60483430
tmpp-l28r,723,9.96088694
tmpp-l28r,724,9.45882344
tmpp-l28r,725,10.08696694
tmpp-l28r,726,10.60222248
tmpp-l28r,727,10.52886587
tmpp-l28r,728,9.85710012
tmpp-l28r,729,10.86692349
tmpp-l28r,730,9.99373492
tmpp-l28r,731,10.87936252
tmpp-l28r,732,9.84562204
tmpp-l28r,733,9.37989277
tmpp-l28r,734,9.54820819
tmpp-l28r,735,9.61936643
tmpp-l28r,736,9.64756740
tmpp-l28r,737,11.17701442
tmpp-l28r,738,9.05054097
tmpp-l28r,739,8.20899624
tmpp-l28r,740,9.45025043
tmpp-l28r,741,10.96676768
tmpp-l28r,742,10.71780059
tmpp-l28r,743,8.64477685
tmpp-l28r,744,10.66261504
tmpp-l28r,745,10.13290757
tmpp-l28r,746,10.06810189
tmpp-l28r,747,10.00219223
tmpp-l28r,748,8.34603640
tmpp-l28r,749,9.63055701
tmpp-l28r,750,10.36716052
tmpp-l28r,751,9.11853169
tmpp-l28r,752,9.92905734
tmpp-l28r,753,10.49551237
tmpp-l28r,754,10.00931858
tmpp-l28r,755,9.46903549
tmpp-l28r,756,9.65934250
tmpp-l28r,757,10.40761387
tmpp-l28r,758,10.43657029
tmpp-l28r,759,10.19533525
tmpp-l28r,760,8.79578218
tmpp-l28r,761,10.00670069
tmpp-l28r,762,9.79883314
tmpp-l28r,763,9.29381164
tmpp-l28r,764,11.10167002
tmpp-l28r,765,9.74794238
tmpp-l28r,766,8.49354965
tmpp-l28r,767,10.04786979
tmpp-l28r,768,10.45856798
tmpp-l28r,769,8.56148345
tmpp-l28r,770,9.02749344
tmpp-l28r,771,9.32249935
tmpp-l28r,772,9.89018902
tmpp-l28r,773,9.35191721
tmpp-l28r,774,10.59006615
tmpp-l28r,775,10.15681205
tmpp-l28r,776,12.30833541
tmpp-l28r,777,11.17535670
tmpp-l28r,778,10.57142282
tmpp-l28r,779,12.22678892
tmpp-l28r,780,11.57874687
tmpp-l28r,781,10.24237256
tmpp-l28r,782,10.86690753
tmpp-l28r,783,11.78066815
tmpp-l28r,784,10.71161260
tmpp-l28r,785,10.34325250
tmpp-l28r,786,10.90646169
tmpp-l28r,787,11.10782302
tmpp-l28r,788,11.16951227
tmpp-l28r,789,10.73468543
tmpp-l28r,790,9.97985829
tmpp-l28r,791,9.27265294
tmpp-l28r,792,10.07125870
tmpp-l28r,793,9.53867517
tmpp-l28r,794,10.11355065
tmpp-l28r,795,10.39813424
tmpp-l28r,796,10.00150230
tmpp-l28r,797,10.47833653
tmpp-l28r,798,9.83766126
tmpp-l28r,799,9.92494346
tmpp-l28r,800,9.22868506
tmpp-l28r,801,10.40343686
tmpp-l28r,802,9.82061345
tmpp-l28r,803,9.44365226
tmpp-l28r,804,9.86978477
tmpp-l28r,805,10.16876282
tmpp-l28r,806,9.89724473
tmpp-l28r,807,9.96440234
tmpp-l28r,808,10.71270773
tmpp-l28r,809,10.07435791
tmpp-l28r,810,9.39824627
tmpp-l28r,811,9.44638292
tmpp-l28r,812,9.92653322
tmpp-l28r,813,10.43737257
tmpp-l28r,814,10.63665058
tmpp-l28r,815,9.81088244
tmpp-l28r,816,10.28731623
tmpp-l28r,817,9.27217439
tmpp-l28r,818,9.12284193
tmpp-l28r,819,9.64948622
tmpp-l28r,820,10.78843370
tmpp-l28r,821,10.06800201
tmpp-l28r,822,9.51965534
tmpp-l28r,823,9.46056452
tmpp-l28r,824,10.43520181
tmpp-l28r,825,9.89509244
tmpp-l28r,826,9.80012607
tmpp-l28r,827,9.40789889
tmpp-l28r,828,9.28759670
tmpp-l28r,829,10.77844703
tmpp-l28r,830,9.75649571
tmpp-l28r,831,10.58950720
tmpp-l28r,832,11.24569941
tmpp-l28r,833,9.68156368
tmpp-l28r,834,11.02209320
tmpp-l28r,835,11.38473298
tmpp-l28r,836,8.93052256
tmpp-l28r,837,9.75187940
tmpp-l28r,838,9.60800263
tmpp-l28r,839,8.79791176
tmpp-l28r,840,10.27184112
tmpp-l28r,841,11.25948336
tmpp-l28r,842,10.18195505
tmpp-l28r,843,10.88130703
tmpp-l28r,844,10.68387811
tmpp-l28r,845,9.58120405
tmpp-l28r,846,10.22237179
tmpp-l28r,847,10.23317634
tmpp-l28r,848,9.46836237
tmpp-l28r,849,10.64974724
tmpp-l28r,850,9.87936677
tmpp-l28r,851,9.48404076
tmpp-l28r,852,10.19543830
tmpp-l28r,853,10.45621767
tmpp-l28r,854,8.91379998
tmpp-l28r,855,10.10003545
tmpp-l28r,856,11.23413420
tmpp-l28r,857,10.24426361
tmpp-l28r,858,10.68152939
tmpp-l28r,859,10.07189900
tmpp-l28r,860,9.89773439
tmpp-l28r,861,9.80939915
tmpp-l28r,862,9.77115337
tmpp-l28r,863,10.72155323
tmpp-l28r,864,9.63317904
tmpp-l28r,865,8.81561248
tmpp-l28r,866,9.67137500
tmpp-l28r,867,8.71791736
tmpp-l28r,868,10.13572624
tmpp-l28r,869,9.72435294
tmpp-l28r,870,6.77568193
tmpp-l28r,871,9.72408546
tmpp-l28r,872,11.02222896
tmpp-l28r,873,9.17547649
tmpp-l28r,874,7.61336065
tmpp-l28r,875,9.60709521
tmpp-l28r,876,9.80971632
tmpp-l28r,877,10.40673117
tmpp-l28r,878,9.71765250
tmpp-l28r,879,10.52184062
tmpp-l28r,880,10.49290755
tmpp-l28r,881,9.76922338
tmpp-l28r,882,9.25653544
tmpp-l28r,883,10.14938182
tmpp-l28r,884,8.64024326
tmpp-l28r,885,9.12545501
tmpp-l28r,886,10.78487515
tmpp-l28r,887,9.52653167
tmpp-l28r,888,8.75160359
tmpp-l28r,889,8.38206100
tmpp-l28r,890,9.95538829
tmpp-l28r,891,9.13955633
tmpp-l28r,892,9.65194273
tmpp-l28r,893,8.99457783
tmpp-l28r,894,9.47858025
tmpp-l28r,895,10.43663315
tmpp-l28r,896,10.23126974
tmpp-l28r,897,8.55177851
tmpp-l28r,898,9.43991055
tmpp-l28r,899,10.46765055
tmpp-l28r,900,8.23419823
tmpp-l28r,901,9.38645193
tmpp-l28r,902,8.40497674
tmpp-l28r,903,8.22214288
tmpp-l28r,904,8.26748027
tmpp-l28r,905,10.57079561
tmpp-l28r,906,7.93180023
tmpp-l28r,907,8.89081052
tmpp-l28r,908,7.78486947
tmpp-l28r,909,8.62981255
tmpp-l28r,910,8.49773139
tmpp-l28r,911,10.65989088
tmpp-l28r,912,8.18805643
tmpp-l28r,913,9.82591957
tmpp-l28r,914,9.13146091
tmpp-l28r,915,10.03071021
tmpp-l28r,916,9.48698772
tmpp-l28r,917,8.87524287
tmpp-l28r,918,9.39493715
tmpp-l28r,919,10.09155829
tmpp-l28r,920,8.55050808
tmpp-l28r,921,8.76739174
tmpp-l28r,922,9.56054684
tmpp-l28r,923,7.39160564
tmpp-l28r,924,9.39099815
tmpp-l28r,925,9.02856830
tmpp-l28r,926,9.68641789
tmpp-l28r,927,8.89891863
tmpp-l28r,928,9.40721908
tmpp-l28r,929,9.53682223
tmpp-l28r,930,9.63458830
tmpp-l28r,931,8.82379788
tmpp-l28r,932,9.40348031
tmpp-l28r,933,8.97196940
tmpp-l28r,934,9.91680998
tmpp-l28r,935,8.38895204
tmpp-l28r,936,9.43205327
tmpp-l28r,937,8.96679681
tmpp-l28r,938,10.16929033
tmpp-l28r,939,10.91395244
tmpp-l28r,940,8.98839005
tmpp-l28r,941,11.08124832
tmpp-l28r,942,9.50044175
tmpp-l28r,943,10.27604224
tmpp-l28r,944,10.00079344
tmpp-l28r,945,9.26969706
tmpp-l28r,946,10.19457905
tmpp-l28r,947,10.24008372
tmpp-l28r,948,9.44461505
tmpp-l28r,949,10.30041337
tmpp-l28r,950,10.00584609
tmpp-l28r,951,10.51615177
tmpp-l28r,952,10.22554718
tmpp-l28r,953,9.10390179
tmpp-l28r,954,9.56198892
tmpp-l28r,955,10.02570250
tmpp-l28r,956,9.93977849
tmpp-l28r,957,9.44383055
tmpp-l28r,958,9.68434542
tmpp-l28r,959,9.13323292
tmpp-l28r,960,9.63470040
tmpp-l28r,961,9.94050936
tmpp-l28r,962,8.76562225
tmpp-l28r,963,8.63817969
tmpp-l28r,964,8.93899174
tmpp-l28r,965,7.54046945
tmpp-l28r,966,9.18974937
tmpp-l28r,967,10.57909282
tmpp-l28r,968,10.39119717
tmpp-l28r,969,9.05148181
tmpp-l28r,970,10.20032775
tmpp-l28r,971,9.40287277
tmpp-l28r,972,9.26092166
tmpp-l28r,973,9.80315777
tmpp-l28r,974,9.23004505
tmpp-l28r,975,9.50933824
tmpp-l28r,976,9.82329139
tmpp-l28r,977,10.10009507
tmpp-l28r,978,8.45510504
tmpp-l28r,979,8.85962625
tmpp-l28r,980,9.07945066
tmpp-l28r,981,9.38480783
tmpp-l28r,982,9.54915413
tmpp-l28r,983,9.46568458
tmpp-l28r,984,10.18828657
tmpp-l28r,985,9.50982212
tmpp-l28r,986,8.44514699
tmpp-l28r,987,9.56534827
tmpp-l28r,988,9.92466168
tmpp-l28r,989,10.36215336
tmpp-l28r,990,10.61395425
tmpp-l28r,991,9.58885538
tmpp-l28r,992,9.07015434
tmpp-l28r,993,10.74813010
tmpp-l28r,994,10.19783449
tmpp-l28r,995,10.17230419
tmpp-l28r,996,10.99134905
tmpp-l28r,997,11.01103335
tmpp-l28r,998,10.29322207
tmpp-l28r,999,11.03861339
tmpp-l28r,1000,10.17705839
d4tmpp-wt,0,5.29237374
d4tmpp-wt,1,6.51554877
d4tmpp-wt,2,6.66691553
d4tmpp-wt,3,6.63079405
d4tmpp-wt,4,5.55301576
d4tmpp-wt,5,5.55046293
d4tmpp-wt,6,4.97769294
d4tmpp-wt,7,5.80864859
d4tmpp-wt,8,5.23813876
d4tmpp-wt,9,6.17356999
d4tmpp-wt,10,6.68461172
d4tmpp-wt,11,7.31719469
d4tmpp-wt,12,7.73835682
d4tmpp-wt,13,7.41794336
d4tmpp-wt,14,6.57496345
d4tmpp-wt,15,6.85107559
d4tmpp-wt,16,6.35191480
d4tmpp-wt,17,6.99585513
d4tmpp-wt,18,7.00427469
d4tmpp-wt,19,6.56295800
d4tmpp-wt,20,5.02575963
d4tmpp-wt,21,5.46998276
d4tmpp-wt,22,4.57276769
d4tmpp-wt,23,4.32830659
d4tmpp-wt,24,4.76900277
d4tmpp-wt,25,4.59687155
d4tmpp-wt,26,4.73850355
d4tmpp-wt,27,4.56076872
d4tmpp-wt,28,5.04730379
d4tmpp-wt,29,4.42891086
d4tmpp-wt,30,4.35998816
d4tmpp-wt,31,3.92651589
d4tmpp-wt,32,4.83833152
d4tmpp-wt,33,4.39780124
d4tmpp-wt,34,4.47418113
d4tmpp-wt,35,4.16359358
d4tmpp-wt,36,4.80966126
d4tmpp-wt,37,5.04485096
d4tmpp-wt,38,4.68394887
d4tmpp-wt,39,3.65809449
d4tmpp-wt,40,3.93549931
d4tmpp-wt,41,4.56064983
d4tmpp-wt,42,4.30808614
d4tmpp-wt,43,4.69530225
d4tmpp-wt,44,4.83918746
d4tmpp-wt,45,4.64346131
d4tmpp-wt,46,4.68039660
d4tmpp-wt,47,4.38285608
d4tmpp-wt,48,3.11604750
d4tmpp-wt,49,4.47784754
d4tmpp-wt,50,5.00000275
d4tmpp-wt,51,4.51979486
d4tmpp-wt,52,4.34372764
d4tmpp-wt,53,4.53196901
d4tmpp-wt,54,4.65370283
d4tmpp-wt,55,4.54432472
d4tmpp-wt,56,5.00382786
d4tmpp-wt,57,5.00536257
d4tmpp-wt,58,4.76375537
d4tmpp-wt,59,4.69003851
d4tmpp-wt,60,4.81622011
d4tmpp-wt,61,4.59910569
d4tmpp-wt,62,4.57082984
d4tmpp-wt,63,4.76484289
d4tmpp-wt,64,4.54401554
d4tmpp-wt,65,4.87722984
d4tmpp-wt,66,4.77794552
d4tmpp-wt,67,4.09605391
d4tmpp-wt,68,4.70513039
d4tmpp-wt,69,4.67928780
d4tmpp-wt,70,3.40141490
d4tmpp-wt,71,4.58155823
d4tmpp-wt,72,4.59189197
d4tmpp-wt,73,4.96817259
d4tmpp-wt,74,3.32002530
d4tmpp-wt,75,4.85241107
d4tmpp-wt,76,4.37899033
d4tmpp-wt,77,4.43911937
d4tmpp-wt,78,4.58695847
d4tmpp-wt,79,4.71172616
d4tmpp-wt,80,4.78478779
d4tmpp-wt,81,4.40505914
d4tmpp-wt,82,3.29252475
d4tmpp-wt,83,4.80067718
d4tmpp-wt,84,4.73234412
d4tmpp-wt,85,5.64615332
d4tmpp-wt,86,4.81448851
d4tmpp-wt,87,4.63972095
d4tmpp-wt,88,5.34868346
d4tmpp-wt,89,4.93875159
d4tmpp-wt,90,4.97409881
d4tmpp-wt,91,4.81179076
d4tmpp-wt,92,4.72050199
d4tmpp-wt,93,4.57924619
d4tmpp-wt,94,4.54550700
d4tmpp-wt,95,3.70045647
d4tmpp-wt,96,3.23734041
d4tmpp-wt,97,3.27185572
d4tmpp-wt,98,4.57130294
d4tmpp-wt,99,3.28202366
d4tmpp-wt,100,3.14161993
d4tmpp-wt,101,2.85504693
d4tmpp-wt,102,2.97117464
d4tmpp-wt,103,2.94341738
d4tmpp-wt,104,4.52687159
d4tmpp-wt,105,5.25001450
d4tmpp-wt,106,4.06706013
d4tmpp-wt,107,4.54242359
d4tmpp-wt,108,4.42992130
d4tmpp-wt,109,4.37613390
d4tmpp-wt,110,3.76190872
d4tmpp-wt,111,3.19923751
d4tmpp-wt,112,3.35900391
d4tmpp-wt,113,2.75193292
d4tmpp-wt,114,4.73010690
d4tmpp-wt,115,2.99703169
d4tmpp-wt,116,4.48742319
d4tmpp-wt,117,4.41290138
d4tmpp-wt,118,5.17959408
d4tmpp-wt,119,4.17480548
d4tmpp-wt,120,3.02532058
d4tmpp-wt,121,4.24180558
d4tmpp-wt,122,3.36319307
d4tmpp-wt,123,3.48086778
d4tmpp-wt,124,4.80243807
d4tmpp-wt,125,2.93486393
d4tmpp-wt,126,4.53525262
d4tmpp-wt,127,4.92090612
d4tmpp-wt,128,4.52053664
d4tmpp-wt,129,5.06589495
d4tmpp-wt,130,4.44763464
d4tmpp-wt,131,4.50823998
d4tmpp-wt,132,3.09638196
d4tmpp-wt,133,4.92118024
d4tmpp-wt,134,4.61336536
d4tmpp-wt,135,4.47292412
d4tmpp-wt,136,4.29123195
d4tmpp-wt,137,4.58083428
d4tmpp-wt,138,4.22333799
d4tmpp-wt,139,4.02477098
d4tmpp-wt,140,4.11434529
d4tmpp-wt,141,4.91397830
d4tmpp-wt,142,4.28976588
d4tmpp-wt,143,4.70020871
d4tmpp-wt,144,4.42658644
d4tmpp-wt,145,4.42039788
d4tmpp-wt,146,4.71996332
d4tmpp-wt,147,4.69551908
d4tmpp-wt,148,4.23024613
d4tmpp-wt,149,4.53355421
d4tmpp-wt,150,4.85027950
d4tmpp-wt,151,4.75533586
d4tmpp-wt,152,4.50266227
d4tmpp-wt,153,4.51607532
d4tmpp-wt,154,4.36028197
d4tmpp-wt,155,4.51544330
d4tmpp-wt,156,4.87856253
d4tmpp-wt,157,4.60436736
d4tmpp-wt,158,4.71902045
d4tmpp-wt,159,4.53762350
d4tmpp-wt,160,4.61743861
d4tmpp-wt,161,4.68656670
d4tmpp-wt,162,4.36572913
d4tmpp-wt,163,4.34133323
d4tmpp-wt,164,4.89265256
d4tmpp-wt,165,4.77307073
d4tmpp-wt,166,4.32753145
d4tmpp-wt,167,4.80640440
d4tmpp-wt,168,5.05160179
d4tmpp-wt,169,4.51953928
d4tmpp-wt,170,4.58465839
d4tmpp-wt,171,4.27181900
d4tmpp-wt,172,4.66745549
d4tmpp-wt,173,4.47831507
d4tmpp-wt,174,4.43392013
d4tmpp-wt,175,4.69746830
d4tmpp-wt,176,4.59290506
d4tmpp-wt,177,4.40750444
d4tmpp-wt,178,4.48248725
d4tmpp-wt,179,4.63127885
d4tmpp-wt,180,4.50979553
d4tmpp-wt,181,5.06205237
d4tmpp-wt,182,4.96910661
d4tmpp-wt,183,4.47068425
d4tmpp-wt,184,4.51251286
d4tmpp-wt,185,4.76502654
d4tmpp-wt,186,4.81046546
d4tmpp-wt,187,4.52330779
d4tmpp-wt,188,4.62563942
d4tmpp-wt,189,4.72135694
d4tmpp-wt,190,4.44044842
d4tmpp-wt,191,5.10673369
d4tmpp-wt,192,4.47945392
d4tmpp-wt,193,4.62470880
d4tmpp-wt,194,4.45859993
d4tmpp-wt,195,4.71444685
d4tmpp-wt,196,4.53574106
d4tmpp-wt,197,4.83048132
d4tmpp-wt,198,4.44109891
d4tmpp-wt,199,4.54717679
d4tmpp-wt,200,4.50676255
d4tmpp-wt,201,4.31403681
d4tmpp-wt,202,4.41039723
d4tmpp-wt,203,3.93041957
d4tmpp-wt,204,4.26678444
d4tmpp-wt,205,4.54227441
d4tmpp-wt,206,4.28160409
d4tmpp-wt,207,4.88964305
d4tmpp-wt,208,4.68386008
d4tmpp-wt,209,4.67468558
d4tmpp-wt,210,4.50468176
d4tmpp-wt,211,4.73797485
d4tmpp-wt,212,5.01432764
d4tmpp-wt,213,4.68309525
d4tmpp-wt,214,4.32672242
d4tmpp-wt,215,4.35433819
d4tmpp-wt,216,4.66716309
d4tmpp-wt,217,5.52971033
d4tmpp-wt,218,4.79649785
d4tmpp-wt,219,4.61319843
d4tmpp-wt,220,4.60117349
d4tmpp-wt,221,5.02134030
d4tmpp-wt,222,4.51836095
d4tmpp-wt,223,4.62170063
d4tmpp-wt,224,4.66079550
d4tmpp-wt,225,4.83306193
d4tmpp-wt,226,4.86833053
d4tmpp-wt,227,4.61804874
d4tmpp-wt,228,4.62645515
d4tmpp-wt,229,4.68091795
d4tmpp-wt,230,4.72945913
d4tmpp-wt,231,5.41806871
d4tmpp-wt,232,4.52119452
d4tmpp-wt,233,4.96341253
d4tmpp-wt,234,4.46200479
d4tmpp-wt,235,4.42067112
d4tmpp-wt,236,4.63578527
d4tmpp-wt,237,5.01801083
d4tmpp-wt,238,4.47809355
d4tmpp-wt,239,4.34657960
d4tmpp-wt,240,4.46104251
d4tmpp-wt,241,4.70368888
d4tmpp-wt,242,4.37682115
d4tmpp-wt,243,4.77013321
d4tmpp-wt,244,4.55012022
d4tmpp-wt,245,4.37228412
d4tmpp-wt,246,4.39599199
d4tmpp-wt,247,4.88120366
d4tmpp-wt,248,4.42636430
d4tmpp-wt,249,4.60817130
d4tmpp-wt,250,4.52032456
d4tmpp-wt,251,4.85045029
d4tmpp-wt,252,4.96176144
d4tmpp-wt,253,5.11068428
d4tmpp-wt,254,4.64781453
d4tmpp-wt,255,4.51741227
d4tmpp-wt,256,4.46843005
d4tmpp-wt,257,4.75537649
d4tmpp-wt,258,4.49657888
d4tmpp-wt,259,4.45625336
d4tmpp-wt,260,4.50497226
d4tmpp-wt,261,4.58484426
d4tmpp-wt,262,4.73271751
d4tmpp-wt,263,4.55478754
d4tmpp-wt,264,4.56157598
d4tmpp-wt,265,4.61952911
d4tmpp-wt,266,4.40672747
d4tmpp-wt,267,4.49956570
d4tmpp-wt,268,5.02395555
d4tmpp-wt,269,4.76985311
d4tmpp-wt,270,4.86683164
d4tmpp-wt,271,4.30673610
d4tmpp-wt,272,4.80226966
d4tmpp-wt,273,4.76478992
d4tmpp-wt,274,4.43905795
d4tmpp-wt,275,4.53801031
d4tmpp-wt,276,4.64282340
d4tmpp-wt,277,4.68468668
d4tmpp-wt,278,4.74147878
d4tmpp-wt,279,4.44795727
d4tmpp-wt,280,4.42405536
d4tmpp-wt,281,4.79443065
d4tmpp-wt,282,4.72180352
d4tmpp-wt,283,3.98174098
d4tmpp-wt,284,5.00869978
d4tmpp-wt,285,5.20385786
d4tmpp-wt,286,4.42558311
d4tmpp-wt,287,4.44912113
d4tmpp-wt,288,4.74987292
d4tmpp-wt,289,4.49475383
d4tmpp-wt,290,4.45099724
d4tmpp-wt,291,4.60262529
d4tmpp-wt,292,4.33664263
d4tmpp-wt,293,4.66638271
d4tmpp-wt,294,4.87673045
d4tmpp-wt,295,4.57190837
d4tmpp-wt,296,4.55057192
d4tmpp-wt,297,4.29316422
d4tmpp-wt,298,4.88027028
d4tmpp-wt,299,4.67717289
d4tmpp-wt,300,4.36912109
d4tmpp-wt,301,4.51416854
d4tmpp-wt,302,4.52535025
d4tmpp-wt,303,4.69287002
d4tmpp-wt,304,5.04623435
d4tmpp-wt,305,4.46582513
d4tmpp-wt,306,4.46882445
d4tmpp-wt,307,4.58888320
d4tmpp-wt,308,4.64259194
d4tmpp-wt,309,4.62947786
d4tmpp-wt,310,4.16507619
d4tmpp-wt,311,4.65833703
d4tmpp-wt,312,4.63742485
d4tmpp-wt,313,4.64325082
d4tmpp-wt,314,4.64764504
d4tmpp-wt,315,4.62648412
d4tmpp-wt,316,4.72062416
d4tmpp-wt,317,4.81779302
d4tmpp-wt,318,5.09779794
d4tmpp-wt,319,4.72570318
d4tmpp-wt,320,4.26830581
d4tmpp-wt,321,5.44257206
d4tmpp-wt,322,6.30995380
d4tmpp-wt,323,4.98957073
d4tmpp-wt,324,4.38401083
d4tmpp-wt,325,4.48586186
d4tmpp-wt,326,4.51507480
d4tmpp-wt,327,4.25147780
d4tmpp-wt,328,4.57823753
d4tmpp-wt,329,4.91542178
d4tmpp-wt,330,4.75032612
d4tmpp-wt,331,4.48818771
d4tmpp-wt,332,4.30158568
d4tmpp-wt,333,4.93104033
d4tmpp-wt,334,4.73549248
d4tmpp-wt,335,4.95152022
d4tmpp-wt,336,4.71865577
d4tmpp-wt,337,4.62397711
d4tmpp-wt,338,5.06217789
d4tmpp-wt,339,4.50850212
d4tmpp-wt,340,4.92475406
d4tmpp-wt,341,4.56486882
d4tmpp-wt,342,4.91238879
d4tmpp-wt,343,4.82163952
d4tmpp-wt,344,4.39851748
d4tmpp-wt,345,4.39576562
d4tmpp-wt,346,4.69532802
d4tmpp-wt,347,4.79648397
d4tmpp-wt,348,4.56845998
d4tmpp-wt,349,4.26774766
d4tmpp-wt,350,4.49565635
d4tmpp-wt,351,4.15710978
d4tmpp-wt,352,4.64465718
d4tmpp-wt,353,4.62244350
d4tmpp-wt,354,4.79298535
d4tmpp-wt,355,4.35333855
d4tmpp-wt,356,4.08270501
d4tmpp-wt,357,4.92843417
d4tmpp-wt,358,5.47544284
d4tmpp-wt,359,4.50911949
d4tmpp-wt,360,4.73714620
d4tmpp-wt,361,4.56787850
d4tmpp-wt,362,5.16612997
d4tmpp-wt,363,4.68191111
d4tmpp-wt,364,4.46729569
d4tmpp-wt,365,4.77063369
d4tmpp-wt,366,4.40020859
d4tmpp-wt,367,4.59380216
d4tmpp-wt,368,4.81880193
d4tmpp-wt,369,4.73383037
d4tmpp-wt,370,4.87134118
d4tmpp-wt,371,4.82438430
d4tmpp-wt,372,4.32864661
d4tmpp-wt,373,4.56308624
d4tmpp-wt,374,4.38957678
d4tmpp-wt,375,4.81016994
d4tmpp-wt,376,4.51136324
d4tmpp-wt,377,4.56763504
d4tmpp-wt,378,4.58694698
d4tmpp-wt,379,4.66441862
d4tmpp-wt,380,4.85884366
d4tmpp-wt,381,4.42759169
d4tmpp-wt,382,4.53433069
d4tmpp-wt,383,4.50012464
d4tmpp-wt,384,4.66102411
d4tmpp-wt,385,4.43890200
d4tmpp-wt,386,4.52275690
d4tmpp-wt,387,4.18328768
d4tmpp-wt,388,4.39516496
d4tmpp-wt,389,4.95653576
d4tmpp-wt,390,4.36113933
d4tmpp-wt,391,4.35896833
d4tmpp-wt,392,4.54301692
d4tmpp-wt,393,4.18385103
d4tmpp-wt,394,4.44006793
d4tmpp-wt,395,4.69053505
d4tmpp-wt,396,4.63954504
d4tmpp-wt,397,4.29046223
d4tmpp-wt,398,4.32760051
d4tmpp-wt,399,4.76408521
d4tmpp-wt,400,4.63510957
d4tmpp-wt,401,5.25783223
d4tmpp-wt,402,4.67428370
d4tmpp-wt,403,4.66320779
d4tmpp-wt,404,4.35157646
d4tmpp-wt,405,4.45291316
d4tmpp-wt,406,4.87758463
d4tmpp-wt,407,4.60865134
d4tmpp-wt,408,4.20325142
d4tmpp-wt,409,4.48003275
d4tmpp-wt,410,4.44139945
d4tmpp-wt,411,4.50169729
d4tmpp-wt,412,4.51532877
d4tmpp-wt,413,5.52330132
d4tmpp-wt,414,4.33224420
d4tmpp-wt,415,4.62808699
d4tmpp-wt,416,4.65786526
d4tmpp-wt,417,4.69198420
d4tmpp-wt,418,4.48883206
d4tmpp-wt,419,4.42642981
d4tmpp-wt,420,4.70740952
d4tmpp-wt,421,4.88264458
d4tmpp-wt,422,4.57748590
d4tmpp-wt,423,4.76176947
d4tmpp-wt,424,4.77850060
d4tmpp-wt,425,4.66526461
d4tmpp-wt,426,4.66159283
d4tmpp-wt,427,4.63867147
d4tmpp-wt,428,4.76703757
d4tmpp-wt,429,4.90929698
d4tmpp-wt,430,4.54083788
d4tmpp-wt,431,4.70612034
d4tmpp-wt,432,5.18802517
d4tmpp-wt,433,4.71785549
d4tmpp-wt,434,4.65654710
d4tmpp-wt,435,4.74808012
d4tmpp-wt,436,4.94314981
d4tmpp-wt,437,4.70824568
d4tmpp-wt,438,4.35223198
d4tmpp-wt,439,4.55650636
d4tmpp-wt,440,4.48083680
d4tmpp-wt,441,4.61786210
d4tmpp-wt,442,4.60523696
d4tmpp-wt,443,5.29319045
d4tmpp-wt,444,4.72648383
d4tmpp-wt,445,4.68137174
d4tmpp-wt,446,4.63928030
d4tmpp-wt,447,4.54458832
d4tmpp-wt,448,4.58193762
d4tmpp-wt,449,4.52135676
d4tmpp-wt,450,4.57158035
d4tmpp-wt,451,4.60328049
d4tmpp-wt,452,4.72329087
d4tmpp-wt,453,4.67886061
d4tmpp-wt,454,4.51778851
d4tmpp-wt,455,5.84307410
d4tmpp-wt,456,4.92484864
d4tmpp-wt,457,4.63034575
d4tmpp-wt,458,4.57440985
d4tmpp-wt,459,4.81205228
d4tmpp-wt,460,5.90136804
d4tmpp-wt,461,4.73760026
d4tmpp-wt,462,4.94989849
d4tmpp-wt,463,4.94488898
d4tmpp-wt,464,5.88117988
d4tmpp-wt,465,4.71812512
d4tmpp-wt,466,4.70411318
d4tmpp-wt,467,4.72490012
d4tmpp-wt,468,4.85719221
d4tmpp-wt,469,4.40754699
d4tmpp-wt,470,4.74645522
d4tmpp-wt,471,4.26757788
d4tmpp-wt,472,3.94210940
d4tmpp-wt,473,4.53885270
d4tmpp-wt,474,4.76868248
d4tmpp-wt,475,4.77940787
d4tmpp-wt,476,4.71676267
d4tmpp-wt,477,4.31143887
d4tmpp-wt,478,4.77056064
d4tmpp-wt,479,4.66209982
d4tmpp-wt,480,4.77788019
d4tmpp-wt,481,4.81184892
d4tmpp-wt,482,4.51899318
d4tmpp-wt,483,4.66877846
d4tmpp-wt,484,4.57631441
d4tmpp-wt,485,3.75868014
d4tmpp-wt,486,4.55133988
d4tmpp-wt,487,4.52623844
d4tmpp-wt,488,4.43356392
d4tmpp-wt,489,4.50729367
d4tmpp-wt,490,5.17343478
d4tmpp-wt,491,4.75745894
d4tmpp-wt,492,4.41842279
d4tmpp-wt,493,4.66340232
d4tmpp-wt,494,4.59607621
d4tmpp-wt,495,4.32150423
d4tmpp-wt,496,4.41067288
d4tmpp-wt,497,4.48627392
d4tmpp-wt,498,4.67260700
d4tmpp-wt,499,4.80559483
d4tmpp-wt,500,4.66418976
d4tmpp-wt,501,4.49759317
d4tmpp-wt,502,4.59653912
d4tmpp-wt,503,4.38611187
d4tmpp-wt,504,4.83184384
d4tmpp-wt,505,4.46103068
d4tmpp-wt,506,4.62802108
d4tmpp-wt,507,4.68631701
d4tmpp-wt,508,4.85080121
d4tmpp-wt,509,4.34246640
d4tmpp-wt,510,4.67605004
d4tmpp-wt,511,4.85902741
d4tmpp-wt,512,4.13825060
d4tmpp-wt,513,4.76473014
d4tmpp-wt,514,3.69239701
d4tmpp-wt,515,4.53899560
d4tmpp-wt,516,4.64689091
d4tmpp-wt,517,4.52458768
d4tmpp-wt,518,4.52698468
d4tmpp-wt,519,4.54844571
d4tmpp-wt,520,4.65760486
d4tmpp-wt,521,4.37140239
d4tmpp-wt,522,4.42081146
d4tmpp-wt,523,4.50514323
d4tmpp-wt,524,4.17604522
d4tmpp-wt,525,4.62411851
d4tmpp-wt,526,4.51444624
d4tmpp-wt,527,4.52908886
d4tmpp-wt,528,4.61049937
d4tmpp-wt,529,4.97933546
d4tmpp-wt,530,4.75188661
d4tmpp-wt,531,4.73409558
d4tmpp-wt,532,4.70065955
d4tmpp-wt,533,4.54121509
d4tmpp-wt,534,4.59624279
d4tmpp-wt,535,6.48456873
d4tmpp-wt,536,4.50845538
d4tmpp-wt,537,4.32223490
d4tmpp-wt,538,4.65983202
d4tmpp-wt,539,4.35512392
d4tmpp-wt,540,4.72734387
d4tmpp-wt,541,4.85242818
d4tmpp-wt,542,4.52567779
d4tmpp-wt,543,4.96212868
d4tmpp-wt,544,4.59335892
d4tmpp-wt,545,4.56908211
d4tmpp-wt,546,4.40691400
d4tmpp-wt,547,4.86947941
d4tmpp-wt,548,4.43274701
d4tmpp-wt,549,4.53817467
d4tmpp-wt,550,4.74146249
d4tmpp-wt,551,4.55837667
d4tmpp-wt,552,4.63930573
d4tmpp-wt,553,4.42223651
d4tmpp-wt,554,4.66481085
d4tmpp-wt,555,4.99243041
d4tmpp-wt,556,4.72379384
d4tmpp-wt,557,4.65569610
d4tmpp-wt,558,5.63894334
d4tmpp-wt,559,4.78949135
d4tmpp-wt,560,4.63833738
d4tmpp-wt,561,4.86172291
d4tmpp-wt,562,4.63448336
d4tmpp-wt,563,5.24106527
d4tmpp-wt,564,4.71316220
d4tmpp-wt,565,4.59977343
d4tmpp-wt,566,4.63736216
d4tmpp-wt,567,4.43776595
d4tmpp-wt,568,4.56954430
d4tmpp-wt,569,4.64381203
d4tmpp-wt,570,4.35602969
d4tmpp-wt,571,4.63197478
d4tmpp-wt,572,4.61775714
d4tmpp-wt,573,4.30517573
d4tmpp-wt,574,4.52691183
d4tmpp-wt,575,4.72291834
d4tmpp-wt,576,4.58837477
d4tmpp-wt,577,4.40877902
d4tmpp-wt,578,4.49471437
d4tmpp-wt,579,4.46322620
d4tmpp-wt,580,4.68026476
d4tmpp-wt,581,4.85851038
d4tmpp-wt,582,4.38872717
d4tmpp-wt,583,4.78452287
d4tmpp-wt,584,4.32655128
d4tmpp-wt,585,4.71715085
d4tmpp-wt,586,4.25881820
d4tmpp-wt,587,4.50318989
d4tmpp-wt,588,4.45601875
d4tmpp-wt,589,4.90766279
d4tmpp-wt,590,4.44757422
d4tmpp-wt,591,4.79688098
d4tmpp-wt,592,4.54773742
d4tmpp-wt,593,4.72488933
d4tmpp-wt,594,4.60344809
d4tmpp-wt,595,4.31375916
d4tmpp-wt,596,4.80247080
d4tmpp-wt,597,4.44875011
d4tmpp-wt,598,4.86227326
d4tmpp-wt,599,4.90217909
d4tmpp-wt,600,4.54274891
d4tmpp-wt,601,4.49881398
d4tmpp-wt,602,4.72787669
d4tmpp-wt,603,4.51049336
d4tmpp-wt,604,4.61968567
d4tmpp-wt,605,4.54358073
d4tmpp-wt,606,4.70294774
d4tmpp-wt,607,4.87789861
d4tmpp-wt,608,4.68265234
d4tmpp-wt,609,4.58476875
d4tmpp-wt,610,4.70578964
d4tmpp-wt,611,4.41003911
d4tmpp-wt,612,4.53310872
d4tmpp-wt,613,4.59057566
d4tmpp-wt,614,4.78442200
d4tmpp-wt,615,4.78807545
d4tmpp-wt,616,4.64585873
d4tmpp-wt,617,4.55047789
d4tmpp-wt,618,4.66782298
d4tmpp-wt,619,4.49107548
d4tmpp-wt,620,4.64484680
d4tmpp-wt,621,4.39007637
d4tmpp-wt,622,4.49211815
d4tmpp-wt,623,4.64864380
d4tmpp-wt,624,4.87360642
d4tmpp-wt,625,4.69248811
d4tmpp-wt,626,4.64030263
d4tmpp-wt,627,4.37916793
d4tmpp-wt,628,4.42452914
d4tmpp-wt,629,4.47348718
d4tmpp-wt,630,4.60703515
d4tmpp-wt,631,4.75731221
d4tmpp-wt,632,4.85842277
d4tmpp-wt,633,4.63411260
d4tmpp-wt,634,4.73338578
d4tmpp-wt,635,3.87450246
d4tmpp-wt,636,4.32343285
d4tmpp-wt,637,4.30968381
d4tmpp-wt,638,4.41587360
d4tmpp-wt,639,4.99233891
d4tmpp-wt,640,4.46208294
d4tmpp-wt,641,4.77732540
d4tmpp-wt,642,4.51401786
d4tmpp-wt,643,4.72973163
d4tmpp-wt,644,4.37573374
d4tmpp-wt,645,4.52382808
d4tmpp-wt,646,5.75587585
d4tmpp-wt,647,4.25290789
d4tmpp-wt,648,4.34604547
d4tmpp-wt,649,4.47052680
d4tmpp-wt,650,4.73542834
d4tmpp-wt,651,4.59660470
d4tmpp-wt,652,4.47878271
d4tmpp-wt,653,4.66640565
d4tmpp-wt,654,4.39132151
d4tmpp-wt,655,4.52855014
d4tmpp-wt,656,4.73920981
d4tmpp-wt,657,4.46654121
d4tmpp-wt,658,4.65836457
d4tmpp-wt,659,4.56406206
d4tmpp-wt,660,4.61248194
d4tmpp-wt,661,4.77066461
d4tmpp-wt,662,4.73013886
d4tmpp-wt,663,4.50199025
d4tmpp-wt,664,4.73446798
d4tmpp-wt,665,4.71051741
d4tmpp-wt,666,4.51607907
d4tmpp-wt,667,4.67296203
d4tmpp-wt,668,4.53972797
d4tmpp-wt,669,4.62855198
d4tmpp-wt,670,4.37883423
d4tmpp-wt,671,4.70531455
d4tmpp-wt,672,4.74491905
d4tmpp-wt,673,4.59983899
d4tmpp-wt,674,5.28407405
d4tmpp-wt,675,4.37619540
d4tmpp-wt,676,4.66447584
d4tmpp-wt,677,4.51160250
d4tmpp-wt,678,4.34339004
d4tmpp-wt,679,4.90949670
d4tmpp-wt,680,4.57313474
d4tmpp-wt,681,4.38083355
d4tmpp-wt,682,5.03725372
d4tmpp-wt,683,4.60406562
d4tmpp-wt,684,4.40555078
d4tmpp-wt,685,4.42892061
d4tmpp-wt,686,4.43925551
d4tmpp-wt,687,4.77257016
d4tmpp-wt,688,4.48825877
d4tmpp-wt,689,4.39547356
d4tmpp-wt,690,4.41716241
d4tmpp-wt,691,4.54062250
d4tmpp-wt,692,4.33244778
d4tmpp-wt,693,4.54512972
d4tmpp-wt,694,4.55675342
d4tmpp-wt,695,4.85976590
d4tmpp-wt,696,4.94664056
d4tmpp-wt,697,4.81321677
d4tmpp-wt,698,4.82636997
d4tmpp-wt,699,4.54291178
d4tmpp-wt,700,4.85666280
d4tmpp-wt,701,4.76345459
d4tmpp-wt,702,4.35502191
d4tmpp-wt,703,4.47010606
d4tmpp-wt,704,4.79632862
d4tmpp-wt,705,4.41203660
d4tmpp-wt,706,4.09968345
d4tmpp-wt,707,4.72524389
d4tmpp-wt,708,4.18639837
d4tmpp-wt,709,4.61520993
d4tmpp-wt,710,4.66582091
d4tmpp-wt,711,4.55320813
d4tmpp-wt,712,4.44370523
d4tmpp-wt,713,4.36622829
d4tmpp-wt,714,4.72856315
d4tmpp-wt,715,4.82364068
d4tmpp-wt,716,4.61052224
d4tmpp-wt,717,4.31732200
d4tmpp-wt,718,4.43429700
d4tmpp-wt,719,4.40024540
d4tmpp-wt,720,4.55408150
d4tmpp-wt,721,4.73083136
d4tmpp-wt,722,4.93361820
d4tmpp-wt,723,4.70432549
d4tmpp-wt,724,4.61405026
d4tmpp-wt,725,4.45811544
d4tmpp-wt,726,4.48121650
d4tmpp-wt,727,4.77400951
d4tmpp-wt,728,4.59754480
d4tmpp-wt,729,4.51664694
d4tmpp-wt,730,4.68723220
d4tmpp-wt,731,4.75461093
d4tmpp-wt,732,4.47901983
d4tmpp-wt,733,4.36688704
d4tmpp-wt,734,4.39053481
d4tmpp-wt,735,4.49389717
d4tmpp-wt,736,4.36183681
d4tmpp-wt,737,4.44404250
d4tmpp-wt,738,4.91169466
d4tmpp-wt,739,4.69104568
d4tmpp-wt,740,4.60187135
d4tmpp-wt,741,4.76317824
d4tmpp-wt,742,4.40160085
d4tmpp-wt,743,4.43824810
d4tmpp-wt,744,4.55088317
d4tmpp-wt,745,4.33396513
d4tmpp-wt,746,4.44404079
d4tmpp-wt,747,4.36252370
d4tmpp-wt,748,4.42498819
d4tmpp-wt,749,4.99785589
d4tmpp-wt,750,4.63769076
d4tmpp-wt,751,4.66085470
d4tmpp-wt,752,4.41724445
d4tmpp-wt,753,4.42572954
d4tmpp-wt,754,4.86016538
d4tmpp-wt,755,4.50915486
d4tmpp-wt,756,4.66702800
d4tmpp-wt,757,4.75309951
d4tmpp-wt,758,5.16248480
d4tmpp-wt,759,5.02584519
d4tmpp-wt,760,4.74859399
d4tmpp-wt,761,4.38724775
d4tmpp-wt,762,4.93966466
d4tmpp-wt,763,5.68381114
d4tmpp-wt,764,4.58005429
d4tmpp-wt,765,4.75028652
d4tmpp-wt,766,4.67280434
d4tmpp-wt,767,4.63397283
d4tmpp-wt,768,4.64808617
d4tmpp-wt,769,4.45748506
d4tmpp-wt,770,4.42062706
d4tmpp-wt,771,4.97253793
d4tmpp-wt,772,4.50329929
d4tmpp-wt,773,4.77454066
d4tmpp-wt,774,4.61401579
d4tmpp-wt,775,4.32891321
d4tmpp-wt,776,4.68934755
d4tmpp-wt,777,4.47956367
d4tmpp-wt,778,4.52842081
d4tmpp-wt,779,4.61067307
d4tmpp-wt,780,4.78321210
d4tmpp-wt,781,4.54055865
d4tmpp-wt,782,4.92717506
d4tmpp-wt,783,4.72023558
d4tmpp-wt,784,5.04567694
d4tmpp-wt,785,4.57931716
d4tmpp-wt,786,4.66727197
d4tmpp-wt,787,4.27002700
d4tmpp-wt,788,4.70059497
d4tmpp-wt,789,4.34351457
d4tmpp-wt,790,4.69708499
d4tmpp-wt,791,4.66052346
d4tmpp-wt,792,4.57779928
d4tmpp-wt,793,4.65108377
d4tmpp-wt,794,4.68299648
d4tmpp-wt,795,4.59764578
d4tmpp-wt,796,5.89910533
d4tmpp-wt,797,4.70484284
d4tmpp-wt,798,4.66768023
d4tmpp-wt,799,4.80889983
d4tmpp-wt,800,4.35308539
d4tmpp-wt,801,4.50504018
d4tmpp-wt,802,4.77741590
d4tmpp-wt,803,4.31732632
d4tmpp-wt,804,4.78619841
d4tmpp-wt,805,5.41431338
d4tmpp-wt,806,4.77214494
d4tmpp-wt,807,4.74289681
d4tmpp-wt,808,4.64684362
d4tmpp-wt,809,4.08868899
d4tmpp-wt,810,4.42343377
d4tmpp-wt,811,4.99209867
d4tmpp-wt,812,4.67861414
d4tmpp-wt,813,4.53492185
d4tmpp-wt,814,4.31209378
d4tmpp-wt,815,4.37718459
d4tmpp-wt,816,4.37844600
d4tmpp-wt,817,4.45249543
d4tmpp-wt,818,4.60996768
d4tmpp-wt,819,4.59603374
d4tmpp-wt,820,4.60614106
d4tmpp-wt,821,4.46191678
d4tmpp-wt,822,4.23647512
d4tmpp-wt,823,4.83152095
d4tmpp-wt,824,4.93693967
d4tmpp-wt,825,4.50317877
d4tmpp-wt,826,4.99347963
d4tmpp-wt,827,4.65803871
d4tmpp-wt,828,4.68418530
d4tmpp-wt,829,4.94766379
d4tmpp-wt,830,4.61370314
d4tmpp-wt,831,4.61941790
d4tmpp-wt,832,4.43964148
d4tmpp-wt,833,4.82351479
d4tmpp-wt,834,4.55666284
d4tmpp-wt,835,4.52341612
d4tmpp-wt,836,5.13187683
d4tmpp-wt,837,4.96070930
d4tmpp-wt,838,4.56892070
d4tmpp-wt,839,4.54155879
d4tmpp-wt,840,4.55121199
d4tmpp-wt,841,4.68748935
d4tmpp-wt,842,4.61191698
d4tmpp-wt,843,5.09979119
d4tmpp-wt,844,4.48922592
d4tmpp-wt,845,4.64005098
d4tmpp-wt,846,4.41870186
d4tmpp-wt,847,5.17308027
d4tmpp-wt,848,4.67268770
d4tmpp-wt,849,5.02243317
d4tmpp-wt,850,4.58983915
d4tmpp-wt,851,4.61953672
d4tmpp-wt,852,4.50340466
d4tmpp-wt,853,4.46759496
d4tmpp-wt,854,5.10752747
d4tmpp-wt,855,4.66766257
d4tmpp-wt,856,4.48481050
d4tmpp-wt,857,4.61674784
d4tmpp-wt,858,4.39189048
d4tmpp-wt,859,4.40766671
d4tmpp-wt,860,4.39911192
d4tmpp-wt,861,4.43701588
d4tmpp-wt,862,4.37322267
d4tmpp-wt,863,4.52472171
d4tmpp-wt,864,4.49623247
d4tmpp-wt,865,4.49024225
d4tmpp-wt,866,4.59473502
d4tmpp-wt,867,4.06640865
d4tmpp-wt,868,4.95636010
d4tmpp-wt,869,4.62906810
d4tmpp-wt,870,4.60314108
d4tmpp-wt,871,4.40906992
d4tmpp-wt,872,4.65337112
d4tmpp-wt,873,4.76337432
d4tmpp-wt,874,4.74857889
d4tmpp-wt,875,4.31187726
d4tmpp-wt,876,4.77183899
d4tmpp-wt,877,4.84168721
d4tmpp-wt,878,4.47081740
d4tmpp-wt,879,4.44395406
d4tmpp-wt,880,4.58380597
d4tmpp-wt,881,4.77053981
d4tmpp-wt,882,4.71060313
d4tmpp-wt,883,4.89999275
d4tmpp-wt,884,4.61661519
d4tmpp-wt,885,4.54108958
d4tmpp-wt,886,4.77666993
d4tmpp-wt,887,4.30459414
d4tmpp-wt,888,4.59594479
d4tmpp-wt,889,4.68921157
d4tmpp-wt,890,4.89793748
d4tmpp-wt,891,4.69325817
d4tmpp-wt,892,5.16070918
d4tmpp-wt,893,4.71172255
d4tmpp-wt,894,4.48706070
d4tmpp-wt,895,4.99548182
d4tmpp-wt,896,4.74251978
d4tmpp-wt,897,5.45369706
d4tmpp-wt,898,5.02994503
d4tmpp-wt,899,5.44636596
d4tmpp-wt,900,4.67414150
d4tmpp-wt,901,4.60224916
d4tmpp-wt,902,4.35624765
d4tmpp-wt,903,4.86843191
d4tmpp-wt,904,4.55536714
d4tmpp-wt,905,4.76906080
d4tmpp-wt,906,4.51187200
d4tmpp-wt,907,4.02053750
d4tmpp-wt,908,4.51813966
d4tmpp-wt,909,4.99480469
d4tmpp-wt,910,4.78504196
d4tmpp-wt,911,4.52031170
d4tmpp-wt,912,4.71326402
d4tmpp-wt,913,4.50811391
d4tmpp-wt,914,4.69226784
d4tmpp-wt,915,4.46170362
d4tmpp-wt,916,4.42797416
d4tmpp-wt,917,4.52443603
d4tmpp-wt,918,4.69278341
d4tmpp-wt,919,6.02159684
d4tmpp-wt,920,4.87490684
d4tmpp-wt,921,4.70121805
d4tmpp-wt,922,4.58694132
d4tmpp-wt,923,4.67551976
d4tmpp-wt,924,4.36564964
d4tmpp-wt,925,4.51947053
d4tmpp-wt,926,4.69691736
d4tmpp-wt,927,4.58217341
d4tmpp-wt,928,4.60097939
d4tmpp-wt,929,4.27030398
d4tmpp-wt,930,4.71770271
d4tmpp-wt,931,4.68315914
d4tmpp-wt,932,4.53942188
d4tmpp-wt,933,4.62126074
d4tmpp-wt,934,4.64005287
d4tmpp-wt,935,4.84618642
d4tmpp-wt,936,4.91655902
d4tmpp-wt,937,4.54083868
d4tmpp-wt,938,4.32246237
d4tmpp-wt,939,4.23711379
d4tmpp-wt,940,4.87617664
d4tmpp-wt,941,4.71571966
d4tmpp-wt,942,4.84377159
d4tmpp-wt,943,4.73045185
d4tmpp-wt,944,4.43062025
d4tmpp-wt,945,4.37625621
d4tmpp-wt,946,4.58805583
d4tmpp-wt,947,4.49706875
d4tmpp-wt,948,4.75831559
d4tmpp-wt,949,4.44534533
d4tmpp-wt,950,4.82099719
d4tmpp-wt,951,3.68840218
d4tmpp-wt,952,4.25032945
d4tmpp-wt,953,4.66000011
d4tmpp-wt,954,4.69923197
d4tmpp-wt,955,4.52949424
d4tmpp-wt,956,4.63491530
d4tmpp-wt,957,4.66918168
d4tmpp-wt,958,4.54523167
d4tmpp-wt,959,4.84734805
d4tmpp-wt,960,4.74710482
d4tmpp-wt,961,4.36923858
d4tmpp-wt,962,4.41534280
d4tmpp-wt,963,4.63301169
d4tmpp-wt,964,5.08482830
d4tmpp-wt,965,4.63047526
d4tmpp-wt,966,4.48457026
d4tmpp-wt,967,4.99039758
d4tmpp-wt,968,4.51660071
d4tmpp-wt,969,5.07153428
d4tmpp-wt,970,4.61646737
d4tmpp-wt,971,4.52022572
d4tmpp-wt,972,4.75471342
d4tmpp-wt,973,4.43683586
d4tmpp-wt,974,4.65646870
d4tmpp-wt,975,5.20546356
d4tmpp-wt,976,4.50000240
d4tmpp-wt,977,4.40639429
d4tmpp-wt,978,4.54684337
d4tmpp-wt,979,4.58198701
d4tmpp-wt,980,4.62198559
d4tmpp-wt,981,4.53604554
d4tmpp-wt,982,4.73817718
d4tmpp-wt,983,4.76651464
d4tmpp-wt,984,4.28340029
d4tmpp-wt,985,4.65034413
d4tmpp-wt,986,4.60536001
d4tmpp-wt,987,4.53248996
d4tmpp-wt,988,4.69617367
d4tmpp-wt,989,4.44102869
d4tmpp-wt,990,4.65372489
d4tmpp-wt,991,4.44863091
d4tmpp-wt,992,4.64786631
d4tmpp-wt,993,4.41944681
d4tmpp-wt,994,4.48025369
d4tmpp-wt,995,4.68715597
d4tmpp-wt,996,4.63770163
d4tmpp-wt,997,4.71783687
d4tmpp-wt,998,4.43220027
d4tmpp-wt,999,5.25012545
d4tmpp-wt,1000,4.38698794
d4tmpp-l28r,0,4.82468694
d4tmpp-l28r,1,6.63199832
d4tmpp-l28r,2,6.49438502
d4tmpp-l28r,3,6.88235694
d4tmpp-l28r,4,7.23674140
d4tmpp-l28r,5,7.39541998
d4tmpp-l28r,6,6.40250879
d4tmpp-l28r,7,6.88185387
d4tmpp-l28r,8,7.12261125
d4tmpp-l28r,9,6.48550542
d4tmpp-l28r,10,5.46645670
d4tmpp-l28r,11,6.80084072
d4tmpp-l28r,12,5.12376265
d4tmpp-l28r,13,7.04508535
d4tmpp-l28r,14,7.65959052
d4tmpp-l28r,15,6.39918406
d4tmpp-l28r,16,7.94051298
d4tmpp-l28r,17,6.72185693
d4tmpp-l28r,18,6.48007537
d4tmpp-l28r,19,6.18891675
d4tmpp-l28r,20,6.32878102
d4tmpp-l28r,21,6.29037031
d4tmpp-l28r,22,6.67801685
d4tmpp-l28r,23,5.26962889
d4tmpp-l28r,24,6.06182694
d4tmpp-l28r,25,6.71276939
d4tmpp-l28r,26,6.32394572
d4tmpp-l28r,27,6.57519762
d4tmpp-l28r,28,6.95248374
d4tmpp-l28r,29,3.89933003
d4tmpp-l28r,30,4.81574571
d4tmpp-l28r,31,6.01744068
d4tmpp-l28r,32,7.51945743
d4tmpp-l28r,33,7.58544135
d4tmpp-l28r,34,7.68481186
d4tmpp-l28r,35,7.21514703
d4tmpp-l28r,36,6.73676010
d4tmpp-l28r,37,6.77299733
d4tmpp-l28r,38,6.73887128
d4tmpp-l28r,39,5.81149668
d4tmpp-l28r,40,7.38727742
d4tmpp-l28r,41,5.18931632
d4tmpp-l28r,42,4.82957033
d4tmpp-l28r,43,6.83965278
d4tmpp-l28r,44,6.78583134
d4tmpp-l28r,45,6.84769127
d4tmpp-l28r,46,6.55537811
d4tmpp-l28r,47,6.67059479
d4tmpp-l28r,48,6.96663210
d4tmpp-l28r,49,6.41289596
d4tmpp-l28r,50,6.10982996
d4tmpp-l28r,51,6.67761103
d4tmpp-l28r,52,7.64634189
d4tmpp-l28r,53,6.97387978
d4tmpp-l28r,54,8.14188279
d4tmpp-l28r,55,6.82190058
d4tmpp-l28r,56,6.34979589
d4tmpp-l28r,57,6.79149102
d4tmpp-l28r,58,6.66192217
d4tmpp-l28r,59,6.58633040
d4tmpp-l28r,60,7.63203466
d4tmpp-l28r,61,6.94753541
d4tmpp-l28r,62,7.83633894
d4tmpp-l28r,63,6.20688593
d4tmpp-l28r,64,6.54813661
d4tmpp-l28r,65,6.65404165
d4tmpp-l28r,66,7.37798199
d4tmpp-l28r,67,6.60770591
d4tmpp-l28r,68,6.69747269
d4tmpp-l28r,69,6.65081240
d4tmpp-l28r,70,7.13087560
d4tmpp-l28r,71,6.09138100
d4tmpp-l28r,72,6.44934463
d4tmpp-l28r,73,6.37956659
d4tmpp-l28r,74,7.12786631
d4tmpp-l28r,75,7.20934772
d4tmpp-l28r,76,7.51305027
d4tmpp-l28r,77,7.37549545
d4tmpp-l28r,78,7.98699568
d4tmpp-l28r,79,7.31576350
d4tmpp-l28r,80,7.26086084
d4tmpp-l28r,81,7.42021828
d4tmpp-l28r,82,7.24395696
d4tmpp-l28r,83,6.62829833
d4tmpp-l28r,84,6.46263643
d4tmpp-l28r,85,7.01381074
d4tmpp-l28r,86,7.04768913
d4tmpp-l28r,87,3.52576303
d4tmpp-l28r,88,5.18135565
d4tmpp-l28r,89,5.12289638
d4tmpp-l28r,90,5.64418653
d4tmpp-l28r,91,4.93763623
d4tmpp-l28r,92,5.05706851
d4tmpp-l28r,93,5.27806912
d4tmpp-l28r,94,5.07543039
d4tmpp-l28r,95,5.57938379
d4tmpp-l28r,96,5.67427128
d4tmpp-l28r,97,5.05589482
d4tmpp-l28r,98,4.35441094
d4tmpp-l28r,99,4.78091064
d4tmpp-l28r,100,5.05351654
d4tmpp-l28r,101,4.88537228
d4tmpp-l28r,102,4.73711451
d4tmpp-l28r,103,5.22534468
d4tmpp-l28r,104,4.82762223
d4tmpp-l28r,105,4.76302672
d4tmpp-l28r,106,5.82872824
d4tmpp-l28r,107,4.94192277
d4tmpp-l28r,108,5.41110796
d4tmpp-l28r,109,4.44809625
d4tmpp-l28r,110,4.53114798
d4tmpp-l28r,111,5.55533556
d4tmpp-l28r,112,5.66818435
d4tmpp-l28r,113,4.80629162
d4tmpp-l28r,114,4.71015588
d4tmpp-l28r,115,4.70876057
d4tmpp-l28r,116,4.51773080
d4tmpp-l28r,117,4.99752364
d4tmpp-l28r,118,4.54730728
d4tmpp-l28r,119,4.38924323
d4tmpp-l28r,120,4.65143023
d4tmpp-l28r,121,4.42921521
d4tmpp-l28r,122,4.62845483
d4tmpp-l28r,123,4.79905115
d4tmpp-l28r,124,4.97684294
d4tmpp-l28r,125,4.77800613
d4tmpp-l28r,126,4.59341875
d4tmpp-l28r,127,4.66921910
d4tmpp-l28r,128,4.66586267
d4tmpp-l28r,129,4.70028193
d4tmpp-l28r,130,4.65030110
d4tmpp-l28r,131,4.50354495
d4tmpp-l28r,132,4.73419019
d4tmpp-l28r,133,4.73395919
d4tmpp-l28r,134,4.62585539
d4tmpp-l28r,135,4.74909205
d4tmpp-l28r,136,4.47323118
d4tmpp-l28r,137,4.82213655
d4tmpp-l28r,138,4.57668002
d4tmpp-l28r,139,4.69653537
d4tmpp-l28r,140,4.80419936
d4tmpp-l28r,141,4.63399262
d4tmpp-l28r,142,4.64079845
d4tmpp-l28r,143,4.41929139
d4tmpp-l28r,144,4.74799763
d4tmpp-l28r,145,4.59718393
d4tmpp-l28r,146,3.18271682
d4tmpp-l28r,147,4.87421185
d4tmpp-l28r,148,5.01046089
d4tmpp-l28r,149,4.69667809
d4tmpp-l28r,150,4.64737124
d4tmpp-l28r,151,4.37685437
d4tmpp-l28r,152,4.54870673
d4tmpp-l28r,153,5.18789888
d4tmpp-l28r,154,4.50899339
d4tmpp-l28r,155,4.37088391
d4tmpp-l28r,156,4.49529448
d4tmpp-l28r,157,4.98820095
d4tmpp-l28r,158,4.81211972
d4tmpp-l28r,159,4.72805268
d4tmpp-l28r,160,4.75184486
d4tmpp-l28r,161,4.53382783
d4tmpp-l28r,162,4.43648982
d4tmpp-l28r,163,4.76835719
d4tmpp-l28r,164,4.80692195
d4tmpp-l28r,165,4.51706981
d4tmpp-l28r,166,4.39986586
d4tmpp-l28r,167,5.00054942
d4tmpp-l28r,168,4.65748915
d4tmpp-l28r,169,4.39500070
d4tmpp-l28r,170,4.52449609
d4tmpp-l28r,171,4.64265831
d4tmpp-l28r,172,4.92973326
d4tmpp-l28r,173,4.71581953
d4tmpp-l28r,174,4.78317504
d4tmpp-l28r,175,4.88351161
d4tmpp-l28r,176,4.88344751
d4tmpp-l28r,177,4.53618487
d4tmpp-l28r,178,5.25354917
d4tmpp-l28r,179,5.49153420
d4tmpp-l28r,180,4.70506752
d4tmpp-l28r,181,4.68878193
d4tmpp-l28r,182,5.07934265
d4tmpp-l28r,183,4.58866706
d4tmpp-l28r,184,4.68156752
d4tmpp-l28r,185,4.52617217
d4tmpp-l28r,186,4.31825104
d4tmpp-l28r,187,4.61559077
d4tmpp-l28r,188,4.60814278
d4tmpp-l28r,189,4.39566086
d4tmpp-l28r,190,4.74652151
d4tmpp-l28r,191,4.77715873
d4tmpp-l28r,192,4.58924310
d4tmpp-l28r,193,4.76442425
d4tmpp-l28r,194,6.02142414
d4tmpp-l28r,195,5.98212060
d4tmpp-l28r,196,4.62418164
d4tmpp-l28r,197,5.20888028
d4tmpp-l28r,198,4.88806174
d4tmpp-l28r,199,4.83835211
d4tmpp-l28r,200,5.42172222
d4tmpp-l28r,201,4.40911539
d4tmpp-l28r,202,4.67744149
d4tmpp-l28r,203,5.88942192
d4tmpp-l28r,204,4.70111644
d4tmpp-l28r,205,4.83419767
d4tmpp-l28r,206,4.57994214
d4tmpp-l28r,207,4.65800945
d4tmpp-l28r,208,4.68483857
d4tmpp-l28r,209,4.51073230
d4tmpp-l28r,210,4.68594510
d4tmpp-l28r,211,4.58366073
d4tmpp-l28r,212,4.26591566
d4tmpp-l28r,213,4.64844251
d4tmpp-l28r,214,4.84476453
d4tmpp-l28r,215,4.42040234
d4tmpp-l28r,216,4.64386708
d4tmpp-l28r,217,5.49953416
d4tmpp-l28r,218,4.58872682
d4tmpp-l28r,219,4.64659156
d4tmpp-l28r,220,4.71840030
d4tmpp-l28r,221,4.70199574
d4tmpp-l28r,222,4.88171405
d4tmpp-l28r,223,4.57441965
d4tmpp-l28r,224,4.39650581
d4tmpp-l28r,225,4.40137112
d4tmpp-l28r,226,4.61842525
d4tmpp-l28r,227,4.79095559
d4tmpp-l28r,228,4.51876097
d4tmpp-l28r,229,5.03801787
d4tmpp-l28r,230,5.01203009
d4tmpp-l28r,231,4.51353817
d4tmpp-l28r,232,4.43815343
d4tmpp-l28r,233,4.50848309
d4tmpp-l28r,234,4.54189429
d4tmpp-l28r,235,4.63953987
d4tmpp-l28r,236,5.75854347
d4tmpp-l28r,237,4.79332838
d4tmpp-l28r,238,4.57686039
d4tmpp-l28r,239,4.50111245
d4tmpp-l28r,240,5.04627373
d4tmpp-l28r,241,4.35999622
d4tmpp-l28r,242,5.22177217
d4tmpp-l28r,243,4.36447089
d4tmpp-l28r,244,4.86131643
d4tmpp-l28r,245,4.68591876
d4tmpp-l28r,246,4.86999391
d4tmpp-l28r,247,4.68929643
d4tmpp-l28r,248,4.77982132
d4tmpp-l28r,249,4.72801581
d4tmpp-l28r,250,4.38698945
d4tmpp-l28r,251,4.51253971
d4tmpp-l28r,252,4.48982991
d4tmpp-l28r,253,4.24580331
d4tmpp-l28r,254,4.75993425
d4tmpp-l28r,255,5.14381507
d4tmpp-l28r,256,4.91872098
d4tmpp-l28r,257,4.81738285
d4tmpp-l28r,258,4.41784154
d4tmpp-l28r,259,4.62938756
d4tmpp-l28r,260,4.64806290
d4tmpp-l28r,261,4.46639309
d4tmpp-l28r,262,4.73163655
d4tmpp-l28r,263,4.31740793
d4tmpp-l28r,264,4.53817171
d4tmpp-l28r,265,4.51597610
d4tmpp-l28r,266,4.54919760
d4tmpp-l28r,267,4.69251072
d4tmpp-l28r,268,4.53361992
d4tmpp-l28r,269,4.55523838
d4tmpp-l28r,270,4.04961122
d4tmpp-l28r,271,4.66274738
d4tmpp-l28r,272,5.21144790
d4tmpp-l28r,273,4.71393202
d4tmpp-l28r,274,4.44658715
d4tmpp-l28r,275,4.61772973
d4tmpp-l28r,276,4.70340442
d4tmpp-l28r,277,4.37967919
d4tmpp-l28r,278,4.25798973
d4tmpp-l28r,279,4.32307546
d4tmpp-l28r,280,4.57738340
d4tmpp-l28r,281,4.69568910
d4tmpp-l28r,282,4.46030842
d4tmpp-l28r,283,4.49675692
d4tmpp-l28r,284,4.52844965
d4tmpp-l28r,285,4.45570198
d4tmpp-l28r,286,4.55214087
d4tmpp-l28r,287,4.64881167
d4tmpp-l28r,288,4.59669279
d4tmpp-l28r,289,4.77335831
d4tmpp-l28r,290,4.59993548
d4tmpp-l28r,291,4.68794622
d4tmpp-l28r,292,4.75934146
d4tmpp-l28r,293,4.43692585
d4tmpp-l28r,294,4.59932518
d4tmpp-l28r,295,4.48322887
d4tmpp-l28r,296,4.81670891
d4tmpp-l28r,297,4.65700723
d4tmpp-l28r,298,4.64294935
d4tmpp-l28r,299,4.81008348
d4tmpp-l28r,300,4.48488209
d4tmpp-l28r,301,4.48726587
d4tmpp-l28r,302,4.58894859
d4tmpp-l28r,303,4.45608451
d4tmpp-l28r,304,4.58647455
d4tmpp-l28r,305,4.70217087
d4tmpp-l28r,306,4.60181499
d4tmpp-l28r,307,4.39358902
d4tmpp-l28r,308,4.45126519
d4tmpp-l28r,309,4.35772754
d4tmpp-l28r,310,4.45308047
d4tmpp-l28r,311,4.74793145
d4tmpp-l28r,312,4.80840408
d4tmpp-l28r,313,4.54002644
d4tmpp-l28r,314,4.36222713
d4tmpp-l28r,315,4.72640202
d4tmpp-l28r,316,4.48015263
d4tmpp-l28r,317,4.87982438
d4tmpp-l28r,318,4.61050032
d4tmpp-l28r,319,4.29826114
d4tmpp-l28r,320,4.82090082
d4tmpp-l28r,321,4.70472113
d4tmpp-l28r,322,4.37431028
d4tmpp-l28r,323,4.67221518
d4tmpp-l28r,324,4.70020348
d4tmpp-l28r,325,4.47176182
d4tmpp-l28r,326,4.35277961
d4tmpp-l28r,327,4.42324165
d4tmpp-l28r,328,4.63652804
d4tmpp-l28r,329,4.48634291
d4tmpp-l28r,330,4.31199095
d4tmpp-l28r,331,4.44999239
d4tmpp-l28r,332,4.20032900
d4tmpp-l28r,333,5.02087304
d4tmpp-l28r,334,4.58429446
d4tmpp-l28r,335,4.35628623
d4tmpp-l28r,336,4.25066344
d4tmpp-l28r,337,4.52568114
d4tmpp-l28r,338,4.54450485
d4tmpp-l28r,339,4.48297425
d4tmpp-l28r,340,4.77827249
d4tmpp-l28r,341,4.60024129
d4tmpp-l28r,342,4.65416428
d4tmpp-l28r,343,4.96258338
d4tmpp-l28r,344,4.48347827
d4tmpp-l28r,345,4.42910869
d4tmpp-l28r,346,4.74429323
d4tmpp-l28r,347,4.42555539
d4tmpp-l28r,348,4.90180782
d4tmpp-l28r,349,4.67242343
d4tmpp-l28r,350,4.70906357
d4tmpp-l28r,351,4.43508264
d4tmpp-l28r,352,4.28620568
d4tmpp-l28r,353,4.84843177
d4tmpp-l28r,354,4.53923413
d4tmpp-l28r,355,4.51299245
d4tmpp-l28r,356,4.32299866
d4tmpp-l28r,357,4.50765595
d4tmpp-l28r,358,4.44468847
d4tmpp-l28r,359,4.59142809
d4tmpp-l28r,360,4.67053065
d4tmpp-l28r,361,4.58228880
d4tmpp-l28r,362,4.70015930
d4tmpp-l28r,363,4.84866430
d4tmpp-l28r,364,4.77604299
d4tmpp-l28r,365,4.53636523
d4tmpp-l28r,366,4.49825772
d4tmpp-l28r,367,4.83048718
d4tmpp-l28r,368,4.59343896
d4tmpp-l28r,369,4.82259195
d4tmpp-l28r,370,4.62248557
d4tmpp-l28r,371,4.75647733
d4tmpp-l28r,372,4.90982903
d4tmpp-l28r,373,4.36042165
d4tmpp-l28r,374,4.85944671
d4tmpp-l28r,375,4.43258510
d4tmpp-l28r,376,4.61517839
d4tmpp-l28r,377,4.64057643
d4tmpp-l28r,378,4.48274643
d4tmpp-l28r,379,4.72112539
d4tmpp-l28r,380,4.49856086
d4tmpp-l28r,381,4.63568744
d4tmpp-l28r,382,5.76463962
d4tmpp-l28r,383,4.41083810
d4tmpp-l28r,384,4.64521305
d4tmpp-l28r,385,5.02132563
d4tmpp-l28r,386,4.98357773
d4tmpp-l28r,387,4.58133247
d4tmpp-l28r,388,5.01794175
d4tmpp-l28r,389,6.15738003
d4tmpp-l28r,390,4.88282560
d4tmpp-l28r,391,4.67888660
d4tmpp-l28r,392,4.82610944
d4tmpp-l28r,393,4.49949005
d4tmpp-l28r,394,5.58075154
d4tmpp-l28r,395,4.91067660
d4tmpp-l28r,396,4.42543358
d4tmpp-l28r,397,4.80885024
d4tmpp-l28r,398,4.80494582
d4tmpp-l28r,399,4.90884689
d4tmpp-l28r,400,4.39782072
d4tmpp-l28r,401,4.52647876
d4tmpp-l28r,402,4.69947890
d4tmpp-l28r,403,4.75981156
d4tmpp-l28r,404,4.62408379
d4tmpp-l28r,405,4.42364659
d4tmpp-l28r,406,4.55027922
d4tmpp-l28r,407,4.74389092
d4tmpp-l28r,408,4.46721761
d4tmpp-l28r,409,4.52243040
d4tmpp-l28r,410,5.13950775
d4tmpp-l28r,411,4.38553102
d4tmpp-l28r,412,4.75491035
d4tmpp-l28r,413,4.42367512
d4tmpp-l28r,414,4.66159075
d4tmpp-l28r,415,4.55100477
d4tmpp-l28r,416,4.38760980
d4tmpp-l28r,417,4.72108073
d4tmpp-l28r,418,4.66830415
d4tmpp-l28r,419,4.62354577
d4tmpp-l28r,420,4.39476877
d4tmpp-l28r,421,4.88076292
d4tmpp-l28r,422,4.68291778
d4tmpp-l28r,423,4.74575631
d4tmpp-l28r,424,4.34070016
d4tmpp-l28r,425,4.73487607
d4tmpp-l28r,426,4.51885946
d4tmpp-l28r,427,4.68812809
d4tmpp-l28r,428,4.74506451
d4tmpp-l28r,429,4.17751931
d4tmpp-l28r,430,4.49733879
d4tmpp-l28r,431,4.65899389
d4tmpp-l28r,432,4.66804541
d4tmpp-l28r,433,4.47572273
d4tmpp-l28r,434,5.11708706
d4tmpp-l28r,435,4.53919002
d4tmpp-l28r,436,4.61036728
d4tmpp-l28r,437,4.50062066
d4tmpp-l28r,438,4.47547570
d4tmpp-l28r,439,4.76276207
d4tmpp-l28r,440,5.13911892
d4tmpp-l28r,441,4.30388097
d4tmpp-l28r,442,4.55961423
d4tmpp-l28r,443,4.75907053
d4tmpp-l28r,444,4.55455650
d4tmpp-l28r,445,4.45499338
d4tmpp-l28r,446,4.70978218
d4tmpp-l28r,447,4.33256770
d4tmpp-l28r,448,4.62760841
d4tmpp-l28r,449,4.58879847
d4tmpp-l28r,450,4.57637209
d4tmpp-l28r,451,4.28376008
d4tmpp-l28r,452,4.59799139
d4tmpp-l28r,453,4.77447871
d4tmpp-l28r,454,4.47700430
d4tmpp-l28r,455,4.51585764
d4tmpp-l28r,456,5.32625815
d4tmpp-l28r,457,4.79679109
d4tmpp-l28r,458,4.77199145
d4tmpp-l28r,459,5.39921582
d4tmpp-l28r,460,4.87723306
d4tmpp-l28r,461,5.83385711
d4tmpp-l28r,462,4.57811069
d4tmpp-l28r,463,4.88685331
d4tmpp-l28r,464,4.63589483
d4tmpp-l28r,465,5.18642283
d4tmpp-l28r,466,4.77851226
d4tmpp-l28r,467,4.46488708
d4tmpp-l28r,468,4.58385409
d4tmpp-l28r,469,4.40785328
d4tmpp-l28r,470,5.05707384
d4tmpp-l28r,471,4.63259537
d4tmpp-l28r,472,4.50879686
d4tmpp-l28r,473,4.24444193
d4tmpp-l28r,474,4.86930094
d4tmpp-l28r,475,4.71077094
d4tmpp-l28r,476,4.73353951
d4tmpp-l28r,477,4.75626666
d4tmpp-l28r,478,4.67541579
d4tmpp-l28r,479,4.85640109
d4tmpp-l28r,480,4.58822466
d4tmpp-l28r,481,4.97357784
d4tmpp-l28r,482,4.67392027
d4tmpp-l28r,483,4.50323412
d4tmpp-l28r,484,4.89528382
d4tmpp-l28r,485,4.53562697
d4tmpp-l28r,486,4.62111991
d4tmpp-l28r,487,4.49844829
d4tmpp-l28r,488,4.44822968
d4tmpp-l28r,489,4.47978948
d4tmpp-l28r,490,4.44421924
d4tmpp-l28r,491,4.77673560
d4tmpp-l28r,492,4.59437154
d4tmpp-l28r,493,4.75917280
d4tmpp-l28r,494,4.61713710
d4tmpp-l28r,495,4.42643981
d4tmpp-l28r,496,4.71815462
d4tmpp-l28r,497,5.21707773
d4tmpp-l28r,498,4.43968776
d4tmpp-l28r,499,4.82096408
d4tmpp-l28r,500,4.68671803
d4tmpp-l28r,501,4.69462805
d4tmpp-l28r,502,4.99946305
d4tmpp-l28r,503,4.38385842
d4tmpp-l28r,504,4.59431490
d4tmpp-l28r,505,4.63165725
d4tmpp-l28r,506,4.69637224
d4tmpp-l28r,507,4.69865014
d4tmpp-l28r,508,4.79846080
d4tmpp-l28r,509,4.69684785
d4tmpp-l28r,510,4.67736266
d4tmpp-l28r,511,4.68362301
d4tmpp-l28r,512,4.57220370
d4tmpp-l28r,513,5.06414548
d4tmpp-l28r,514,4.80578908
d4tmpp-l28r,515,4.40191134
d4tmpp-l28r,516,4.67993468
d4tmpp-l28r,517,4.37375898
d4tmpp-l28r,518,4.71275184
d4tmpp-l28r,519,4.54616625
d4tmpp-l28r,520,4.64083766
d4tmpp-l28r,521,4.74825239
d4tmpp-l28r,522,4.63274622
d4tmpp-l28r,523,4.68051102
d4tmpp-l28r,524,4.65805375
d4tmpp-l28r,525,4.35454009
d4tmpp-l28r,526,4.72609125
d4tmpp-l28r,527,4.64862000
d4tmpp-l28r,528,4.39784972
d4tmpp-l28r,529,4.67389585
d4tmpp-l28r,530,4.52750257
d4tmpp-l28r,531,4.75690777
d4tmpp-l28r,532,4.37575729
d4tmpp-l28r,533,4.79265617
d4tmpp-l28r,534,4.52748030
d4tmpp-l28r,535,4.67880371
d4tmpp-l28r,536,4.43272960
d4tmpp-l28r,537,4.56061315
d4tmpp-l28r,538,4.64628057
d4tmpp-l28r,539,4.64240665
d4tmpp-l28r,540,4.89410130
d4tmpp-l28r,541,4.86026655
d4tmpp-l28r,542,4.64138811
d4tmpp-l28r,543,4.82451637
d4tmpp-l28r,544,4.70204468
d4tmpp-l28r,545,4.57086622
d4tmpp-l28r,546,4.58074044
d4tmpp-l28r,547,4.63263112
d4tmpp-l28r,548,4.80508377
d4tmpp-l28r,549,4.48645034
d4tmpp-l28r,550,4.53379895
d4tmpp-l28r,551,4.91074111
d4tmpp-l28r,552,4.62579643
d4tmpp-l28r,553,4.60270588
d4tmpp-l28r,554,4.47406384
d4tmpp-l28r,555,4.72901995
d4tmpp-l28r,556,4.46073584
d4tmpp-l28r,557,4.56007885
d4tmpp-l28r,558,5.01749764
d4tmpp-l28r,559,4.73662025
d4tmpp-l28r,560,4.63973905
d4tmpp-l28r,561,4.81101101
d4tmpp-l28r,562,4.64077858
d4tmpp-l28r,563,4.67643695
d4tmpp-l28r,564,4.94098818
d4tmpp-l28r,565,4.46200996
d4tmpp-l28r,566,4.54078908
d4tmpp-l28r,567,4.57256138
d4tmpp-l28r,568,4.59569639
d4tmpp-l28r,569,4.34736370
d4tmpp-l28r,570,4.97165937
d4tmpp-l28r,571,4.57118330
d4tmpp-l28r,572,4.48553856
d4tmpp-l28r,573,4.91351216
d4tmpp-l28r,574,4.51954335
d4tmpp-l28r,575,4.61963753
d4tmpp-l28r,576,4.61711701
d4tmpp-l28r,577,4.38539712
d4tmpp-l28r,578,4.55052205
d4tmpp-l28r,579,4.38540936
d4tmpp-l28r,580,5.18241172
d4tmpp-l28r,581,4.71039806
d4tmpp-l28r,582,4.56820855
d4tmpp-l28r,583,4.39396470
d4tmpp-l28r,584,4.57720218
d4tmpp-l28r,585,4.65968402
d4tmpp-l28r,586,4.37165940
d4tmpp-l28r,587,4.56391363
d4tmpp-l28r,588,4.76738940
d4tmpp-l28r,589,4.91541984
d4tmpp-l28r,590,4.61512994
d4tmpp-l28r,591,4.47007777
d4tmpp-l28r,592,4.48079834
d4tmpp-l28r,593,4.57769729
d4tmpp-l28r,594,4.99455062
d4tmpp-l28r,595,4.80595907
d4tmpp-l28r,596,5.22285334
d4tmpp-l28r,597,5.11571756
d4tmpp-l28r,598,4.66704225
d4tmpp-l28r,599,4.52257451
d4tmpp-l28r,600,4.71548566
d4tmpp-l28r,601,4.64723272
d4tmpp-l28r,602,4.71357743
d4tmpp-l28r,603,4.58345157
d4tmpp-l28r,604,4.61045757
d4tmpp-l28r,605,4.72010326
d4tmpp-l28r,606,4.50104664
d4tmpp-l28r,607,4.53576528
d4tmpp-l28r,608,4.48735909
d4tmpp-l28r,609,4.77789517
d4tmpp-l28r,610,4.58029854
d4tmpp-l28r,611,4.59107358
d4tmpp-l28r,612,4.58547553
d4tmpp-l28r,613,4.33702551
d4tmpp-l28r,614,4.78585023
d4tmpp-l28r,615,4.45512040
d4tmpp-l28r,616,4.88366258
d4tmpp-l28r,617,4.78864823
d4tmpp-l28r,618,4.63221842
d4tmpp-l28r,619,4.82248210
d4tmpp-l28r,620,4.47330066
d4tmpp-l28r,621,4.86850336
d4tmpp-l28r,622,4.56623698
d4tmpp-l28r,623,4.32644124
d4tmpp-l28r,624,4.45488693
d4tmpp-l28r,625,5.08111612
d4tmpp-l28r,626,4.67000591
d4tmpp-l28r,627,4.48930186
d4tmpp-l28r,628,4.65414210
d4tmpp-l28r,629,5.42734842
d4tmpp-l28r,630,4.62554584
d4tmpp-l28r,631,4.44140075
d4tmpp-l28r,632,4.53250119
d4tmpp-l28r,633,4.75762699
d4tmpp-l28r,634,4.74682543
d4tmpp-l28r,635,4.74800347
d4tmpp-l28r,636,4.54661283
d4tmpp-l28r,637,4.91035256
d4tmpp-l28r,638,4.44309510
d4tmpp-l28r,639,4.50702252
d4tmpp-l28r,640,4.46252751
d4tmpp-l28r,641,4.14679788
d4tmpp-l28r,642,4.72080513
d4tmpp-l28r,643,4.69692098
d4tmpp-l28r,644,4.46585541
d4tmpp-l28r,645,4.45996176
d4tmpp-l28r,646,4.56018328
d4tmpp-l28r,647,4.63251550
d4tmpp-l28r,648,4.54017939
d4tmpp-l28r,649,4.58514156
d4tmpp-l28r,650,4.58614570
d4tmpp-l28r,651,4.87838012
d4tmpp-l28r,652,4.72004527
d4tmpp-l28r,653,4.52017879
d4tmpp-l28r,654,4.38372804
d4tmpp-l28r,655,4.82374878
d4tmpp-l28r,656,4.57888050
d4tmpp-l28r,657,4.51322314
d4tmpp-l28r,658,4.45788790
d4tmpp-l28r,659,4.60419130
d4tmpp-l28r,660,4.50603522
d4tmpp-l28r,661,4.53631279
d4tmpp-l28r,662,4.60577252
d4tmpp-l28r,663,4.60487240
d4tmpp-l28r,664,4.30274876
d4tmpp-l28r,665,4.58649014
d4tmpp-l28r,666,4.40057792
d4tmpp-l28r,667,4.68114278
d4tmpp-l28r,668,4.46549874
d4tmpp-l28r,669,4.51680618
d4tmpp-l28r,670,4.66119484
d4tmpp-l28r,671,4.32256889
d4tmpp-l28r,672,4.55634168
d4tmpp-l28r,673,4.53513576
d4tmpp-l28r,674,4.81069442
d4tmpp-l28r,675,4.29850879
d4tmpp-l28r,676,4.42262290
d4tmpp-l28r,677,4.32536940
d4tmpp-l28r,678,4.75587008
d4tmpp-l28r,679,4.52614196
d4tmpp-l28r,680,4.81252503
d4tmpp-l28r,681,4.44937456
d4tmpp-l28r,682,4.46334696
d4tmpp-l28r,683,4.75877325
d4tmpp-l28r,684,4.73275469
d4tmpp-l28r,685,4.59655970
d4tmpp-l28r,686,4.58730702
d4tmpp-l28r,687,4.66392365
d4tmpp-l28r,688,4.64861993
d4tmpp-l28r,689,4.66033191
d4tmpp-l28r,690,4.65427632
d4tmpp-l28r,691,4.51635095
d4tmpp-l28r,692,4.46709032
d4tmpp-l28r,693,4.53933661
d4tmpp-l28r,694,4.49446478
d4tmpp-l28r,695,4.68978661
d4tmpp-l28r,696,4.70023700
d4tmpp-l28r,697,4.63465965
d4tmpp-l28r,698,4.35710699
d4tmpp-l28r,699,5.00505627
d4tmpp-l28r,700,4.60636840
d4tmpp-l28r,701,4.28609033
d4tmpp-l28r,702,4.82399828
d4tmpp-l28r,703,4.49415914
d4tmpp-l28r,704,4.37646693
d4tmpp-l28r,705,4.60815762
d4tmpp-l28r,706,4.57169504
d4tmpp-l28r,707,4.25914826
d4tmpp-l28r,708,4.62438170
d4tmpp-l28r,709,4.65057488
d4tmpp-l28r,710,4.36177390
d4tmpp-l28r,711,4.62489326
d4tmpp-l28r,712,4.87314326
d4tmpp-l28r,713,4.44078962
d4tmpp-l28r,714,4.65149255
d4tmpp-l28r,715,4.92270121
d4tmpp-l28r,716,4.59088853
d4tmpp-l28r,717,4.61829832
d4tmpp-l28r,718,4.60551788
d4tmpp-l28r,719,4.69518954
d4tmpp-l28r,720,4.68720281
d4tmpp-l28r,721,4.37555066
d4tmpp-l28r,722,4.47843433
d4tmpp-l28r,723,4.61113637
d4tmpp-l28r,724,4.77191424
d4tmpp-l28r,725,4.99226512
d4tmpp-l28r,726,4.82884892
d4tmpp-l28r,727,4.42475176
d4tmpp-l28r,728,4.53036304
d4tmpp-l28r,729,4.44155085
d4tmpp-l28r,730,4.41693339
d4tmpp-l28r,731,4.82674319
d4tmpp-l28r,732,4.59840623
d4tmpp-l28r,733,4.46124840
d4tmpp-l28r,734,4.76724109
d4tmpp-l28r,735,4.57433389
d4tmpp-l28r,736,4.72815268
d4tmpp-l28r,737,4.49091874
d4tmpp-l28r,738,4.63296987
d4tmpp-l28r,739,4.56429332
d4tmpp-l28r,740,4.59630896
d4tmpp-l28r,741,4.85548212
d4tmpp-l28r,742,4.66089186
d4tmpp-l28r,743,4.63950938
d4tmpp-l28r,744,4.49087343
d4tmpp-l28r,745,4.70593502
d4tmpp-l28r,746,4.80660976
d4tmpp-l28r,747,4.45495704
d4tmpp-l28r,748,4.55853043
d4tmpp-l28r,749,4.48010649
d4tmpp-l28r,750,4.82522027
d4tmpp-l28r,751,4.48444181
d4tmpp-l28r,752,4.84122015
d4tmpp-l28r,753,4.55390848
d4tmpp-l28r,754,4.58088073
d4tmpp-l28r,755,5.16492434
d4tmpp-l28r,756,4.23123625
d4tmpp-l28r,757,4.49314616
d4tmpp-l28r,758,4.50113364
d4tmpp-l28r,759,4.78207515
d4tmpp-l28r,760,4.49740778
d4tmpp-l28r,761,4.59728252
d4tmpp-l28r,762,4.70893612
d4tmpp-l28r,763,4.42927921
d4tmpp-l28r,764,4.90504342
d4tmpp-l28r,765,4.50961060
d4tmpp-l28r,766,4.47810164
d4tmpp-l28r,767,5.06329552
d4tmpp-l28r,768,4.49870894
d4tmpp-l28r,769,4.69861052
d4tmpp-l28r,770,4.50652935
d4tmpp-l28r,771,4.53999534
d4tmpp-l28r,772,4.55732689
d4tmpp-l28r,773,4.38498747
d4tmpp-l28r,774,4.55228649
d4tmpp-l28r,775,4.55382895
d4tmpp-l28r,776,4.62075645
d4tmpp-l28r,777,4.99624962
d4tmpp-l28r,778,4.66613613
d4tmpp-l28r,779,4.81787922
d4tmpp-l28r,780,4.31565826
d4tmpp-l28r,781,4.85047040
d4tmpp-l28r,782,4.44131608
d4tmpp-l28r,783,4.63010380
d4tmpp-l28r,784,4.55113546
d4tmpp-l28r,785,4.70549713
d4tmpp-l28r,786,4.65732844
d4tmpp-l28r,787,4.82307501
d4tmpp-l28r,788,4.41988923
d4tmpp-l28r,789,4.99112464
d4tmpp-l28r,790,4.40164410
d4tmpp-l28r,791,4.65722514
d4tmpp-l28r,792,4.97545683
d4tmpp-l28r,793,4.52744349
d4tmpp-l28r,794,4.39877560
d4tmpp-l28r,795,4.52884242
d4tmpp-l28r,796,4.64456828
d4tmpp-l28r,797,5.18143757
d4tmpp-l28r,798,4.88974148
d4tmpp-l28r,799,4.82575980
d4tmpp-l28r,800,5.00304252
d4tmpp-l28r,801,4.60094676
d4tmpp-l28r,802,4.51624797
d4tmpp-l28r,803,4.56273639
d4tmpp-l28r,804,4.16307867
d4tmpp-l28r,805,4.51759496
d4tmpp-l28r,806,4.11575481
d4tmpp-l28r,807,4.47942438
d4tmpp-l28r,808,4.77920928
d4tmpp-l28r,809,4.70363758
d4tmpp-l28r,810,4.45731850
d4tmpp-l28r,811,4.63693833
d4tmpp-l28r,812,4.77353829
d4tmpp-l28r,813,4.72097556
d4tmpp-l28r,814,4.75145254
d4tmpp-l28r,815,4.41649189
d4tmpp-l28r,816,4.65682275
d4tmpp-l28r,817,4.72408741
d4tmpp-l28r,818,4.63931339
d4tmpp-l28r,819,4.76099791
d4tmpp-l28r,820,4.49013749
d4tmpp-l28r,821,4.70891900
d4tmpp-l28r,822,4.37779994
d4tmpp-l28r,823,4.56179310
d4tmpp-l28r,824,4.54539677
d4tmpp-l28r,825,4.52239542
d4tmpp-l28r,826,4.74330636
d4tmpp-l28r,827,4.51291676
d4tmpp-l28r,828,4.33030831
d4tmpp-l28r,829,4.61244779
d4tmpp-l28r,830,4.60591890
d4tmpp-l28r,831,4.43151932
d4tmpp-l28r,832,4.22954605
d4tmpp-l28r,833,4.50812445
d4tmpp-l28r,834,4.89447701
d4tmpp-l28r,835,4.69238267
d4tmpp-l28r,836,4.72599361
d4tmpp-l28r,837,4.93733378
d4tmpp-l28r,838,4.66969713
d4tmpp-l28r,839,4.51460195
d4tmpp-l28r,840,4.63858096
d4tmpp-l28r,841,4.58593235
d4tmpp-l28r,842,4.58863664
d4tmpp-l28r,843,4.70517322
d4tmpp-l28r,844,4.37908517
d4tmpp-l28r,845,4.53598834
d4tmpp-l28r,846,4.52841284
d4tmpp-l28r,847,4.62833065
d4tmpp-l28r,848,4.52091759
d4tmpp-l28r,849,4.48968132
d4tmpp-l28r,850,4.18811220
d4tmpp-l28r,851,4.39419151
d4tmpp-l28r,852,4.41166129
d4tmpp-l28r,853,4.55815585
d4tmpp-l28r,854,4.48466316
d4tmpp-l28r,855,4.44192117
d4tmpp-l28r,856,4.61200432
d4tmpp-l28r,857,4.55551299
d4tmpp-l28r,858,4.56952194
d4tmpp-l28r,859,4.40558538
d4tmpp-l28r,860,4.50474709
d4tmpp-l28r,861,4.63492942
d4tmpp-l28r,862,4.92312091
d4tmpp-l28r,863,4.52701028
d4tmpp-l28r,864,4.85207356
d4tmpp-l28r,865,4.46735068
d4tmpp-l28r,866,4.56245156
d4tmpp-l28r,867,4.47772159
d4tmpp-l28r,868,4.60808510
d4tmpp-l28r,869,4.52379855
d4tmpp-l28r,870,4.55361148
d4tmpp-l28r,871,4.52988482
d4tmpp-l28r,872,4.55271335
d4tmpp-l28r,873,4.82870163
d4tmpp-l28r,874,4.47206946
d4tmpp-l28r,875,4.97231055
d4tmpp-l28r,876,4.73431805
d4tmpp-l28r,877,4.45817984
d4tmpp-l28r,878,4.40345149
d4tmpp-l28r,879,4.22227757
d4tmpp-l28r,880,4.31385097
d4tmpp-l28r,881,4.66898382
d4tmpp-l28r,882,4.65303627
d4tmpp-l28r,883,4.49988879
d4tmpp-l28r,884,4.30612797
d4tmpp-l28r,885,4.74388049
d4tmpp-l28r,886,4.81982579
d4tmpp-l28r,887,4.85480186
d4tmpp-l28r,888,4.47994210
d4tmpp-l28r,889,5.88154536
d4tmpp-l28r,890,4.54461688
d4tmpp-l28r,891,4.55572153
d4tmpp-l28r,892,4.68532966
d4tmpp-l28r,893,4.77151122
d4tmpp-l28r,894,4.79159353
d4tmpp-l28r,895,4.70089602
d4tmpp-l28r,896,4.92750224
d4tmpp-l28r,897,4.58496621
d4tmpp-l28r,898,4.84370841
d4tmpp-l28r,899,4.54088947
d4tmpp-l28r,900,4.90398092
d4tmpp-l28r,901,4.65285763
d4tmpp-l28r,902,4.65803792
d4tmpp-l28r,903,4.63826936
d4tmpp-l28r,904,5.07372914
d4tmpp-l28r,905,4.72595807
d4tmpp-l28r,906,4.67387088
d4tmpp-l28r,907,4.31959924
d4tmpp-l28r,908,4.33085351
d4tmpp-l28r,909,5.10567322
d4tmpp-l28r,910,5.03148646
d4tmpp-l28r,911,4.75424637
d4tmpp-l28r,912,4.50934404
d4tmpp-l28r,913,4.59504184
d4tmpp-l28r,914,3.93617142
d4tmpp-l28r,915,4.65987189
d4tmpp-l28r,916,4.80743064
d4tmpp-l28r,917,4.72920024
d4tmpp-l28r,918,4.73566390
d4tmpp-l28r,919,4.58484381
d4tmpp-l28r,920,4.58195365
d4tmpp-l28r,921,4.61380000
d4tmpp-l28r,922,4.73326616
d4tmpp-l28r,923,4.31410488
d4tmpp-l28r,924,4.27100158
d4tmpp-l28r,925,4.69716030
d4tmpp-l28r,926,4.51845272
d4tmpp-l28r,927,4.47492865
d4tmpp-l28r,928,4.67172417
d4tmpp-l28r,929,4.74896476
d4tmpp-l28r,930,4.45871219
d4tmpp-l28r,931,4.35421887
d4tmpp-l28r,932,4.81381441
d4tmpp-l28r,933,4.42882654
d4tmpp-l28r,934,4.85522754
d4tmpp-l28r,935,4.58725855
d4tmpp-l28r,936,5.07403162
d4tmpp-l28r,937,4.66150515
d4tmpp-l28r,938,4.80158618
d4tmpp-l28r,939,4.56885155
d4tmpp-l28r,940,4.70333786
d4tmpp-l28r,941,4.47703894
d4tmpp-l28r,942,4.92775357
d4tmpp-l28r,943,4.73513258
d4tmpp-l28r,944,4.63081133
d4tmpp-l28r,945,4.66351644
d4tmpp-l28r,946,4.78787536
d4tmpp-l28r,947,4.44096378
d4tmpp-l28r,948,4.40081173
d4tmpp-l28r,949,4.51790960
d4tmpp-l28r,950,4.49338164
d4tmpp-l28r,951,4.31709599
d4tmpp-l28r,952,4.63564820
d4tmpp-l28r,953,4.39657889
d4tmpp-l28r,954,4.41822375
d4tmpp-l28r,955,4.49066727
d4tmpp-l28r,956,4.57903535
d4tmpp-l28r,957,4.86316703
d4tmpp-l28r,958,4.55030411
d4tmpp-l28r,959,4.70636703
d4tmpp-l28r,960,4.52459162
d4tmpp-l28r,961,4.60617597
d4tmpp-l28r,962,5.16829443
d4tmpp-l28r,963,4.58528522
d4tmpp-l28r,964,4.52040632
d4tmpp-l28r,965,4.77231636
d4tmpp-l28r,966,4.45142760
d4tmpp-l28r,967,4.52649472
d4tmpp-l28r,968,4.76370097
d4tmpp-l28r,969,4.55794460
d4tmpp-l28r,970,4.52947036
d4tmpp-l28r,971,4.31750798
d4tmpp-l28r,972,4.47465516
d4tmpp-l28r,973,4.69609888
d4tmpp-l28r,974,4.46990790
d4tmpp-l28r,975,4.59418814
d4tmpp-l28r,976,4.37879321
d4tmpp-l28r,977,4.37908044
d4tmpp-l28r,978,4.48072977
d4tmpp-l28r,979,4.60025525
d4tmpp-l28r,980,4.35323528
d4tmpp-l28r,981,4.48779294
d4tmpp-l28r,982,4.66816057
d4tmpp-l28r,983,4.36703370
d4tmpp-l28r,984,4.56517039
d4tmpp-l28r,985,4.23892460
d4tmpp-l28r,986,4.39718791
d4tmpp-l28r,987,4.19698146
d4tmpp-l28r,988,4.88456939
d4tmpp-l28r,989,4.68791162
d4tmpp-l28r,990,4.84028145
d4tmpp-l28r,991,4.33130846
d4tmpp-l28r,992,4.43853299
d4tmpp-l28r,993,4.62940007
d4tmpp-l28r,994,4.55542679
d4tmpp-l28r,995,4.88634186
d4tmpp-l28r,996,4.65348580
d4tmpp-l28r,997,4.59849059
d4tmpp-l28r,998,4.67116983
d4tmpp-l28r,999,4.64951107
d4tmpp-l28r,1000,4.33913067
