scheme,channel,index,label,predicted_response,observed_response_or_bound,response_sigma,predicted_value,observed_value_or_upper,signed_standardized_response_residual,one_sided_squared_loss,raw_upper_violation,distance_over_one_sigma
uniform,saxs,0,q=0.00281393,0.034529275171548114,0.03841014,0.0075855972,0.034529275171548114,0.03841014,-0.5116096631721874,0.261744447451159,False,False
uniform,saxs,1,q=0.0030889,0.03449749758158998,0.03180309,0.0060644814,0.03449749758158998,0.03180309,0.44429315614521964,0.1973964085974805,False,False
uniform,saxs,2,q=0.00336388,0.03446253638493724,0.04259826,0.00501565569,0.03446253638493724,0.04259826,-1.622065811112876,2.6310974955812725,False,False
uniform,saxs,3,q=0.00363886,0.034424956953974906,0.033286068,0.00419709855,0.034424956953974906,0.033286068,0.2713514920860992,0.07363163225735236,False,False
uniform,saxs,4,q=0.00391383,0.0343848130878661,0.034125834,0.0035948268,0.0343848130878661,0.034125834,0.07204216010242906,0.005190072832224021,False,False
uniform,saxs,5,q=0.00418881,0.034342678945606685,0.036513042,0.00304067508,0.034342678945606685,0.036513042,-0.7137767098723741,0.5094771915562313,False,False
uniform,saxs,6,q=0.00446378,0.03429963866945606,0.035845962,0.00273230664,0.03429963866945606,0.035845962,-0.5659406261018864,0.3202887922725952,False,False
uniform,saxs,7,q=0.00473876,0.03424949147280335,0.032072523,0.00241575678,0.03424949147280335,0.032072523,0.9011538292374588,0.812078223949335,False,False
uniform,saxs,8,q=0.00501374,0.034198029949790806,0.030565422,0.00223509999,0.034198029949790806,0.030565422,1.62525523065785,2.6414545647807013,False,False
uniform,saxs,9,q=0.00528871,0.03414207666108787,0.037125756,0.00227276247,0.03414207666108787,0.037125756,-1.3127985780723186,1.7234401065887015,False,False
uniform,saxs,10,q=0.00556369,0.03408545324686193,0.03683577,0.00204943296,0.03408545324686193,0.03683577,-1.3419891290994308,1.8009348226210486,False,False
uniform,saxs,11,q=0.00583866,0.03402661708786611,0.03511044,0.00197205678,0.03402661708786611,0.03511044,-0.5495901148109373,0.3020492942978993,False,False
uniform,saxs,12,q=0.00611364,0.03396469669456066,0.036528648,0.00180530514,0.03396469669456066,0.036528648,-1.4202315434826356,2.0170576371030693,False,False
uniform,saxs,13,q=0.00638862,0.03389840068619247,0.033469923,0.00170172873,0.03389840068619247,0.033469923,0.2517896528622834,0.06339802928850917,False,False
uniform,saxs,14,q=0.00666359,0.03382967887866108,0.034477989,0.00163518342,0.03382967887866108,0.034477989,-0.3964754738883772,0.15719280139501324,False,False
uniform,saxs,15,q=0.007076055,0.033722187640167364,0.0367608255,0.00108042646153,0.033722187640167364,0.0367608255,-2.812443019518047,7.909835738035791,False,False
uniform,saxs,16,q=0.00762601,0.033566782594142267,0.033529185,0.000970700838168,0.033566782594142267,0.033529185,0.038732421631798825,0.0015002004854634376,False,False
uniform,saxs,17,q=0.00817596,0.033403238518828454,0.0363085575,0.00091396537725,0.033403238518828454,0.0363085575,-3.178806389705113,10.104810063230055,False,False
uniform,saxs,18,q=0.00872591,0.03322706476150626,0.0337609902,0.000853659320193,0.03322706476150626,0.0337609902,-0.6254549395337546,0.39119388138717265,False,False
uniform,saxs,19,q=0.009275865,0.03304405491213389,0.0322778796,0.000787594489659,0.03304405491213389,0.0322778796,0.9728043075385346,0.9463482207655279,False,False
uniform,saxs,20,q=0.00982582,0.03285173014225941,0.03373332015,0.00075414716736,0.03285173014225941,0.03373332015,-1.16898935101318,1.3665361027822156,False,False
uniform,saxs,21,q=0.0103758,0.032645100987447696,0.034474317,0.000727495376934,0.032645100987447696,0.034474317,-2.514402249896705,6.322218674285613,False,False
uniform,saxs,22,q=0.0109257,0.03243009511297071,0.032768724,0.000678779657703,0.03243009511297071,0.032768724,-0.49887895605949034,0.2488802127990069,False,False
uniform,saxs,23,q=0.0114757,0.032205026627615055,0.03249508605,0.000650521383444,0.032205026627615055,0.03249508605,-0.44588760610651235,0.1988157572793963,False,False
uniform,saxs,24,q=0.0120256,0.03197373358158995,0.0318161001,0.000628406796798,0.03197373358158995,0.0318161001,0.2508462390813649,0.06292383566126528,False,False
uniform,saxs,25,q=0.0125756,0.03172864348953974,0.0322276446,0.000614177813628,0.03172864348953974,0.0322276446,-0.8124701013092877,0.6601076655215241,False,False
uniform,saxs,26,q=0.013263,0.03141186039330544,0.0309941008002,0.000476366986747,0.03141186039330544,0.0309941008002,0.8769700771210451,0.7690765161656918,False,False
uniform,saxs,27,q=0.01408793333,0.031014526058577397,0.0316067332002,0.000459214311175,0.031014526058577397,0.0316067332002,-1.289609507393862,1.6630926815606395,False,False
uniform,saxs,28,q=0.0149129,0.030591885815899576,0.0307224832998,0.000441554443199,0.030591885815899576,0.0307224832998,-0.29576756821709776,0.08747845440905558,False,False
uniform,saxs,29,q=0.0157378,0.0301539521422594,0.0306244561998,0.000428198876997,0.0301539521422594,0.0306244561998,-1.09879797172821,1.207356982674028,False,False
uniform,saxs,30,q=0.01656273333,0.02969495830962343,0.0295171441998,0.00041194860616,0.02969495830962343,0.0295171441998,0.43164148916762524,0.18631437517084515,False,False
uniform,saxs,31,q=0.01738766667,0.029219078912133892,0.0300264709998,0.000401299629593,0.029219078912133892,0.0300264709998,-2.011943266643352,4.047915708191522,False,False
uniform,saxs,32,q=0.0182126,0.02872769348117156,0.0283768216002,0.000387213737949,0.02872769348117156,0.0283768216002,0.9061452282919056,0.8210991747561897,False,False
uniform,saxs,33,q=0.019175,0.028133417263598325,0.028704588825,0.000326312698353,0.028133417263598325,0.028704588825,-1.7503810433506006,3.0638337969211373,False,False
uniform,saxs,34,q=0.0202749,0.027430216845188288,0.027219507075,0.000311328514843,0.027430216845188288,0.027219507075,0.6768084519805293,0.45806968067228043,False,False
uniform,saxs,35,q=0.0213748,0.02670613332217574,0.026979330225,0.000304329094114,0.02670613332217574,0.026979330225,-0.8977022181189209,0.8058692724156307,False,False
uniform,saxs,36,q=0.022474725,0.025959267221757315,0.0259613358,0.000291997855206,0.025959267221757315,0.0259613358,-0.007084224098921737,5.01862310837435e-05,False,False
uniform,saxs,37,q=0.023574625,0.025191203774058576,0.02588867865,0.000284858565565,0.025191203774058576,0.02588867865,-2.448495359646369,5.995129526209801,False,False
uniform,saxs,38,q=0.024674525,0.024407864970711297,0.02492772645,0.000275967617306,0.024407864970711297,0.02492772645,-1.8837771053125651,3.5486161824997873,False,False
uniform,saxs,39,q=0.02591192,0.02357519725523012,0.02381825766,0.000237745367656,0.02357519725523012,0.02381825766,-1.0223560070435151,1.04521180513796,False,False
uniform,saxs,40,q=0.0272868,0.022562971958158994,0.02244276216,0.000229785095993,0.022562971958158994,0.02244276216,0.5231401002728886,0.2736755645135279,False,False
uniform,saxs,41,q=0.02866168,0.021532657079497905,0.02115858726,0.000221186797443,0.021532657079497905,0.02115858726,1.6911941572566183,2.860137677538923,False,False
uniform,saxs,42,q=0.03003656,0.020491089589958152,0.02022736908,0.00021407511092,0.020491089589958152,0.02022736908,1.2319064501463841,1.5175935019122655,False,False
uniform,saxs,43,q=0.03154893333,0.01933870776569037,0.0194245544502,0.000188543480903,0.01933870776569037,0.0194245544502,-0.45531505039835146,0.20731179511925332,False,False
uniform,saxs,44,q=0.03319876667,0.017977686418410035,0.0179979960498,0.000181713077765,0.017977686418410035,0.0179979960498,-0.11176758238738109,0.01249199247272002,False,False
uniform,saxs,45,q=0.03484865,0.01679965318828452,0.0167510383998,0.000175062682783,0.01679965318828452,0.0167510383998,0.2776993229606814,0.07711691397282083,False,False
uniform,saxs,46,q=0.0364985,0.015682703481171557,0.0151704940002,0.000168807877258,0.015682703481171557,0.0151704940002,3.034274758332008,9.206823309050767,False,False
uniform,saxs,47,q=0.03828584286,0.014245731707112975,0.0142120658141,0.000151005333604,0.014245731707112975,0.0142120658141,0.22294505902196146,0.04970449934230588,False,False
uniform,saxs,48,q=0.04021067143,0.012867959539748956,0.0128438210571,0.000146960411955,0.012867959539748956,0.0128438210571,0.16425159897038655,0.026978587764328685,False,False
uniform,saxs,49,q=0.04213551429,0.011546251539748953,0.0114883365,0.000145648309598,0.011546251539748953,0.0114883365,0.39763619577050047,0.15811454418683576,False,False
uniform,saxs,50,q=0.04406034286,0.010281886728033466,0.0102951791141,0.000139065101139,0.010281886728033466,0.0102951791141,-0.09558390967729782,0.009136283789197829,False,False
uniform,saxs,51,q=0.0461226625,0.009001387213389118,0.0088883635125,0.000123726773614,0.009001387213389118,0.0088883635125,0.9134942873538968,0.8344718130282038,False,False
uniform,saxs,52,q=0.048322475,0.007726334451882847,0.007655253,0.000122557359322,0.007726334451882847,0.007655253,0.5799851781735248,0.33638280690097533,False,False
uniform,saxs,53,q=0.050522275,0.006556058393305439,0.0065296932,0.000127412304363,0.006556058393305439,0.0065296932,0.2069281568781928,0.04281926210900597,False,False
uniform,saxs,54,q=0.05285957778,0.00543365170711297,0.00533047466661,0.000120771153208,0.00543365170711297,0.00533047466661,0.8543185832238592,0.7298602416416221,False,False
uniform,saxs,55,q=0.05533436667,0.0043543560083681996,0.00421292356664,0.000109810895157,0.0043543560083681996,0.00421292356664,1.2879636535699779,1.658850372917326,False,False
uniform,saxs,56,q=0.05794663,0.003470402426778243,0.00348760491,9.77684047542e-05,0.003470402426778243,0.00348760491,-0.17595135427447894,0.0309588790710232,False,False
uniform,saxs,57,q=0.0606964,0.002629650184100417,0.00247022784,9.27384862308e-05,0.002629650184100417,0.00247022784,1.7190526886934496,2.955142146504178,False,False
uniform,saxs,58,q=0.06344615,0.0019949650711297067,0.00186401226,8.84842383099e-05,0.0019949650711297067,0.00186401226,1.4799563586801556,2.1902708235978254,False,False
uniform,saxs,59,q=0.06633340909,0.0015155842677824268,0.0014532069818,8.10173252448e-05,0.0015155842677824268,0.0014532069818,0.7699252696129996,0.5927849207886501,False,False
uniform,saxs,60,q=0.06935813636,0.0012051416485355654,0.00129269421821,7.94061476115e-05,0.0012051416485355654,0.00129269421821,-1.1025918308339497,1.2157087454217612,False,False
uniform,saxs,61,q=0.072520375,0.0010878533054393311,0.00105593884998,7.38085356033e-05,0.0010878533054393311,0.00105593884998,0.4323951857121553,0.18696559662704926,False,False
uniform,saxs,62,q=0.075820075,0.0011045175481171547,0.00120755590002,7.21013287389e-05,0.0011045175481171547,0.00120755590002,-1.4290770184829378,2.0422611247560827,False,False
uniform,saxs,63,q=0.07925728462,0.001305833271966527,0.00150663140771,6.79077121578e-05,0.001305833271966527,0.00150663140771,-2.9569268255845507,8.743416251861527,False,False
uniform,saxs,64,q=0.08283196923,0.0016523912301255233,0.00189455702307,6.66651384423e-05,0.0016523912301255233,0.00189455702307,-3.6325701649007454,13.195566002927029,False,False
uniform,saxs,65,q=0.08654415,0.0021183207531380753,0.00237375092141,6.31299329169e-05,0.0021183207531380753,0.00237375092141,-4.046102323728996,16.37094401408518,False,False
uniform,saxs,66,q=0.09039382143,0.0026628435397489537,0.00295543797859,6.22012748859e-05,0.0026628435397489537,0.00295543797859,-4.703994240918243,22.127561818592,False,False
uniform,saxs,67,q=0.09438096,0.003250306820083683,0.00358750999998,6.07486891221e-05,0.003250306820083683,0.00358750999998,-5.550789404172418,30.81126300947279,False,False
uniform,saxs,68,q=0.09864301875,0.003854534025104602,0.003978003825,5.76834165381e-05,0.003854534025104602,0.003978003825,-2.1404730736405924,4.581624978980405,False,False
uniform,saxs,69,q=0.1030425,0.0044145789539748945,0.00454636185,5.63261185929e-05,0.0044145789539748945,0.00454636185,-2.3396409927971975,5.473919975177056,False,False
uniform,saxs,70,q=0.10758,0.004886261774058577,0.00500736420002,5.58094910001e-05,0.004886261774058577,0.00500736420002,-2.169925290327517,4.708575765602958,False,False
uniform,saxs,71,q=0.1123917778,0.005248216803347281,0.00537149764983,5.5893579744e-05,0.005248216803347281,0.00537149764983,-2.2056351918657118,4.864826599596495,False,False
uniform,saxs,72,q=0.1173415,0.005466594225941422,0.00549024236661,5.2197583734e-05,0.005466594225941422,0.00549024236661,-0.4530504858058186,0.20525474268888821,False,False
uniform,saxs,73,q=0.122428579,0.005540347288702928,0.00545602938942,4.92090323023e-05,0.005540347288702928,0.00545602938942,1.7134638772196928,2.9359584585367426,False,False
uniform,saxs,74,q=0.1277905,0.005475994100418409,0.005227522185,4.64202730274e-05,0.005475994100418409,0.005227522185,5.3526595001228605,28.65096372425551,False,False
uniform,saxs,75,q=0.1334276667,0.005289760828451884,0.00500287584286,4.39849978625e-05,0.005289760828451884,0.00500287584286,6.522337149786956,42.540881895491026,False,False
uniform,saxs,76,q=0.1393395,0.00501082370711297,0.00467894770908,4.17291489963e-05,0.00501082370711297,0.00467894770908,7.953097679092298,63.25176269318329,False,False
uniform,saxs,77,q=0.1455265217,0.004676337531380753,0.00438762202175,3.97208548002e-05,0.004676337531380753,0.00438762202175,7.268612699374711,52.83273057351133,False,False
uniform,saxs,78,q=0.151851,0.004329675606694561,0.0040085898,3.88235519068e-05,0.004329675606694561,0.0040085898,8.270387198609768,68.39930441492832,False,False
uniform,saxs,79,q=0.1583128333,0.0039972432635983265,0.00384026323752,3.72166012535e-05,0.0039972432635983265,0.00384026323752,4.2180108013910385,17.79161512065147,False,False
uniform,saxs,80,q=0.16505,0.003685410962343096,0.003625369068,3.68075140778e-05,0.003685410962343096,0.003625369068,1.6312401379833872,2.66094438776806,False,False
uniform,saxs,81,q=0.1720615385,0.0033956720418410035,0.00342677787693,3.66493890669e-05,0.0033956720418410035,0.00342677787693,-0.8487408898471924,0.720361098098604,False,False
uniform,saxs,82,q=0.1794861071,0.0031140350711297065,0.00331399839641,3.38619221769e-05,0.0031140350711297065,0.00331399839641,-5.905256182317525,34.87205057879935,False,False
uniform,saxs,83,q=0.187323,0.0028272071548117164,0.00312834914481,3.2840345416e-05,0.0028272071548117164,0.00312834914481,-9.169878884756352,84.0866787611004,False,False
uniform,saxs,84,q=0.1954345667,0.0025280794476987443,0.00292031014998,3.21036699082e-05,0.0025280794476987443,0.00292031014998,-12.217628184031106,149.27043844323123,False,False
uniform,saxs,85,q=0.2038214516,0.0022134265857740583,0.00249302707742,3.12943977175e-05,0.0022134265857740583,0.00249302707742,-8.934522216083034,79.82568722968128,False,False
uniform,saxs,86,q=0.21248325,0.001891832410041841,0.00209475774375,3.0315963712e-05,0.001891832410041841,0.00209475774375,-6.693679133407687,44.805340341017484,False,False
uniform,saxs,87,q=0.2215575,0.0015762436987447697,0.00169647240001,2.97022071986e-05,0.0015762436987447697,0.00169647240001,-4.047803601306009,16.384713994745894,False,False
uniform,saxs,88,q=0.231044,0.0012889162175732216,0.00137892036859,3.0449015241e-05,0.0012889162175732216,0.00137892036859,-2.955896941310161,8.737326727646765,False,False
uniform,saxs,89,q=0.2408056944,0.0010521971631799166,0.001065064875,2.91571341365e-05,0.0010521971631799166,0.001065064875,-0.4413229283729649,0.19476592710768909,False,False
uniform,amide,0,0:445-GLY-H--446-GLU-H,0.044911941564645966,0.023323615160349854,0.005997501041232819,2.813278474479634,3.5,3.5995535900496507,0.0,False,False
uniform,amide,1,1:445-GLY-H--447-GLU-H,0.01272994392148586,0.011739293764087149,0.0024012191790178257,4.2827675475508356,4.4,0.4125613213717202,0.0,False,False
uniform,amide,2,2:444-LEU-H--445-GLY-H,0.04829816358065929,0.023323615160349854,0.005997501041232819,2.745932099686015,3.5,4.164159080358539,0.0,False,False
uniform,amide,3,3:444-LEU-H--446-GLU-H,0.012589421444686322,0.011739293764087149,0.0024012191790178257,4.298643302406111,4.4,0.35404001768256005,0.0,False,False
uniform,amide,4,4:444-LEU-H--445-GLY-H,0.04829816358065929,0.023323615160349854,0.005997501041232819,2.745932099686015,3.5,4.164159080358539,0.0,False,False
uniform,amide,5,5:444-LEU-H--447-GLU-H,0.008980797727037922,0.011739293764087149,0.0024012191790178257,4.81092250939114,4.4,-1.1487897736088961,1.3197179439483788,True,True
uniform,amide,6,6:446-GLU-H--447-GLU-H,0.04667945957244276,0.023323615160349854,0.005997501041232819,2.777312359659299,3.5,3.8942626689885467,0.0,False,False
uniform,amide,7,7:451-ARG-H--452-ALA-H,0.04368564507963579,0.023323615160349854,0.005997501041232819,2.8393597110764275,3.5,3.3950856830698295,0.0,False,False
uniform,amide,8,8:450-ASP-H--452-ALA-H,0.012574078608233523,0.011739293764087149,0.0024012191790178257,4.300390987095061,4.4,0.34765041502285,0.0,False,False
uniform,amide,9,9:452-ALA-H--454-ALA-H,0.012406680606113036,0.011739293764087149,0.0024012191790178257,4.319645754543457,4.4,0.2779366614499845,0.0,False,False
uniform,amide,10,10:452-ALA-H--453-ARG-H,0.044085478232086604,0.023323615160349854,0.005997501041232819,2.8307497734561875,3.5,3.4617523080027737,0.0,False,False
uniform,amide,11,11:453-ARG-H--455-HIS-H,0.012232821894512136,0.011739293764087149,0.0024012191790178257,4.340013853468227,4.4,0.2055323123925969,0.0,False,False
uniform,amide,12,12:453-ARG-H--454-ALA-H,0.04429608149127653,0.023323615160349854,0.005997501041232819,2.826256430606651,3.5,3.4968674764274272,0.0,False,False
uniform,amide,13,13:454-ALA-H--455-HIS-H,0.04420815684040565,0.023323615160349854,0.005997501041232819,2.828128883306358,3.5,3.4822072620704154,0.0,False,False
uniform,amide,14,14:466-TYR-H--467-SER-H,0.04966852054522049,0.023323615160349854,0.005997501041232819,2.7204427568895784,3.5,4.3926470714635,0.0,False,False
uniform,amide,15,15:462-HIS-H--463-LEU-H,0.06344888935731516,0.023323615160349854,0.005997501041232819,2.5072173927866266,3.5,6.690332176869008,0.0,False,False
uniform,amide,16,16:361-ARG-H--362-GLU-H,0.043474904795643615,0.023323615160349854,0.005997501041232819,2.8439401560304205,3.5,3.3599476676625226,0.0,False,False
uniform,amide,17,17:363-GLN-H--364-LEU-H,0.04976976863312799,0.023323615160349854,0.005997501041232819,2.7185967459165936,3.5,4.409528783898633,0.0,False,False
uniform,amide,18,18:363-GLN-H--365-GLY-H,0.011349280505228114,0.011739293764087149,0.0024012191790178257,4.449834819272649,4.4,-0.1624230150529459,0.02638123581888949,True,False
uniform,amide,19,19:364-LEU-H--365-GLY-H,0.04582706236470253,0.023323615160349854,0.005997501041232819,2.7944263024201135,3.5,3.7521372734479703,0.0,False,False
uniform,amide,20,20:367-VAL-H--368-THR-H,0.05060835426690422,0.023323615160349854,0.005997501041232819,2.7034972268485506,3.5,4.549351291308128,0.0,False,False
uniform,amide,21,21:359-LYS-H--361-ARG-H,0.012610395882243866,0.011739293764087149,0.0024012191790178257,4.296258718020631,4.4,0.36277492940608014,0.0,False,False
uniform,amide,22,22:361-ARG-H--363-GLN-H,0.012525518364583434,0.011739293764087149,0.0024012191790178257,4.305941222994773,4.4,0.3274272533579694,0.0,False,False
uniform,amide,23,23:362-GLU-H--364-LEU-H,0.01232982469871708,0.011739293764087149,0.0024012191790178257,4.32860243422088,4.4,0.24592962599585644,0.0,False,False
uniform,amide,24,24:360-LEU-H--361-ARG-H,0.045167367528975245,0.023323615160349854,0.005997501041232819,2.80796532301796,3.5,3.6421423220187203,0.0,False,False
uniform,amide,25,25:367-VAL-H--369-GLN-H,0.013976044622807856,0.011739293764087149,0.0024012191790178257,4.151501894715716,4.4,0.9315063273964054,0.0,False,False
uniform,amide,26,26:368-THR-H--369-GLN-H,0.05009870776458593,0.023323615160349854,0.005997501041232819,2.7126337365506705,3.5,4.464374815470196,0.0,False,False
uniform,amide,27,27:369-GLN-H--370-GLU-H,0.04497880330837713,0.023323615160349854,0.005997501041232819,2.811883788000969,3.5,3.610701857181492,0.0,False,False
uniform,amide,28,28:368-THR-H--370-GLU-H,0.012063439062033849,0.011739293764087149,0.0024012191790178257,4.360232239495182,4.4,0.1349919660725372,0.0,False,False
uniform,amide,29,29:367-VAL-H--369-GLN-H,0.013976044622807856,0.011739293764087149,0.0024012191790178257,4.151501894715716,4.4,0.9315063273964054,0.0,False,False
uniform,amide,30,30:375-LEU-H--376-GLU-H,0.043249886480710306,0.023323615160349854,0.005997501041232819,2.8488637296857924,3.5,3.3224289889017675,0.0,False,False
uniform,amide,31,31:376-GLU-H--377-LYS-H,0.041717091255796666,0.023323615160349854,0.005997501041232819,2.8833364810427695,3.5,3.066856673969986,0.0,False,False
uniform,amide,32,32:375-LEU-H--377-LYS-H,0.01195872134098949,0.011739293764087149,0.0024012191790178257,4.372922205271571,4.4,0.09138173591970647,0.0,False,False
uniform,amide,33,33:373-ASP-H--374-ASN-H,0.04489489543489343,0.023323615160349854,0.005997501041232819,2.813634487053127,3.5,3.596711384665218,0.0,False,False
uniform,amide,34,34:373-ASP-H--376-GLU-H,0.00928456351705188,0.011739293764087149,0.0024012191790178257,4.757872898249654,4.4,-1.0222849577768787,1.0450665348968746,True,True
uniform,amide,35,35:493-HIS-H--494-ALA-H,0.04503936427253199,0.023323615160349854,0.005997501041232819,2.810622914847226,3.5,3.6207995568298132,0.0,False,False
uniform,amide,36,36:493-HIS-H--495-LYS-H,0.011797353977592009,0.011739293764087149,0.0024012191790178257,4.392769983947023,4.4,0.024179472666301327,0.0,False,False
uniform,amide,37,37:491-GLU-H--493-HIS-H,0.012955369192567387,0.011739293764087149,0.0024012191790178257,4.257781808475073,4.4,0.5064408276872298,0.0,False,False
uniform,amide,38,38:373-ASP-H--374-ASN-H,0.04489489543489343,0.023323615160349854,0.005997501041232819,2.813634487053127,3.5,3.596711384665218,0.0,False,False
uniform,amide,39,39:373-ASP-H--375-LEU-H,0.013091434439382127,0.011739293764087149,0.0024012191790178257,4.242979384109392,4.4,0.5631058951678231,0.0,False,False
uniform,amide,40,40:373-ASP-H--376-GLU-H,0.00928456351705188,0.011739293764087149,0.0024012191790178257,4.757872898249654,4.4,-1.0222849577768787,1.0450665348968746,True,True
uniform,amide,41,41:374-ASN-H--376-GLU-H,0.01257087917500765,0.011739293764087149,0.0024012191790178257,4.300755789124765,4.4,0.3463179947032767,0.0,False,False
uniform,amide,42,42:377-LYS-H--378-GLU-H,0.04412804657767171,0.023323615160349854,0.005997501041232819,2.829839248201946,3.5,3.4688499884020687,0.0,False,False
uniform,amide,43,43:381-GLY-H--382-LEU-H,0.047434223380429644,0.023323615160349854,0.005997501041232819,2.7625028527703854,3.5,4.020109051139693,0.0,False,False
uniform,amide,44,44:463-LEU-H--464-ALA-H,0.03911811613866292,0.023323615160349854,0.005997501041232819,2.9458277983886783,3.5,2.6335136700645614,0.0,False,False
uniform,amide,45,45:532-ALA-H--533-LEU-H,0.04603353254553511,0.023323615160349854,0.005997501041232819,2.790242175237727,3.5,3.7865633084604036,0.0,False,False
uniform,amide,46,46:531-SER-H--532-ALA-H,0.04443881768630179,0.023323615160349854,0.005997501041232819,2.8232272337975157,3.5,3.520666754500737,0.0,False,False
uniform,amide,47,47:531-SER-H--532-ALA-H,0.04443881768630179,0.023323615160349854,0.005997501041232819,2.8232272337975157,3.5,3.520666754500737,0.0,False,False
uniform,amide,48,48:530-LEU-H--532-ALA-H,0.012246084784383866,0.011739293764087149,0.0024012191790178257,4.338446497602572,4.4,0.2110557106677827,0.0,False,False
uniform,amide,49,49:536-TYR-H--537-THR-H,0.04697630565724626,0.023323615160349854,0.005997501041232819,2.7714499930847833,3.5,3.9437576307672417,0.0,False,False
uniform,amide,50,50:537-THR-H--538-LYS-H,0.04742528677333516,0.023323615160349854,0.005997501041232819,2.7626763597310076,3.5,4.01861899602623,0.0,False,False
uniform,amide,51,51:537-THR-H--539-LYS-H,0.013128857310947794,0.011739293764087149,0.0024012191790178257,4.238944110866466,4.4,0.5786908413037999,0.0,False,False
uniform,amide,52,52:538-LYS-H--539-LYS-H,0.04397482255327576,0.023323615160349854,0.005997501041232819,2.8331221625328005,3.5,3.443302010445494,0.0,False,False
uniform,amide,53,53:538-LYS-H--540-LEU-H,0.01242554921449676,0.011739293764087149,0.0024012191790178257,4.31745813842276,4.4,0.2857945898509402,0.0,False,False
uniform,amide,54,54:532-ALA-H--533-LEU-H,0.04603353254553511,0.023323615160349854,0.005997501041232819,2.790242175237727,3.5,3.7865633084604036,0.0,False,False
uniform,amide,55,55:532-ALA-H--535-GLU-H,0.008981701083176995,0.011739293764087149,0.0024012191790178257,4.8107612139582105,4.4,-1.1484135663276256,1.3188537193253358,True,True
uniform,amide,56,56:386-MET-H--387-SER-H,0.047616123140310315,0.023323615160349854,0.005997501041232819,2.7589806575992717,3.5,4.050438309714242,0.0,False,False
uniform,amide,57,57:386-MET-H--388-LYS-H,0.012056342933352454,0.011739293764087149,0.0024012191790178257,4.36108752098005,4.4,0.13203674701406798,0.0,False,False
uniform,amide,58,58:386-MET-H--387-SER-H,0.047616123140310315,0.023323615160349854,0.005997501041232819,2.7589806575992717,3.5,4.050438309714242,0.0,False,False
uniform,amide,59,59:387-SER-H--388-LYS-H,0.05393639204433948,0.023323615160349854,0.005997501041232819,2.646708036197598,3.5,5.104255367948549,0.0,False,False
uniform,amide,60,60:388-LYS-H--389-ASP-H,0.027798214269290557,0.023323615160349854,0.005997501041232819,3.301117888135676,3.5,0.7460772542060159,0.0,False,False
uniform,amide,61,61:389-ASP-H--390-LEU-H,0.030388338955084,0.023323615160349854,0.005997501041232819,3.204530031941007,3.5,1.1779445716081032,0.0,False,False
uniform,amide,62,62:388-LYS-H--390-LEU-H,0.007910450788104291,0.011739293764087149,0.0024012191790178257,5.0187965291156225,4.4,-1.594541226989939,2.5425617245705805,True,True
uniform,amide,63,63:394-LYS-H--395-ALA-H,0.04504888612109653,0.023323615160349854,0.005997501041232819,2.8104248765688813,3.5,3.6223871928300544,0.0,False,False
uniform,amide,64,64:393-VAL-H--395-ALA-H,0.01287043360625584,0.011739293764087149,0.0024012191790178257,4.267127377660397,4.4,0.47106896865256687,0.0,False,False
uniform,amide,65,65:400-TYR-H--401-LEU-H,0.04815981205971902,0.023323615160349854,0.005997501041232819,2.748559052567247,3.5,4.141090885790651,0.0,False,False
uniform,amide,66,66:400-TYR-H--402-ASP-H,0.013198902391952356,0.011739293764087149,0.0024012191790178257,4.231432274803199,4.4,0.6078614732963415,0.0,False,False
uniform,amide,67,67:402-ASP-H--403-ASP-H,0.044475898833619534,0.023323615160349854,0.005997501041232819,2.8224424071432224,3.5,3.5268495208000354,0.0,False,False
uniform,amide,68,68:401-LEU-H--403-ASP-H,0.011908740651891528,0.011739293764087149,0.0024012191790178257,4.379031348590759,4.4,0.07056702248800457,0.0,False,False
uniform,amide,69,69:401-LEU-H--402-ASP-H,0.04239388934051316,0.023323615160349854,0.005997501041232819,2.8679104034025276,3.5,3.1797033546230633,0.0,False,False
uniform,amide,70,70:403-ASP-H--404-PHE-H,0.045564399862164054,0.023323615160349854,0.005997501041232819,2.799785640769587,3.5,3.708341949239993,0.0,False,False
uniform,amide,71,71:402-ASP-H--403-ASP-H,0.044475898833619534,0.023323615160349854,0.005997501041232819,2.8224424071432224,3.5,3.5268495208000354,0.0,False,False
uniform,amide,72,72:403-ASP-H--405-GLN-H,0.012226290096622492,0.011739293764087149,0.0024012191790178257,4.3407865884613,4.4,0.20281211177670994,0.0,False,False
uniform,amide,73,73:404-PHE-H--405-GLN-H,0.042835036803441646,0.023323615160349854,0.005997501041232819,2.858031110311551,3.5,3.2532585670182916,0.0,False,False
uniform,amide,74,74:404-PHE-H--406-LYS-H,0.012367019851294264,0.011739293764087149,0.0024012191790178257,4.324258496028276,4.4,0.26141973739518226,0.0,False,False
uniform,amide,75,75:405-GLN-H--406-LYS-H,0.04436483463315139,0.023323615160349854,0.005997501041232819,2.8247957055751844,3.5,3.5083311079303123,0.0,False,False
uniform,amide,76,76:406-LYS-H--407-LYS-H,0.044022466879642945,0.023323615160349854,0.005997501041232819,2.832099723070389,3.5,3.4512460401404663,0.0,False,False
uniform,amide,77,77:406-LYS-H--408-TRP-H,0.012702777055972714,0.011739293764087149,0.0024012191790178257,4.285818495233119,4.4,0.4012475413759024,0.0,False,False
uniform,amide,78,78:408-TRP-H--409-GLN-H,0.04393392601177665,0.023323615160349854,0.005997501041232819,2.8340009743886365,3.5,3.4364830801580375,0.0,False,False
uniform,amide,79,79:409-GLN-H--411-GLU-H,0.011417474886282539,0.011739293764087149,0.0024012191790178257,4.440957786362123,4.4,-0.134023116513772,0.017962195760064102,True,False
uniform,amide,80,80:413-GLU-H--414-LEU-H,0.04764399706164693,0.023323615160349854,0.005997501041232819,2.75844250927127,3.5,4.055085898959326,0.0,False,False
uniform,amide,81,81:412-MET-H--413-GLU-H,0.04309437692102554,0.023323615160349854,0.005997501041232819,2.8522864013791427,3.5,3.296499929679328,0.0,False,False
uniform,amide,82,82:409-GLN-H--411-GLU-H,0.011417474886282539,0.011739293764087149,0.0024012191790178257,4.440957786362123,4.4,-0.134023116513772,0.017962195760064102,True,False
uniform,amide,83,83:411-GLU-H--412-MET-H,0.049648415859088045,0.023323615160349854,0.005997501041232819,2.720809913732439,3.5,4.389294894282667,0.0,False,False
uniform,amide,84,84:411-GLU-H--412-MET-H,0.049648415859088045,0.023323615160349854,0.005997501041232819,2.720809913732439,3.5,4.389294894282667,0.0,False,False
uniform,amide,85,85:412-MET-H--414-LEU-H,0.012475360003440055,0.011739293764087149,0.0024012191790178257,4.311704320415018,4.4,0.3065385474948523,0.0,False,False
uniform,amide,86,86:414-LEU-H--415-TYR-H,0.04955858965188673,0.023323615160349854,0.005997501041232819,2.72245276733837,3.5,4.374317621818059,0.0,False,False
uniform,amide,87,87:447-GLU-H--448-MET-H,0.044542094135256095,0.023323615160349854,0.005997501041232819,2.8210435426984097,3.5,3.5378866679687424,0.0,False,False
uniform,amide,88,88:446-GLU-H--447-GLU-H,0.04667945957244276,0.023323615160349854,0.005997501041232819,2.777312359659299,3.5,3.8942626689885467,0.0,False,False
uniform,amide,89,89:445-GLY-H--447-GLU-H,0.01272994392148586,0.011739293764087149,0.0024012191790178257,4.2827675475508356,4.4,0.4125613213717202,0.0,False,False
uniform,amide,90,90:447-GLU-H--448-MET-H,0.044542094135256095,0.023323615160349854,0.005997501041232819,2.8210435426984097,3.5,3.5378866679687424,0.0,False,False
uniform,amide,91,91:448-MET-H--449-ARG-H,0.04392946429030103,0.023323615160349854,0.005997501041232819,2.8340969167905072,3.5,3.4357391500703316,0.0,False,False
uniform,amide,92,92:449-ARG-H--450-ASP-H,0.044146344982296734,0.023323615160349854,0.005997501041232819,2.829448210169696,3.5,3.4719009932287825,0.0,False,False
uniform,amide,93,93:450-ASP-H--451-ARG-H,0.04579755192001899,0.023323615160349854,0.005997501041232819,2.795026385853756,3.5,3.747216816664278,0.0,False,False
uniform,amide,94,94:452-ALA-H--454-ALA-H,0.012406680606113036,0.011739293764087149,0.0024012191790178257,4.319645754543457,4.4,0.2779366614499845,0.0,False,False
uniform,amide,95,95:453-ARG-H--455-HIS-H,0.012232821894512136,0.011739293764087149,0.0024012191790178257,4.340013853468227,4.4,0.2055323123925969,0.0,False,False
uniform,amide,96,96:455-HIS-H--456-VAL-H,0.043835363909542416,0.023323615160349854,0.005997501041232819,2.8361234312322723,3.5,3.4200492185285656,0.0,False,False
uniform,amide,97,97:456-VAL-H--457-ASP-H,0.045821964392811824,0.023323615160349854,0.005997501041232819,2.794529930877537,3.5,3.751287257440361,0.0,False,False
uniform,amide,98,98:457-ASP-H--458-ALA-H,0.042906804448253004,0.023323615160349854,0.005997501041232819,2.8564367351587023,3.5,3.2652248250177407,0.0,False,False
uniform,amide,99,99:456-VAL-H--458-ALA-H,0.012718595884907433,0.011739293764087149,0.0024012191790178257,4.284040920696871,4.4,0.4078353735375583,0.0,False,False
uniform,amide,100,100:457-ASP-H--458-ALA-H,0.042906804448253004,0.023323615160349854,0.005997501041232819,2.8564367351587023,3.5,3.2652248250177407,0.0,False,False
uniform,amide,101,101:455-HIS-H--456-VAL-H,0.043835363909542416,0.023323615160349854,0.005997501041232819,2.8361234312322723,3.5,3.4200492185285656,0.0,False,False
uniform,amide,102,102:456-VAL-H--457-ASP-H,0.045821964392811824,0.023323615160349854,0.005997501041232819,2.794529930877537,3.5,3.751287257440361,0.0,False,False
uniform,amide,103,103:455-HIS-H--457-ASP-H,0.012318728237565652,0.011739293764087149,0.0024012191790178257,4.3299017499971795,4.4,0.2413084480340983,0.0,False,False
uniform,amide,104,104:459-LEU-H--460-ARG-H,0.043574601127904,0.023323615160349854,0.005997501041232819,2.8417695726727636,3.5,3.37657064639566,0.0,False,False
uniform,amide,105,105:457-ASP-H--459-LEU-H,0.012342089919067356,0.011739293764087149,0.0024012191790178257,4.327168078030139,4.4,0.2510375396996326,0.0,False,False
uniform,amide,106,106:460-ARG-H--461-THR-H,0.04587625902288664,0.023323615160349854,0.005997501041232819,2.7934270520449336,3.5,3.760340132913252,0.0,False,False
uniform,amide,107,107:461-THR-H--462-HIS-H,0.052503855730702834,0.023323615160349854,0.005997501041232819,2.6705636540833138,3.5,4.865399833987327,0.0,False,False
uniform,amide,108,108:461-THR-H--463-LEU-H,0.01314570856066536,0.011739293764087149,0.0024012191790178257,4.237132060709949,4.4,0.5857086303772899,0.0,False,False
uniform,amide,109,109:462-HIS-H--463-LEU-H,0.06344888935731516,0.023323615160349854,0.005997501041232819,2.5072173927866266,3.5,6.690332176869008,0.0,False,False
uniform,amide,110,110:470-LEU-H--471-ARG-H,0.0433856591185781,0.023323615160349854,0.005997501041232819,2.8458888455069022,3.5,3.3450671905351403,0.0,False,False
uniform,amide,111,111:472-GLN-H--473-ARG-H,0.04512190231740744,0.023323615160349854,0.005997501041232819,2.808908116326955,3.5,3.6345616294510603,0.0,False,False
uniform,amide,112,112:474-LEU-H--475-ALA-H,0.04534598953253767,0.023323615160349854,0.005997501041232819,2.80427352717995,3.5,3.671925060251594,0.0,False,False
uniform,amide,113,113:473-ARG-H--474-LEU-H,0.044803636566250325,0.023323615160349854,0.005997501041232819,2.8155435208001287,3.5,3.5814952358032666,0.0,False,False
uniform,amide,114,114:471-ARG-H--472-GLN-H,0.042862932301566195,0.023323615160349854,0.005997501041232819,2.857410966837851,3.5,3.2579097538930863,0.0,False,False
uniform,amide,115,115:470-LEU-H--471-ARG-H,0.0433856591185781,0.023323615160349854,0.005997501041232819,2.8458888455069022,3.5,3.3450671905351403,0.0,False,False
uniform,amide,116,116:475-ALA-H--476-ALA-H,0.043658125716193555,0.023323615160349854,0.005997501041232819,2.8399561709461794,3.5,3.3904972114292176,0.0,False,False
uniform,amide,117,117:476-ALA-H--477-ARG-H,0.044853020278664175,0.023323615160349854,0.005997501041232819,2.8145098256267413,3.5,3.5897292839633814,0.0,False,False
uniform,amide,118,118:477-ARG-H--478-LEU-H,0.04537701403157513,0.023323615160349854,0.005997501041232819,2.803634282704483,3.5,3.6770979645702706,0.0,False,False
uniform,amide,119,119:466-TYR-H--467-SER-H,0.04966852054522049,0.023323615160349854,0.005997501041232819,2.7204427568895784,3.5,4.3926470714635,0.0,False,False
uniform,amide,120,120:467-SER-H--468-ASP-H,0.0420681074725175,0.023323615160349854,0.005997501041232819,2.8752945538991916,3.5,3.1253837528829527,0.0,False,False
uniform,amide,121,121:470-LEU-H--472-GLN-H,0.012128000940319123,0.011739293764087149,0.0024012191790178257,4.352481421492919,4.4,0.16187909026737293,0.0,False,False
uniform,amide,122,122:472-GLN-H--473-ARG-H,0.04512190231740744,0.023323615160349854,0.005997501041232819,2.808908116326955,3.5,3.6345616294510603,0.0,False,False
uniform,amide,123,123:479-GLU-H--480-ALA-H,0.04351377974874533,0.023323615160349854,0.005997501041232819,2.8430929839304153,3.5,3.36642952616233,0.0,False,False
uniform,amide,124,124:480-ALA-H--481-LEU-H,0.045701256070220984,0.023323615160349854,0.005997501041232819,2.796988116201602,3.5,3.7311608211528187,0.0,False,False
uniform,amide,125,125:478-LEU-H--479-GLU-H,0.04462323732776287,0.023323615160349854,0.005997501041232819,2.8193325703972887,3.5,3.551416168330462,0.0,False,False
uniform,amide,126,126:476-ALA-H--478-LEU-H,0.01284174019503443,0.011739293764087149,0.0024012191790178257,4.270303150833212,4.4,0.4591194508941981,0.0,False,False
uniform,amide,127,127:478-LEU-H--480-ALA-H,0.01268387690345851,0.011739293764087149,0.0024012191790178257,4.287946194392504,4.4,0.39337647626058225,0.0,False,False
uniform,amide,128,128:480-ALA-H--481-LEU-H,0.045701256070220984,0.023323615160349854,0.005997501041232819,2.796988116201602,3.5,3.7311608211528187,0.0,False,False
uniform,amide,129,129:485-GLY-H--486-GLY-H,0.0441298941362392,0.023323615160349854,0.005997501041232819,2.8297997559498502,3.5,3.469158043132662,0.0,False,False
uniform,amide,130,130:486-GLY-H--487-ALA-H,0.043062635402555165,0.023323615160349854,0.005997501041232819,2.85298703713173,3.5,3.2912074723288165,0.0,False,False
uniform,amide,131,131:486-GLY-H--488-ARG-H,0.01180891622593658,0.011739293764087149,0.0024012191790178257,4.391335844917831,4.4,0.028994630085333605,0.0,False,False
uniform,amide,132,132:484-ASN-H--485-GLY-H,0.05778772411344475,0.023323615160349854,0.005997501041232819,2.5865535239096538,3.5,5.746411499748671,0.0,False,False
uniform,amide,133,133:485-GLY-H--486-GLY-H,0.0441298941362392,0.023323615160349854,0.005997501041232819,2.8297997559498502,3.5,3.469158043132662,0.0,False,False
uniform,amide,134,134:485-GLY-H--487-ALA-H,0.011152670000138462,0.011739293764087149,0.0024012191790178257,4.47583137211088,4.4,-0.24430246479566872,0.059683694305238955,True,False
uniform,amide,135,135:484-ASN-H--486-GLY-H,0.010722092913770772,0.011739293764087149,0.0024012191790178257,4.534960178642791,4.4,-0.42361849314082384,0.1794526277309022,True,False
uniform,amide,136,136:484-ASN-H--485-GLY-H,0.05778772411344475,0.023323615160349854,0.005997501041232819,2.5865535239096538,3.5,5.746411499748671,0.0,False,False
uniform,amide,137,137:486-GLY-H--487-ALA-H,0.043062635402555165,0.023323615160349854,0.005997501041232819,2.85298703713173,3.5,3.2912074723288165,0.0,False,False
uniform,amide,138,138:488-ARG-H--490-ALA-H,0.011485426791449652,0.011739293764087149,0.0024012191790178257,4.432182357543565,4.4,-0.10572419829719015,0.011177606105583585,True,False
uniform,amide,139,139:486-GLY-H--488-ARG-H,0.01180891622593658,0.011739293764087149,0.0024012191790178257,4.391335844917831,4.4,0.028994630085333605,0.0,False,False
uniform,amide,140,140:490-ALA-H--491-GLU-H,0.044222770150055685,0.023323615160349854,0.005997501041232819,2.8278173328232032,3.5,3.484643828491924,0.0,False,False
uniform,amide,141,141:491-GLU-H--492-TYR-H,0.04577665058157579,0.023323615160349854,0.005997501041232819,2.7954517184384384,3.5,3.7437318087752414,0.0,False,False
uniform,amide,142,142:490-ALA-H--492-TYR-H,0.012464966125625107,0.011739293764087149,0.0024012191790178257,4.312902421739343,4.4,0.3022099639545527,0.0,False,False
uniform,amide,143,143:491-GLU-H--493-HIS-H,0.012955369192567387,0.011739293764087149,0.0024012191790178257,4.257781808475073,4.4,0.5064408276872298,0.0,False,False
uniform,amide,144,144:493-HIS-H--494-ALA-H,0.04503936427253199,0.023323615160349854,0.005997501041232819,2.810622914847226,3.5,3.6207995568298132,0.0,False,False
uniform,amide,145,145:494-ALA-H--495-LYS-H,0.043329989894195675,0.023323615160349854,0.005997501041232819,2.8471070981556634,3.5,3.335785120553043,0.0,False,False
uniform,amide,146,146:496-ALA-H--497-THR-H,0.04330041447616704,0.023323615160349854,0.005997501041232819,2.84775516907722,3.5,3.330853830366463,0.0,False,False
uniform,amide,147,147:495-LYS-H--496-ALA-H,0.04517930545680903,0.023323615160349854,0.005997501041232819,2.807717980863013,3.5,3.6441328056804507,0.0,False,False
uniform,amide,148,148:495-LYS-H--496-ALA-H,0.04517930545680903,0.023323615160349854,0.005997501041232819,2.807717980863013,3.5,3.6441328056804507,0.0,False,False
uniform,amide,149,149:494-ALA-H--496-ALA-H,0.012857510830732265,0.011739293764087149,0.0024012191790178257,4.268556494745376,4.4,0.4656872127360327,0.0,False,False
uniform,amide,150,150:493-HIS-H--495-LYS-H,0.011797353977592009,0.011739293764087149,0.0024012191790178257,4.392769983947023,4.4,0.024179472666301327,0.0,False,False
uniform,amide,151,151:493-HIS-H--496-ALA-H,0.009336631288347708,0.011739293764087149,0.0024012191790178257,4.749011965698922,4.4,-1.0006010682965665,1.0012024978762302,True,True
uniform,amide,152,152:496-ALA-H--497-THR-H,0.04330041447616704,0.023323615160349854,0.005997501041232819,2.84775516907722,3.5,3.330853830366463,0.0,False,False
uniform,amide,153,153:495-LYS-H--497-THR-H,0.011636682506756355,0.011739293764087149,0.0024012191790178257,4.4128951107821015,4.4,-0.04273298257294687,0.001826107799579781,True,False
uniform,amide,154,154:497-THR-H--498-GLU-H,0.04518951179280359,0.023323615160349854,0.005997501041232819,2.807506584681005,3.5,3.6458345704528767,0.0,False,False
uniform,amide,155,155:497-THR-H--498-GLU-H,0.04518951179280359,0.023323615160349854,0.005997501041232819,2.807506584681005,3.5,3.6458345704528767,0.0,False,False
uniform,amide,156,156:498-GLU-H--499-HIS-H,0.04347691393792388,0.023323615160349854,0.005997501041232819,2.843896347581976,3.5,3.3602826642330035,0.0,False,False
uniform,amide,157,157:496-ALA-H--498-GLU-H,0.012309318951707223,0.011739293764087149,0.0024012191790178257,4.331004732947057,4.4,0.23738990284644998,0.0,False,False
uniform,amide,158,158:499-HIS-H--500-LEU-H,0.04264153612024406,0.023323615160349854,0.005997501041232819,2.862347688326571,3.5,3.220995015604583,0.0,False,False
uniform,amide,159,159:499-HIS-H--500-LEU-H,0.04264153612024406,0.023323615160349854,0.005997501041232819,2.862347688326571,3.5,3.220995015604583,0.0,False,False
uniform,amide,160,160:498-GLU-H--499-HIS-H,0.04347691393792388,0.023323615160349854,0.005997501041232819,2.843896347581976,3.5,3.3602826642330035,0.0,False,False
uniform,amide,161,161:500-LEU-H--501-SER-H,0.04565978350137493,0.023323615160349854,0.005997501041232819,2.79783469036962,3.5,3.72424584630564,0.0,False,False
uniform,amide,162,162:501-SER-H--503-LEU-H,0.012809888766057787,0.011739293764087149,0.0024012191790178257,4.273839551051321,4.4,0.44585476050068235,0.0,False,False
uniform,amide,163,163:503-LEU-H--504-SER-H,0.04430140520049989,0.023323615160349854,0.005997501041232819,2.8261432154606925,3.5,3.497755131000017,0.0,False,False
uniform,amide,164,164:504-SER-H--505-GLU-H,0.04214420990835711,0.023323615160349854,0.005997501041232819,2.8735628113692653,3.5,3.138072777080932,0.0,False,False
uniform,amide,165,165:504-SER-H--506-LYS-H,0.012349102734361113,0.011739293764087149,0.0024012191790178257,4.326348818062479,4.4,0.2539580624719958,0.0,False,False
uniform,amide,166,166:503-LEU-H--504-SER-H,0.04430140520049989,0.023323615160349854,0.005997501041232819,2.8261432154606925,3.5,3.497755131000017,0.0,False,False
uniform,amide,167,167:507-ALA-H--508-LYS-H,0.042648317077837845,0.023323615160349854,0.005997501041232819,2.8621959786508135,3.5,3.2221256461033803,0.0,False,False
uniform,amide,168,168:505-GLU-H--506-LYS-H,0.04944512138216702,0.023323615160349854,0.005997501041232819,2.7245337006818655,3.5,4.355398363790488,0.0,False,False
uniform,amide,169,169:506-LYS-H--507-ALA-H,0.057735715090688575,0.023323615160349854,0.005997501041232819,2.5873299569340014,3.5,5.737739717551617,0.0,False,False
uniform,amide,170,170:517-GLY-H--519-LEU-H,0.011929606281273712,0.011739293764087149,0.0024012191790178257,4.3764767918522,4.4,0.07925662049076514,0.0,False,False
uniform,amide,171,171:517-GLY-H--518-LEU-H,0.060203123359080526,0.023323615160349854,0.005997501041232819,2.5514887567603877,3.5,6.149145776746692,0.0,False,False
uniform,amide,172,172:516-GLN-H--518-LEU-H,0.012678502985828842,0.011739293764087149,0.0024012191790178257,4.288551939270489,4.4,0.3911384807970169,0.0,False,False
uniform,amide,173,173:519-LEU-H--521-VAL-H,0.011347918553190872,0.011739293764087149,0.0024012191790178257,4.450012831922601,4.4,-0.16299020693994373,0.02656580755832568,True,False
uniform,amide,174,174:521-VAL-H--522-LEU-H,0.052076805463498285,0.023323615160349854,0.005997501041232819,2.6778436809389192,3.5,4.79419513318468,0.0,False,False
uniform,amide,175,175:518-LEU-H--519-LEU-H,0.04590934191498599,0.023323615160349854,0.005997501041232819,2.7927558970453936,3.5,3.765856245686206,0.0,False,False
uniform,amide,176,176:518-LEU-H--519-LEU-H,0.04590934191498599,0.023323615160349854,0.005997501041232819,2.7927558970453936,3.5,3.765856245686206,0.0,False,False
uniform,amide,177,177:521-VAL-H--523-GLU-H,0.012299649711257273,0.011739293764087149,0.0024012191790178257,4.33213936030276,4.4,0.2333630982405059,0.0,False,False
uniform,amide,178,178:521-VAL-H--522-LEU-H,0.052076805463498285,0.023323615160349854,0.005997501041232819,2.6778436809389192,3.5,4.79419513318468,0.0,False,False
uniform,amide,179,179:522-LEU-H--523-GLU-H,0.04290757020552374,0.023323615160349854,0.005997501041232819,2.856419742429135,3.5,3.2653525044071188,0.0,False,False
uniform,amide,180,180:523-GLU-H--524-SER-H,0.04678133195541056,0.023323615160349854,0.005997501041232819,2.7752949092609343,3.5,3.9112484739542195,0.0,False,False
uniform,amide,181,181:525-PHE-H--526-LYS-H,0.04341057744125294,0.023323615160349854,0.005997501041232819,2.845344213654685,3.5,3.349221974753356,0.0,False,False
uniform,amide,182,182:523-GLU-H--525-PHE-H,0.01246793517456199,0.011739293764087149,0.0024012191790178257,4.31256004387802,4.4,0.30344643955945644,0.0,False,False
uniform,amide,183,183:522-LEU-H--524-SER-H,0.012613343761884175,0.011739293764087149,0.0024012191790178257,4.295923997357315,4.4,0.3640025889492268,0.0,False,False
uniform,amide,184,184:522-LEU-H--523-GLU-H,0.04290757020552374,0.023323615160349854,0.005997501041232819,2.856419742429135,3.5,3.2653525044071188,0.0,False,False
uniform,amide,185,185:523-GLU-H--524-SER-H,0.04678133195541056,0.023323615160349854,0.005997501041232819,2.7752949092609343,3.5,3.9112484739542195,0.0,False,False
uniform,amide,186,186:525-PHE-H--526-LYS-H,0.04341057744125294,0.023323615160349854,0.005997501041232819,2.845344213654685,3.5,3.349221974753356,0.0,False,False
uniform,amide,187,187:526-LYS-H--527-VAL-H,0.03938338181229338,0.023323615160349854,0.005997501041232819,2.939199046357855,3.5,2.677743036896973,0.0,False,False
uniform,amide,188,188:526-LYS-H--527-VAL-H,0.03938338181229338,0.023323615160349854,0.005997501041232819,2.939199046357855,3.5,2.677743036896973,0.0,False,False
uniform,amide,189,189:521-VAL-H--523-GLU-H,0.012299649711257273,0.011739293764087149,0.0024012191790178257,4.33213936030276,4.4,0.2333630982405059,0.0,False,False
uniform,amide,190,190:527-VAL-H--528-SER-H,0.048794947508087355,0.023323615160349854,0.005997501041232819,2.736581468047222,3.5,4.246990900480399,0.0,False,False
uniform,amide,191,191:527-VAL-H--528-SER-H,0.048794947508087355,0.023323615160349854,0.005997501041232819,2.736581468047222,3.5,4.246990900480399,0.0,False,False
uniform,amide,192,192:528-SER-H--529-PHE-H,0.04465351887381354,0.023323615160349854,0.005997501041232819,2.81869512115794,3.5,3.556465195557383,0.0,False,False
uniform,amide,193,193:536-TYR-H--537-THR-H,0.04697630565724626,0.023323615160349854,0.005997501041232819,2.7714499930847833,3.5,3.9437576307672417,0.0,False,False
uniform,amide,194,194:537-THR-H--538-LYS-H,0.04742528677333516,0.023323615160349854,0.005997501041232819,2.7626763597310076,3.5,4.01861899602623,0.0,False,False
uniform,amide,195,195:536-TYR-H--538-LYS-H,0.011951041120192891,0.011739293764087149,0.0024012191790178257,4.373858743378239,4.4,0.08818326871450087,0.0,False,False
uniform,amide,196,196:536-TYR-H--538-LYS-H,0.011951041120192891,0.011739293764087149,0.0024012191790178257,4.373858743378239,4.4,0.08818326871450087,0.0,False,False
uniform,amide,197,197:535-GLU-H--537-THR-H,0.013422853621492637,0.011739293764087149,0.0024012191790178257,4.207767310039221,4.4,0.7011271074780091,0.0,False,False
uniform,amide,198,198:370-GLU-H--371-PHE-H,0.046174369561551326,0.023323615160349854,0.005997501041232819,2.7874024353730786,3.5,3.8100459248114404,0.0,False,False
uniform,amide,199,199:419-VAL-H--420-GLU-H,0.044805816030800735,0.023323615160349854,0.005997501041232819,2.8154978684173493,3.5,3.5818586312467064,0.0,False,False
uniform,amide,200,200:503-LEU-H--505-GLU-H,0.011527929663179115,0.011739293764087149,0.0024012191790178257,4.426728574848484,4.4,-0.08802366012855543,0.00774816474242744,True,False
uniform,amide,201,201:372-TRP-HD1--373-ASP-H,0.013515269667554548,0.006010518407212622,0.0009835393757257017,4.198154604066702,5.5,7.63035161129626,0.0,False,False
uniform,amide,202,202:492-TYR-QD--493-HIS-H,0.009701004849680823,0.0022512637902654935,0.0002655488088124435,4.6887933537046536,7.63,28.05413096270774,0.0,False,False
uniform,amide,203,203:525-PHE-QD--526-LYS-H,0.01322847279131854,0.0022512637902654935,0.0002655488088124435,4.228276997711739,7.63,41.33782053154011,0.0,False,False
uniform,amide,204,204:525-PHE-QD--527-VAL-H,0.003636799858535897,0.0022512637902654935,0.0002655488088124435,6.502697221088973,7.63,5.217632398603619,0.0,False,False
uniform,amide,205,205:400-TYR-QD--402-ASP-H,0.0035622433944416357,0.0022512637902654935,0.0002655488088124435,6.547750716023625,7.63,4.936868706129591,0.0,False,False
uniform,amide,206,206:400-TYR-QD--401-LEU-H,0.011887156363408802,0.0022512637902654935,0.0002655488088124435,4.3816801773764675,7.63,36.286709837772676,0.0,False,False
uniform,amide,207,207:408-TRP-HD1--409-GLN-H,0.012334384684479083,0.006010518407212622,0.0009835393757257017,4.328068944606836,5.5,6.429703205934602,0.0,False,False
uniform,amide,208,208:371-PHE-QD--372-TRP-HE1,0.001644956739159457,0.0022512637902654935,0.0002655488088124435,8.47126965639889,7.63,-2.2832226354826908,5.213105603180524,True,True
uniform,amide,209,209:451-ARG-QD--452-ALA-H,0.005417258486176068,0.003850684739542303,0.0005432000416282245,5.69386038348213,6.38,2.8839720666036968,0.0,False,False
uniform,amide,210,210:464-ALA-H--466-TYR-QD,0.0024036701650949916,0.0022512637902654935,0.0002655488088124435,7.465204497240176,7.63,0.5739298003672927,0.0,False,False
uniform,amide,211,211:466-TYR-QD--467-SER-H,0.012485910668196024,0.0022512637902654935,0.0002655488088124435,4.31048950670697,7.63,38.54149044652367,0.0,False,False
uniform,amide,212,212:470-LEU-H--472-GLN-1HE2,0.0019385597620063142,0.006010518407212622,0.0009835393757257017,8.019985849253084,5.5,-4.140107397532331,17.14048926310193,True,True
uniform,amide,213,213:400-TYR-QD--403-ASP-H,0.004429485994025797,0.0022512637902654935,0.0002655488088124435,6.089040869939947,7.63,8.20271879019716,0.0,False,False
uniform,amide,214,214:477-ARG-QD--478-LEU-H,0.005425585050648325,0.003850684739542303,0.0005432000416282245,5.690946131278475,6.38,2.8993007923661227,0.0,False,False
uniform,amide,215,215:524-SER-H--525-PHE-QD,0.0037728489617091148,0.0022512637902654935,0.0002655488088124435,6.423575901990283,7.63,5.729964213540544,0.0,False,False
uniform,amide,216,216:370-GLU-H--371-PHE-QD,0.003492749029669003,0.0022512637902654935,0.0002655488088124435,6.590892170001667,7.63,4.675167796668097,0.0,False,False
uniform,amide,217,217:491-GLU-H--492-TYR-QD,0.00575580827657299,0.0022512637902654935,0.0002655488088124435,5.579961813921743,7.63,13.197364740516488,0.0,False,False
uniform,amide,218,218:492-TYR-QD--494-ALA-H,0.0034183846525280936,0.0022512637902654935,0.0002655488088124435,6.638343024008962,7.63,4.3951274625635195,0.0,False,False
uniform,amide,219,219:357-PHE-QD--359-LYS-H,0.003945898543567715,0.0022512637902654935,0.0002655488088124435,6.328265552763083,7.63,6.381631914979283,0.0,False,False
uniform,amide,220,220:372-TRP-HE1--373-ASP-H,0.003659339180136686,0.006010518407212622,0.0009835393757257017,6.489318818519783,5.5,-2.390528823862416,5.714628057717025,True,True
uniform,amide,221,221:372-TRP-HE1--373-ASP-H,0.003659339180136686,0.006010518407212622,0.0009835393757257017,6.489318818519783,5.5,-2.390528823862416,5.714628057717025,True,True
uniform,amide,222,222:368-THR-QG2--372-TRP-HE1,0.004686103266128083,0.0036079226054996985,0.000498026126526032,5.975799923858602,6.52,2.1649078295333717,0.0,False,False
uniform,amide,223,223:360-LEU-QD1--361-ARG-H,0.0061905838703482235,0.0036079226054996985,0.000498026126526032,5.446148295157069,6.52,5.185794735034907,0.0,False,False
uniform,amide,224,224:364-LEU-QD1--365-GLY-H,0.004915487047065785,0.0036079226054996985,0.000498026126526032,5.8813606924919295,6.52,2.625493667745842,0.0,False,False
uniform,amide,225,225:364-LEU-QD1--368-THR-H,0.002851035537859476,0.0036079226054996985,0.000498026126526032,7.052327245008174,6.52,-1.519773817730945,2.3097124570604914,True,True
uniform,amide,226,226:367-VAL-QG1--368-THR-H,0.013564473819942496,0.0036079226054996985,0.000498026126526032,4.193072285977717,6.52,19.992025888068277,0.0,False,False
uniform,amide,227,227:375-LEU-QD1--376-GLU-H,0.005986839013388994,0.0036079226054996985,0.000498026126526032,5.507241736762143,6.52,4.776689979064679,0.0,False,False
uniform,amide,228,228:470-LEU-QD1--471-ARG-H,0.0059343789773113245,0.0036079226054996985,0.000498026126526032,5.523422196080613,6.52,4.671354067385502,0.0,False,False
uniform,amide,229,229:470-LEU-QD1--472-GLN-2HE2,0.0006416968791546889,0.0036079226054996985,0.000498026126526032,11.593734685434994,6.52,-5.955964091755263,35.473508262278095,True,True
uniform,amide,230,230:454-ALA-H--456-VAL-QG1,0.002238528769814636,0.0036079226054996985,0.000498026126526032,7.644441705906613,6.52,-2.749642564411696,7.560534232024529,True,True
uniform,amide,231,231:455-HIS-H--456-VAL-QG1,0.0028768784940752024,0.0036079226054996985,0.000498026126526032,7.031146713198499,6.52,-1.46788305369414,2.154680659322434,True,True
uniform,amide,232,232:456-VAL-QG1--457-ASP-H,0.014091993771005458,0.0036079226054996985,0.000498026126526032,4.140084314739302,6.52,21.051247328402464,0.0,False,False
uniform,amide,233,233:456-VAL-QG1--457-ASP-H,0.014091993771005458,0.0036079226054996985,0.000498026126526032,4.140084314739302,6.52,21.051247328402464,0.0,False,False
uniform,amide,234,234:470-LEU-QD1--472-GLN-2HE2,0.0006416968791546889,0.0036079226054996985,0.000498026126526032,11.593734685434994,6.52,-5.955964091755263,35.473508262278095,True,True
uniform,amide,235,235:470-LEU-QD1--472-GLN-1HE2,0.0006191639987934367,0.0036079226054996985,0.000498026126526032,11.732703649821941,6.52,-6.001208465817382,36.014503050198215,True,True
uniform,amide,236,236:470-LEU-QD1--472-GLN-H,0.002459645277602446,0.0036079226054996985,0.000498026126526032,7.408139873003278,6.52,-2.3056568054110542,5.316053304338308,True,True
uniform,amide,237,237:470-LEU-QD1--471-ARG-H,0.0059343789773113245,0.0036079226054996985,0.000498026126526032,5.523422196080613,6.52,4.671354067385502,0.0,False,False
uniform,amide,238,238:521-VAL-QG1--524-SER-H,0.0047980767899779815,0.0036079226054996985,0.000498026126526032,5.928947461261673,6.52,2.3897424674889485,0.0,False,False
uniform,amide,239,239:521-VAL-QG1--522-LEU-H,0.013045562801517053,0.0036079226054996985,0.000498026126526032,4.247946711188106,6.52,18.950090554183095,0.0,False,False
uniform,amide,240,240:521-VAL-QG1--523-GLU-H,0.003785453200298405,0.0036079226054996985,0.000498026126526032,6.416438552201407,6.52,0.3564684367807494,0.0,False,False
uniform,amide,241,241:453-ARG-QD--456-VAL-QG1,0.0022802621758751993,0.002467770911890707,0.00030013430009481567,7.597518020737219,7.4,-0.6247494403547728,0.3903118632236018,True,False
uniform,amide,242,242:470-LEU-QD1--473-ARG-H,0.0037890951502728087,0.0036079226054996985,0.000498026126526032,6.414382138708705,6.52,0.36378120569070227,0.0,False,False
uniform,amide,243,243:393-VAL-QG1--395-ALA-H,0.004363751125991902,0.0036079226054996985,0.000498026126526032,6.119463405481471,6.52,1.5176483325572996,0.0,False,False
uniform,amide,244,244:393-VAL-QG1--396-LYS-H,0.005221293616049989,0.0036079226054996985,0.000498026126526032,5.764221061730097,6.52,3.2395308692022184,0.0,False,False
uniform,amide,245,245:393-VAL-QG1--394-LYS-H,0.01685244236638779,0.0036079226054996985,0.000498026126526032,3.9004290570365057,6.52,26.59402600677777,0.0,False,False
uniform,amide,246,246:519-LEU-QD1--522-LEU-H,0.0030686426261376464,0.0036079226054996985,0.000498026126526032,6.881522943342818,6.52,-1.0828347161699834,1.1725310225429284,True,True
uniform,amide,247,247:518-LEU-H--519-LEU-QD1,0.003074583749279988,0.0036079226054996985,0.000498026126526032,6.87708761803384,6.52,-1.0709053758685343,1.1468383240641267,True,True
uniform,amide,248,248:522-LEU-QD1--523-GLU-H,0.006008978780747964,0.0036079226054996985,0.000498026126526032,5.500469698360054,6.52,4.8211450109992615,0.0,False,False
uniform,amide,249,249:522-LEU-QD1--524-SER-H,0.0024619087169190194,0.0036079226054996985,0.000498026126526032,7.4058688686307725,6.52,-2.3011119849769095,5.295116367404373,True,True
uniform,amide,250,250:522-LEU-QD1--525-PHE-QD,0.004144139800221471,0.0015450825141659923,0.00016076003037565235,6.2257049422436435,8.65,16.16731024485496,0.0,False,False
uniform,amide,251,251:521-VAL-H--522-LEU-QD1,0.002802432955633924,0.0036079226054996985,0.000498026126526032,7.092863294856779,6.52,-1.6173642444914407,2.615867099359369,True,True
uniform,amide,252,252:400-TYR-QD--401-LEU-QD1,0.0022589579024464555,0.0015450825141659923,0.00016076003037565235,7.621327438472009,8.65,4.44062735377899,0.0,False,False
uniform,amide,253,253:401-LEU-QD1--402-ASP-H,0.005788263677857884,0.0036079226054996985,0.000498026126526032,5.569513116908057,6.52,4.37796524364514,0.0,False,False
uniform,amide,254,254:470-LEU-QD1--471-ARG-QD,0.0011989706149071004,0.002467770911890707,0.00030013430009481567,9.413052629932587,7.4,-4.2274418371468325,17.871264486459385,True,True
uniform,amide,255,255:463-LEU-QD1--466-TYR-QD,0.004428119556347858,0.0015450825141659923,0.00016076003037565235,6.089667128187731,8.65,17.933792594123016,0.0,False,False
uniform,amide,256,256:463-LEU-QD1--464-ALA-H,0.006697296448158736,0.0036079226054996985,0.000498026126526032,5.305180431461739,6.52,6.203236493251635,0.0,False,False
uniform,amide,257,257:532-ALA-QB--533-LEU-H,0.02739932094080101,0.0036079226054996985,0.000498026126526032,3.317060557012689,6.52,47.77138601393782,0.0,False,False
uniform,amide,258,258:510-ALA-H--511-LEU-QD1,0.003419039887482371,0.0036079226054996985,0.000498026126526032,6.63791893299491,6.52,-0.37926266907897754,0.14384017215691003,True,False
uniform,amide,259,259:375-LEU-QD1--376-GLU-H,0.005986839013388987,0.0036079226054996985,0.000498026126526032,5.507241736762145,6.52,4.776689979064666,0.0,False,False
uniform,amide,260,260:537-THR-QG2--538-LYS-H,0.011305593513677485,0.0036079226054996985,0.000498026126526032,4.455559125343964,6.52,15.456359612843377,0.0,False,False
uniform,amide,261,261:537-THR-QG2--539-LYS-H,0.00378944960823022,0.0036079226054996985,0.000498026126526032,6.414182136076836,6.52,0.36449293131819854,0.0,False,False
uniform,amide,262,262:500-LEU-QD1--504-SER-H,0.0055018588629999424,0.0036079226054996985,0.000498026126526032,5.664525265160048,6.52,3.8028853440106567,0.0,False,False
uniform,amide,263,263:396-LYS-H--397-VAL-QG1,0.004204247790200694,0.0036079226054996985,0.000498026126526032,6.195892848352776,6.52,1.1973773120310902,0.0,False,False
uniform,amide,264,264:397-VAL-QG1--400-TYR-QD,0.00361778634289648,0.0015450825141659923,0.00016076003037565235,6.514069107645441,8.65,12.89315400032672,0.0,False,False
uniform,amide,265,265:417-GLN-H--419-VAL-QG1,0.0028658971001352747,0.0036079226054996985,0.000498026126526032,7.040115793375541,6.52,-1.4899328887430123,2.2199000129580977,True,True
uniform,amide,266,266:416-ARG-H--419-VAL-QG1,0.003224922893138579,0.0036079226054996985,0.000498026126526032,6.768517481238326,6.52,-0.769035381803609,0.5914154184658227,True,False
uniform,amide,267,267:419-VAL-QG1--420-GLU-H,0.019949523049688153,0.0036079226054996985,0.000498026126526032,3.6871360349396274,6.52,32.812737271795065,0.0,False,False
uniform,amide,268,268:519-LEU-QD1--521-VAL-H,0.0024921790519156837,0.0036079226054996985,0.000498026126526032,7.375762425783837,6.52,-2.2403313684903527,5.019084640641856,True,True
uniform,amide,269,269:519-LEU-QD1--523-GLU-H,0.003737094096755094,0.0036079226054996985,0.000498026126526032,6.443996892046143,6.52,0.25936689738835106,0.0,False,False
uniform,amide,270,270:489-LEU-QD1--492-TYR-QD,0.005101944685489895,0.0015450825141659923,0.00016076003037565235,5.808822216379553,8.65,22.125289246415825,0.0,False,False
uniform,amide,271,271:364-LEU-QD1--367-VAL-H,0.0012697045389748031,0.0036079226054996985,0.000498026126526032,9.234905221992108,6.52,-4.6949706892589615,22.042749773000768,True,True
uniform,amide,272,272:532-ALA-H--533-LEU-QD1,0.002677432765914456,0.0036079226054996985,0.000498026126526032,7.201569263775145,6.52,-1.8683554737897983,3.4907521764403016,True,True
uniform,amide,273,273:444-LEU-QD1--447-GLU-H,0.00431149780971319,0.0036079226054996985,0.000498026126526032,6.144085869238884,6.52,1.412727499099819,0.0,False,False
uniform,amide,274,274:444-LEU-QD1--446-GLU-H,0.0026464646882453785,0.0036079226054996985,0.000498026126526032,7.229550551515947,6.52,-1.930537106478618,3.7269735194908353,True,True
uniform,amide,275,275:444-LEU-QD1--445-GLY-H,0.006033960978174035,0.0036079226054996985,0.000498026126526032,5.492868063708961,6.52,4.871307434405305,0.0,False,False
uniform,amide,276,276:488-ARG-H--489-LEU-QD1,0.0024511663295865432,0.0036079226054996985,0.000498026126526032,7.416671994252697,6.52,-2.322681912256447,5.394851265523266,True,True
uniform,amide,277,277:489-LEU-QD1--490-ALA-H,0.006008992323977073,0.0036079226054996985,0.000498026126526032,5.500465565987921,6.52,4.821172204811768,0.0,False,False
uniform,amide,278,278:489-LEU-QD1--492-TYR-H,0.004781701143311159,0.0036079226054996985,0.000498026126526032,5.935707937137575,6.52,2.356861367894736,0.0,False,False
uniform,amide,279,279:489-LEU-QD1--490-ALA-QB,0.002210308739227512,0.0023328454202689143,0.0002784563498994725,7.676837593924434,7.54,-0.4400570541330455,0.19365021089225415,True,False
uniform,amide,280,280:389-ASP-H--390-LEU-QD1,0.0024711805386281676,0.0036079226054996985,0.000498026126526032,7.396595034817694,6.52,-2.2824948458042655,5.209782721123038,True,True
uniform,amide,281,281:390-LEU-QD1--391-GLU-H,0.006246304934062655,0.0036079226054996985,0.000498026126526032,5.429905516614079,6.52,5.29767855145858,0.0,False,False
uniform,amide,282,282:357-PHE-QD--360-LEU-QD1,0.0029550937690547376,0.0015450825141659923,0.00016076003037565235,6.968557874930423,8.65,8.770906870283202,0.0,False,False
uniform,amide,283,283:360-LEU-QD1--361-ARG-H,0.006190583870348229,0.0036079226054996985,0.000498026126526032,5.446148295157068,6.52,5.185794735034917,0.0,False,False
uniform,amide,284,284:514-LEU-QD1--515-ARG-H,0.006164737379065348,0.0036079226054996985,0.000498026126526032,5.4537489194265945,6.52,5.133896872842079,0.0,False,False
uniform,amide,285,285:364-LEU-QD1--367-VAL-QG1,0.0008831811563729938,0.0023328454202689143,0.0002784563498994725,10.422775942741564,7.54,-5.206073642850213,27.10320277477969,True,True
uniform,amide,286,286:530-LEU-QD1--533-LEU-QD1,0.0025976805593247447,0.0023328454202689143,0.0002784563498994725,7.27452686272565,7.54,0.9510831379907133,0.0,False,False
uniform,amide,287,287:530-LEU-QD1--533-LEU-QD1,0.0025976805593247447,0.0023328454202689143,0.0002784563498994725,7.27452686272565,7.54,0.9510831379907133,0.0,False,False
uniform,amide,288,288:417-GLN-H--419-VAL-QG1,0.0028658971001352747,0.0036079226054996985,0.000498026126526032,7.040115793375541,6.52,-1.4899328887430123,2.2199000129580977,True,True
uniform,amide,289,289:521-VAL-QG1--522-LEU-QD1,0.002358464288180688,0.0023328454202689143,0.0002784563498994725,7.512599409867654,7.54,0.0920031736429152,0.0,False,False
uniform,amide,290,290:452-ALA-QB--453-ARG-H,0.027431619309670287,0.0036079226054996985,0.000498026126526032,3.3157581947105985,6.52,47.836238773961824,0.0,False,False
uniform,amide,291,291:490-ALA-QB--491-GLU-H,0.026331767141621547,0.0036079226054996985,0.000498026126526032,3.361295272738884,6.52,45.627816144167824,0.0,False,False
uniform,methyl,0,0:64-LEU-QD2--67-VAL-QG2,0.0022076104361835043,0.001953125,0.00021972656249999998,7.679964051393099,8.0,1.158191496230704,0.0,False,False
uniform,methyl,1,1:364-LEU-QD2--367-VAL-QG2,0.0007969795534560457,0.001953125,0.00021972656249999998,10.78576466334364,8.0,-5.261746387826708,27.68597504980741,True,True
uniform,methyl,2,2:90-LEU-QD2--93-VAL-QG2,0.0032298471602840014,0.001953125,0.00021972656249999998,6.765075941602149,8.0,5.8105044094703,0.0,False,False
uniform,methyl,3,3:390-LEU-QD2--393-VAL-QG2,0.0026498405064419436,0.001953125,0.00021972656249999998,7.226479169218169,8.0,3.170829682651335,0.0,False,False
uniform,methyl,4,4:97-VAL-QG2--101-LEU-QD2,0.00398955078991611,0.001953125,0.00021972656249999998,6.305100313660499,8.0,9.268000039440428,0.0,False,False
uniform,methyl,5,5:397-VAL-QG2--401-LEU-QD2,0.0032100275724278957,0.001953125,0.00021972656249999998,6.778970527207368,8.0,5.720303262960735,0.0,False,False
uniform,methyl,6,6:119-VAL-QG2--144-LEU-QD2,0.005027974178763507,0.001953125,0.00021972656249999998,5.837169713419105,8.0,13.993980262461472,0.0,False,False
uniform,methyl,7,7:419-VAL-QG2--444-LEU-QD2,0.004957819611484967,0.001953125,0.00021972656249999998,5.8645734013539315,8.0,13.67469903182492,0.0,False,False
uniform,methyl,8,8:156-VAL-QG2--159-LEU-QD2,0.004451631146902303,0.001953125,0.00021972656249999998,6.078927201982405,8.0,11.370979086346482,0.0,False,False
uniform,methyl,9,9:456-VAL-QG2--459-LEU-QD2,0.0049288523309806535,0.001953125,0.00021972656249999998,5.876039831575738,8.0,13.542865719663064,0.0,False,False
uniform,methyl,10,10:163-LEU-QD2--159-LEU-QD2,0.0037373351701171734,0.001953125,0.00021972656249999998,6.44385833437262,8.0,8.120138729777715,0.0,False,False
uniform,methyl,11,11:463-LEU-QD2--459-LEU-QD2,0.003968492182040333,0.001953125,0.00021972656249999998,6.316233212623656,8.0,9.17215997515245,0.0,False,False
uniform,methyl,12,12:200-LEU-QD2--203-LEU-QD2,0.00906541965935645,0.001953125,0.00021972656249999998,4.795906366819719,8.0,32.368843249693356,0.0,False,False
uniform,methyl,13,13:500-LEU-QD2--503-LEU-QD2,0.006655423212252155,0.001953125,0.00021972656249999998,5.316283197026472,8.0,21.400681641538696,0.0,False,False
uniform,methyl,14,14:211-LEU-QD2--214-LEU-QD2,0.009094758900087173,0.001953125,0.00021972656249999998,4.790743692702881,8.0,32.502369394174515,0.0,False,False
uniform,methyl,15,15:511-LEU-QD2--514-LEU-QD2,0.013613765382760505,0.001953125,0.00021972656249999998,4.188005526219324,8.0,53.06887000865226,0.0,False,False
uniform,methyl,16,16:214-LEU-QD2--218-LEU-QD2,0.005168157421657941,0.001953125,0.00021972656249999998,5.7839086087969696,8.0,14.63196977678992,0.0,False,False
uniform,methyl,17,17:514-LEU-QD2--518-LEU-QD2,0.004068106036061029,0.001953125,0.00021972656249999998,6.264252359040652,8.0,9.62551369300664,0.0,False,False
uniform,methyl,18,18:218-LEU-QD2--221-VAL-QG2,0.001809447165904377,0.001953125,0.00021972656249999998,8.206375108937898,8.0,-0.6538937871729683,0.4275770849034072,True,False
uniform,methyl,19,19:218-LEU-QD2--222-LEU-QD2,0.004868095562195599,0.001953125,0.00021972656249999998,5.9003843397474025,8.0,13.266354914170195,0.0,False,False
uniform,methyl,20,20:518-LEU-QD2--521-VAL-QG2,0.0027129054616981158,0.001953125,0.00021972656249999998,7.170043327209562,8.0,3.457845301239425,0.0,False,False
uniform,methyl,21,21:518-LEU-QD2--522-LEU-QD2,0.006823087769705088,0.001953125,0.00021972656249999998,5.272375671205006,8.0,22.16374167190227,0.0,False,False
uniform,methyl,22,22:219-LEU-QD2--222-LEU-QD2,0.008313395137189476,0.001953125,0.00021972656249999998,4.936364180509501,8.0,28.94629609103122,0.0,False,False
uniform,methyl,23,23:519-LEU-QD2--522-LEU-QD2,0.0059000599963360215,0.001953125,0.00021972656249999998,5.5341108935381715,8.0,17.962939716658163,0.0,False,False
uniform,methyl,24,24:221-VAL-QG2--222-LEU-QD2,0.0013331282414707417,0.001953125,0.00021972656249999998,9.086068857745678,8.0,-2.8216741365953806,7.961844933131286,True,True
uniform,methyl,25,25:521-VAL-QG2--522-LEU-QD2,0.001940575056462833,0.001953125,0.00021972656249999998,8.017208625875455,8.0,-0.05711618747581761,0.003262258871772745,True,False
uniform,methyl,26,26:230-LEU-QD2--233-LEU-QD2,0.011705329242642476,0.001953125,0.00021972656249999998,4.404251612812277,8.0,44.3833650865151,0.0,False,False
uniform,methyl,27,27:530-LEU-QD2--533-LEU-QD2,0.007754124103739938,0.001953125,0.00021972656249999998,5.05229945989644,8.0,26.400991476576433,0.0,False,False
uniform,methyl,28,28:233-LEU-QD2--503-LEU-QD2,0.009801868077142575,0.001953125,0.00021972656249999998,4.672654989881417,8.0,35.72050182663999,0.0,False,False
uniform,methyl,29,29:533-LEU-QD2--203-LEU-QD2,0.007455164932864691,0.001953125,0.00021972656249999998,5.118950319991925,8.0,25.04039507223753,0.0,False,False
uniform,methyl,30,30:470-LEU-QD2--93-VAL-QG2,0.00042108008993673634,0.001,8.999999999999999e-05,13.341718229423062,10.0,-6.432443445147375,41.37632867501943,True,True
uniform,methyl,31,31:474-LEU-QD2--93-VAL-QG2,0.000432573577767079,0.001,8.999999999999999e-05,13.222492737247007,10.0,-6.304738024810234,39.74972156148805,True,True
uniform,methyl,32,32:214-LEU-QD2--522-LEU-QD2,0.0041135214675452276,0.001953125,0.00021972656249999998,6.241113451407061,8.0,9.83220436785028,0.0,False,False
uniform,methyl,33,33:514-LEU-QD2--222-LEU-QD2,0.007777488305487777,0.001953125,0.00021972656249999998,5.047235213771125,8.0,26.507324554753264,0.0,False,False
uniform,methyl,34,34:230-LEU-QD2--511-LEU-QD2,0.0037182650647016686,0.001953125,0.00021972656249999998,6.4548558981379465,8.0,8.03334856113115,0.0,False,False
uniform,methyl,35,35:530-LEU-QD2--211-LEU-QD2,0.005542370290992136,0.001953125,0.00021972656249999998,5.650690065130422,8.0,16.335054124337546,0.0,False,False
uniform,methyl,36,36:219-LEU-QD2--519-LEU-QD2,0.01125889621237736,0.001953125,0.00021972656249999998,4.4617105748625905,8.0,42.35159876210852,0.0,False,False
uniform,methyl,37,37:170-LEU-QD2--393-VAL-QG2,0.0005889800275971376,0.001,8.999999999999999e-05,11.929799480500613,10.0,-4.566888582254028,20.856471322722204,True,True
uniform,methyl,38,38:174-LEU-QD2--393-VAL-QG2,0.000621763280901997,0.001,8.999999999999999e-05,11.716331286668936,10.0,-4.2026302122000345,17.662100700496506,True,True
uniform,methyl,39,39:456-VAL-QG2--101-LEU-QD2,0.001956160384766743,0.001953125,0.00021972656249999998,7.995859976645477,8.0,0.013814373338421308,0.0,False,False
saxs_theta6,saxs,0,q=0.00281393,0.03480202593620521,0.03841014,0.0075855972,0.03480202593620521,0.03841014,-0.47565326350241627,0.22624602708049904,False,False
saxs_theta6,saxs,1,q=0.0030889,0.03476424849312008,0.03180309,0.0060644814,0.03476424849312008,0.03180309,0.48827893067988926,0.2384163141458961,False,False
saxs_theta6,saxs,2,q=0.00336388,0.03473436502932212,0.04259826,0.00501565569,0.03473436502932212,0.04259826,-1.5678697774962065,2.458215639186004,False,False
saxs_theta6,saxs,3,q=0.00363886,0.03470102899941242,0.033286068,0.00419709855,0.03470102899941242,0.033286068,0.33712837155382513,0.11365553890653397,False,False
saxs_theta6,saxs,4,q=0.00391383,0.034664309202442886,0.034125834,0.0035948268,0.034664309202442886,0.034125834,0.14979169578987378,0.022437552127606092,False,False
saxs_theta6,saxs,5,q=0.00418881,0.034619666253726984,0.036513042,0.00304067508,0.034619666253726984,0.036513042,-0.6226826926450222,0.38773373571965514,False,False
saxs_theta6,saxs,6,q=0.00446378,0.034571411580496814,0.035845962,0.00273230664,0.034571411580496814,0.035845962,-0.46647415075754034,0.21759813332496847,False,False
saxs_theta6,saxs,7,q=0.00473876,0.03452296161016325,0.032072523,0.00241575678,0.03452296161016325,0.032072523,1.0143565074308731,1.028919124167359,False,False
saxs_theta6,saxs,8,q=0.00501374,0.034474118372740496,0.030565422,0.00223509999,0.034474118372740496,0.030565422,1.7487792001379312,3.058228690835062,False,False
saxs_theta6,saxs,9,q=0.00528871,0.03441835711464862,0.037125756,0.00227276247,0.03441835711464862,0.037125756,-1.1912370611044902,1.419045735748863,False,False
saxs_theta6,saxs,10,q=0.00556369,0.03436023897839595,0.03683577,0.00204943296,0.03436023897839595,0.03683577,-1.2079102219591744,1.459047104313462,False,False
saxs_theta6,saxs,11,q=0.00583866,0.03429431079777441,0.03511044,0.00197205678,0.03429431079777441,0.03511044,-0.4138467058872357,0.17126909597371617,False,False
saxs_theta6,saxs,12,q=0.00611364,0.03422664304398751,0.036528648,0.00180530514,0.03422664304398751,0.036528648,-1.275133441437212,1.6259652934715076,False,False
saxs_theta6,saxs,13,q=0.00638862,0.03415650967062714,0.033469923,0.00170172873,0.03415650967062714,0.033469923,0.4034642293587769,0.16278338437207174,False,False
saxs_theta6,saxs,14,q=0.00666359,0.034084901104925396,0.034477989,0.00163518342,0.034084901104925396,0.034477989,-0.24039376272210797,0.057789161155693144,False,False
saxs_theta6,saxs,15,q=0.007076055,0.03397456584224293,0.0367608255,0.00108042646153,0.03397456584224293,0.0367608255,-2.5788517376845994,6.650476284958878,False,False
saxs_theta6,saxs,16,q=0.00762601,0.033813583722382495,0.033529185,0.000970700838168,0.033813583722382495,0.033529185,0.29298287505266496,0.08583896507412549,False,False
saxs_theta6,saxs,17,q=0.00817596,0.03363324504307648,0.0363085575,0.00091396537725,0.03363324504307648,0.0363085575,-2.9271485808063953,8.568198814116894,False,False
saxs_theta6,saxs,18,q=0.00872591,0.03345465114546262,0.0337609902,0.000853659320193,0.03345465114546262,0.0337609902,-0.35885399162293274,0.12877618730371188,False,False
saxs_theta6,saxs,19,q=0.009275865,0.03327465283918929,0.0322778796,0.000787594489659,0.03327465283918929,0.0322778796,1.265591941381983,1.6017229620910165,False,False
saxs_theta6,saxs,20,q=0.00982582,0.033077887262082814,0.03373332015,0.00075414716736,0.033077887262082814,0.03373332015,-0.8691047534019456,0.7553430723858566,False,False
saxs_theta6,saxs,21,q=0.0103758,0.03285705347097164,0.034474317,0.000727495376934,0.03285705347097164,0.034474317,-2.223056778510743,4.9419814404825635,False,False
saxs_theta6,saxs,22,q=0.0109257,0.03264992994131348,0.032768724,0.000678779657703,0.03264992994131348,0.032768724,-0.17501122394934485,0.030628928508247735,False,False
saxs_theta6,saxs,23,q=0.0114757,0.0324117590396586,0.03249508605,0.000650521383444,0.0324117590396586,0.03249508605,-0.12809265377295426,0.016407727950597934,False,False
saxs_theta6,saxs,24,q=0.0120256,0.03218280869782722,0.0318161001,0.000628406796798,0.03218280869782722,0.0318161001,0.5835528827755444,0.34053396699564825,False,False
saxs_theta6,saxs,25,q=0.0125756,0.03193514743309328,0.0322276446,0.000614177813628,0.03193514743309328,0.0322276446,-0.4762418316267645,0.22680628219121549,False,False
saxs_theta6,saxs,26,q=0.013263,0.03161296899285117,0.0309941008002,0.000476366986747,0.03161296899285117,0.0309941008002,1.2991416489149998,1.6877690239455847,False,False
saxs_theta6,saxs,27,q=0.01408793333,0.031221353396834545,0.0316067332002,0.000459214311175,0.031221353396834545,0.0316067332002,-0.8392155775358512,0.7042827855788323,False,False
saxs_theta6,saxs,28,q=0.0149129,0.030775104707202933,0.0307224832998,0.000441554443199,0.030775104707202933,0.0307224832998,0.11917309000833241,0.0142022253821341,False,False
saxs_theta6,saxs,29,q=0.0157378,0.030331052088117896,0.0306244561998,0.000428198876997,0.030331052088117896,0.0306244561998,-0.6852052339318974,0.4695062126076662,False,False
saxs_theta6,saxs,30,q=0.01656273333,0.02986073847593896,0.0295171441998,0.00041194860616,0.02986073847593896,0.0295171441998,0.8340707335844384,0.6956739886220832,False,False
saxs_theta6,saxs,31,q=0.01738766667,0.029390765422877198,0.0300264709998,0.000401299629593,0.029390765422877198,0.0300264709998,-1.584117028883224,2.509426761197813,False,False
saxs_theta6,saxs,32,q=0.0182126,0.02888882192696865,0.0283768216002,0.000387213737949,0.02888882192696865,0.0283768216002,1.322267979128583,1.7483926086287866,False,False
saxs_theta6,saxs,33,q=0.019175,0.028296372469393975,0.028704588825,0.000326312698353,0.028296372469393975,0.028704588825,-1.2509974563246116,1.5649946357306483,False,False
saxs_theta6,saxs,34,q=0.0202749,0.027570102678677537,0.027219507075,0.000311328514843,0.027570102678677537,0.027219507075,1.1261275050707746,1.2681631576769277,False,False
saxs_theta6,saxs,35,q=0.0213748,0.026837640412283387,0.026979330225,0.000304329094114,0.026837640412283387,0.026979330225,-0.46558089731485525,0.2167655719445058,False,False
saxs_theta6,saxs,36,q=0.022474725,0.026068306598724292,0.0259613358,0.000291997855206,0.026068306598724292,0.0259613358,0.36634104263823,0.13420575952126543,False,False
saxs_theta6,saxs,37,q=0.023574625,0.025289300883778912,0.02588867865,0.000284858565565,0.025289300883778912,0.02588867865,-2.104124076565007,4.4273381295805425,False,False
saxs_theta6,saxs,38,q=0.024674525,0.024495335590731613,0.02492772645,0.000275967617306,0.024495335590731613,0.02492772645,-1.5668173805658536,2.454916704043243,False,False
saxs_theta6,saxs,39,q=0.02591192,0.02365596812487277,0.02381825766,0.000237745367656,0.02365596812487277,0.02381825766,-0.6826191261991325,0.46596887145286714,False,False
saxs_theta6,saxs,40,q=0.0272868,0.02261696447460217,0.02244276216,0.000229785095993,0.02261696447460217,0.02244276216,0.7581097192111875,0.5747303463624656,False,False
saxs_theta6,saxs,41,q=0.02866168,0.021575656994523282,0.02115858726,0.000221186797443,0.021575656994523282,0.02115858726,1.8855995897800397,3.555485812978654,False,False
saxs_theta6,saxs,42,q=0.03003656,0.02052072335066104,0.02022736908,0.00021407511092,0.02052072335066104,0.02022736908,1.370333381588972,1.8778135766970672,False,False
saxs_theta6,saxs,43,q=0.03154893333,0.01935470388860641,0.0194245544502,0.000188543480903,0.01935470388860641,0.0194245544502,-0.3704745518595968,0.1372513935755691,False,False
saxs_theta6,saxs,44,q=0.03319876667,0.017965902446856717,0.0179979960498,0.000181713077765,0.017965902446856717,0.0179979960498,-0.1766169135321536,0.031193534145624226,False,False
saxs_theta6,saxs,45,q=0.03484865,0.01675201129580605,0.0167510383998,0.000175062682783,0.01675201129580605,0.0167510383998,0.005557415153148056,3.0884863184439634e-05,False,False
saxs_theta6,saxs,46,q=0.0364985,0.015566348974260165,0.0151704940002,0.000168807877258,0.015566348974260165,0.0151704940002,2.3450029731441644,5.499038944054971,False,False
saxs_theta6,saxs,47,q=0.03828584286,0.014184183750057908,0.0142120658141,0.000151005333604,0.014184183750057908,0.0142120658141,-0.18464290880752138,0.034093003772902655,False,False
saxs_theta6,saxs,48,q=0.04021067143,0.01279938732008973,0.0128438210571,0.000146960411955,0.01279938732008973,0.0128438210571,-0.3023517450663946,0.09141657774469408,False,False
saxs_theta6,saxs,49,q=0.04213551429,0.011459456551957696,0.0114883365,0.000145648309598,0.011459456551957696,0.0114883365,-0.1982855010265081,0.03931713991733335,False,False
saxs_theta6,saxs,50,q=0.04406034286,0.01019730836757484,0.0102951791141,0.000139065101139,0.01019730836757484,0.0102951791141,-0.703776473921623,0.4953013252455529,False,False
saxs_theta6,saxs,51,q=0.0461226625,0.0089107829050535,0.0088883635125,0.000123726773614,0.0089107829050535,0.0088883635125,0.18120081772634639,0.03283373634469661,False,False
saxs_theta6,saxs,52,q=0.048322475,0.007636490858148728,0.007655253,0.000122557359322,0.007636490858148728,0.007655253,-0.15308865950658193,0.02343613766952218,False,False
saxs_theta6,saxs,53,q=0.050522275,0.006468358506138781,0.0065296932,0.000127412304363,0.006468358506138781,0.0065296932,-0.4813875250735233,0.231733949296412,False,False
saxs_theta6,saxs,54,q=0.05285957778,0.005343022886061256,0.00533047466661,0.000120771153208,0.005343022886061256,0.00533047466661,0.10390080013266627,0.010795376268208264,False,False
saxs_theta6,saxs,55,q=0.05533436667,0.004274909024001664,0.00421292356664,0.000109810895157,0.004274909024001664,0.00421292356664,0.5644745657800285,0.31863153541255174,False,False
saxs_theta6,saxs,56,q=0.05794663,0.003402563630424,0.00348760491,9.77684047542e-05,0.003402563630424,0.00348760491,-0.8698237410112473,0.7565933404268014,False,False
saxs_theta6,saxs,57,q=0.0606964,0.0025871840272518568,0.00247022784,9.27384862308e-05,0.0025871840272518568,0.00247022784,1.2611397059122345,1.5904733578283972,False,False
saxs_theta6,saxs,58,q=0.06344615,0.0019731595988794846,0.00186401226,8.84842383099e-05,0.0019731595988794846,0.00186401226,1.2335229523840823,1.521578874058343,False,False
saxs_theta6,saxs,59,q=0.06633340909,0.0015209098313716724,0.0014532069818,8.10173252448e-05,0.0015209098313716724,0.0014532069818,0.8356589083520474,0.6983258111081355,False,False
saxs_theta6,saxs,60,q=0.06935813636,0.0012438147768132598,0.00129269421821,7.94061476115e-05,0.0012438147768132598,0.00129269421821,-0.6155624327210316,0.37891710857743455,False,False
saxs_theta6,saxs,61,q=0.072520375,0.001179300999700106,0.00105593884998,7.38085356033e-05,0.001179300999700106,0.00105593884998,1.6713805349443953,2.793512892591013,False,False
saxs_theta6,saxs,62,q=0.075820075,0.0012176452311849942,0.00120755590002,7.21013287389e-05,0.0012176452311849942,0.00120755590002,0.13993266617222158,0.019581151062066406,False,False
saxs_theta6,saxs,63,q=0.07925728462,0.0014552380901816028,0.00150663140771,6.79077121578e-05,0.0014552380901816028,0.00150663140771,-0.7568112059050417,0.5727632013834434,False,False
saxs_theta6,saxs,64,q=0.08283196923,0.0018367470495461206,0.00189455702307,6.66651384423e-05,0.0018367470495461206,0.00189455702307,-0.867169481301161,0.7519829093001247,False,False
saxs_theta6,saxs,65,q=0.08654415,0.0023255702827249094,0.00237375092141,6.31299329169e-05,0.0023255702827249094,0.00237375092141,-0.7631980022616585,0.5824711906561865,False,False
saxs_theta6,saxs,66,q=0.09039382143,0.0028889124620050085,0.00295543797859,6.22012748859e-05,0.0028889124620050085,0.00295543797859,-1.0695201458012495,1.143873342274726,False,False
saxs_theta6,saxs,67,q=0.09438096,0.0034769915557898634,0.00358750999998,6.07486891221e-05,0.0034769915557898634,0.00358750999998,-1.8192729059223527,3.3097539062231616,False,False
saxs_theta6,saxs,68,q=0.09864301875,0.00406715367855158,0.003978003825,5.76834165381e-05,0.00406715367855158,0.003978003825,1.5455023107498607,2.388577392533159,False,False
saxs_theta6,saxs,69,q=0.1030425,0.004594224841250511,0.00454636185,5.63261185929e-05,0.004594224841250511,0.00454636185,0.849747727096975,0.722071199706475,False,False
saxs_theta6,saxs,70,q=0.10758,0.005015843475401344,0.00500736420002,5.58094910001e-05,0.005015843475401344,0.00500736420002,0.15193249802849618,0.023083483957178994,False,False
saxs_theta6,saxs,71,q=0.1123917778,0.005308305316248056,0.00537149764983,5.5893579744e-05,0.005308305316248056,0.00537149764983,-1.1305830449825105,1.2782180216019254,False,False
saxs_theta6,saxs,72,q=0.1173415,0.005443727839717362,0.00549024236661,5.2197583734e-05,0.005443727839717362,0.00549024236661,-0.8911241395708497,0.7941022321258872,False,False
saxs_theta6,saxs,73,q=0.122428579,0.005430331191685562,0.00545602938942,4.92090323023e-05,0.005430331191685562,0.00545602938942,-0.5222252202922775,0.2727191807093177,False,False
saxs_theta6,saxs,74,q=0.1277905,0.005281087910580007,0.005227522185,4.64202730274e-05,0.005281087910580007,0.005227522185,1.1539295675488426,1.331553446863459,False,False
saxs_theta6,saxs,75,q=0.1334276667,0.005023763344049492,0.00500287584286,4.39849978625e-05,0.005023763344049492,0.00500287584286,0.47487784937008154,0.22550897182235385,False,False
saxs_theta6,saxs,76,q=0.1393395,0.004699935847229051,0.00467894770908,4.17291489963e-05,0.004699935847229051,0.00467894770908,0.5029610872465339,0.25296985528421545,False,False
saxs_theta6,saxs,77,q=0.1455265217,0.004359323693699047,0.00438762202175,3.97208548002e-05,0.004359323693699047,0.00438762202175,-0.712429986547284,0.5075564857317632,False,False
saxs_theta6,saxs,78,q=0.151851,0.004050704974867184,0.0040085898,3.88235519068e-05,0.004050704974867184,0.0040085898,1.084784178642018,1.1767567142320376,False,False
saxs_theta6,saxs,79,q=0.1583128333,0.003796960528105063,0.00384026323752,3.72166012535e-05,0.003796960528105063,0.00384026323752,-1.1635320786006718,1.3538068979327997,False,False
saxs_theta6,saxs,80,q=0.16505,0.003596825612307941,0.003625369068,3.68075140778e-05,0.003596825612307941,0.003625369068,-0.7754790402776646,0.6013677419099677,False,False
saxs_theta6,saxs,81,q=0.1720615385,0.003435306014287838,0.00342677787693,3.66493890669e-05,0.003435306014287838,0.00342677787693,0.23269521197939486,0.05414706167813551,False,False
saxs_theta6,saxs,82,q=0.1794861071,0.0032782946428342144,0.00331399839641,3.38619221769e-05,0.0032782946428342144,0.00331399839641,-1.0543924054063951,1.111743344578684,False,False
saxs_theta6,saxs,83,q=0.187323,0.0030868425259168728,0.00312834914481,3.2840345416e-05,0.0030868425259168728,0.00312834914481,-1.2638910573974893,1.5974206049693436,False,False
saxs_theta6,saxs,84,q=0.1954345667,0.00283262405506391,0.00292031014998,3.21036699082e-05,0.00283262405506391,0.00292031014998,-2.7313417801399944,7.460227919938314,False,False
saxs_theta6,saxs,85,q=0.2038214516,0.0025061837459958427,0.00249302707742,3.12943977175e-05,0.0025061837459958427,0.00249302707742,0.4204160979421967,0.17674969540894273,False,False
saxs_theta6,saxs,86,q=0.21248325,0.00212552541314397,0.00209475774375,3.0315963712e-05,0.00212552541314397,0.00209475774375,1.0148999281784752,1.030021864216674,False,False
saxs_theta6,saxs,87,q=0.2215575,0.0017248246293595187,0.00169647240001,2.97022071986e-05,0.0017248246293595187,0.00169647240001,0.9545495780816943,0.9111648970159405,False,False
saxs_theta6,saxs,88,q=0.231044,0.0013544409491533776,0.00137892036859,3.0449015241e-05,0.0013544409491533776,0.00137892036859,-0.8039478204096566,0.6463320979414375,False,False
saxs_theta6,saxs,89,q=0.2408056944,0.0010612654583306961,0.001065064875,2.91571341365e-05,0.0010612654583306961,0.001065064875,-0.13030830298742224,0.016980253827461836,False,False
saxs_theta6,amide,0,0:445-GLY-H--446-GLU-H,0.04577715963111908,0.023323615160349854,0.005997501041232819,2.795441356439086,3.5,3.7438166857164523,0.0,False,False
saxs_theta6,amide,1,1:445-GLY-H--447-GLU-H,0.01360008289418315,0.011739293764087149,0.0024012191790178257,4.189409515994941,4.4,0.7749351439284784,0.0,False,False
saxs_theta6,amide,2,2:444-LEU-H--445-GLY-H,0.04668832249166473,0.023323615160349854,0.005997501041232819,2.7771366079829143,3.5,3.8957404376727096,0.0,False,False
saxs_theta6,amide,3,3:444-LEU-H--446-GLU-H,0.012703819864298829,0.011739293764087149,0.0024012191790178257,4.285701223169721,4.4,0.40168182423322185,0.0,False,False
saxs_theta6,amide,4,4:444-LEU-H--445-GLY-H,0.04668832249166473,0.023323615160349854,0.005997501041232819,2.7771366079829143,3.5,3.8957404376727096,0.0,False,False
saxs_theta6,amide,5,5:444-LEU-H--447-GLU-H,0.008995260800500839,0.011739293764087149,0.0024012191790178257,4.808342704592799,4.4,-1.1427665527428887,1.3059153940678656,True,True
saxs_theta6,amide,6,6:446-GLU-H--447-GLU-H,0.052570860772577485,0.023323615160349854,0.005997501041232819,2.669428568316122,3.5,4.876571994094344,0.0,False,False
saxs_theta6,amide,7,7:451-ARG-H--452-ALA-H,0.044029590290417656,0.023323615160349854,0.005997501041232819,2.8319469826245403,3.5,3.452433769950889,0.0,False,False
saxs_theta6,amide,8,8:450-ASP-H--452-ALA-H,0.012412893416102327,0.011739293764087149,0.0024012191790178257,4.318924955181,4.4,0.28052401792438697,0.0,False,False
saxs_theta6,amide,9,9:452-ALA-H--454-ALA-H,0.012400583109052137,0.011739293764087149,0.0024012191790178257,4.320353643604826,4.4,0.275397327633988,0.0,False,False
saxs_theta6,amide,10,10:452-ALA-H--453-ARG-H,0.04265310443020259,0.023323615160349854,0.005997501041232819,2.86208889106951,3.5,3.2229238706191965,0.0,False,False
saxs_theta6,amide,11,11:453-ARG-H--455-HIS-H,0.01266121362749025,0.011739293764087149,0.0024012191790178257,4.290503110491606,4.4,0.38393823914907893,0.0,False,False
saxs_theta6,amide,12,12:453-ARG-H--454-ALA-H,0.046437816629164075,0.023323615160349854,0.005997501041232819,2.7821213512886462,3.5,3.8539720643488162,0.0,False,False
saxs_theta6,amide,13,13:454-ALA-H--455-HIS-H,0.044219645600196436,0.023323615160349854,0.005997501041232819,2.8278839355592273,3.5,3.48412285319942,0.0,False,False
saxs_theta6,amide,14,14:466-TYR-H--467-SER-H,0.05332836731595912,0.023323615160349854,0.005997501041232819,2.656728884027204,3.5,5.002875689279018,0.0,False,False
saxs_theta6,amide,15,15:462-HIS-H--463-LEU-H,0.06310614326964233,0.023323615160349854,0.005997501041232819,2.511748319147942,3.5,6.633184027111892,0.0,False,False
saxs_theta6,amide,16,16:361-ARG-H--362-GLU-H,0.04766153593404041,0.023323615160349854,0.005997501041232819,2.758104109862074,3.5,4.058010262335489,0.0,False,False
saxs_theta6,amide,17,17:363-GLN-H--364-LEU-H,0.05077081812738177,0.023323615160349854,0.005997501041232819,2.7006104640640474,3.5,4.576439883600252,0.0,False,False
saxs_theta6,amide,18,18:363-GLN-H--365-GLY-H,0.010832030741938848,0.011739293764087149,0.0024012191790178257,4.519565713978403,4.4,-0.37783432269577316,0.14275877540697365,True,False
saxs_theta6,amide,19,19:364-LEU-H--365-GLY-H,0.04070192802263254,0.023323615160349854,0.005997501041232819,2.907111390003754,3.5,2.8975923043292178,0.0,False,False
saxs_theta6,amide,20,20:367-VAL-H--368-THR-H,0.050944607943482656,0.023323615160349854,0.005997501041232819,2.6975360575589415,3.5,4.605416921687629,0.0,False,False
saxs_theta6,amide,21,21:359-LYS-H--361-ARG-H,0.012584451932225427,0.011739293764087149,0.0024012191790178257,4.299209062712693,4.4,0.35197043881848983,0.0,False,False
saxs_theta6,amide,22,22:361-ARG-H--363-GLN-H,0.013282766606259865,0.011739293764087149,0.0024012191790178257,4.222508049144348,4.4,0.6427871539840211,0.0,False,False
saxs_theta6,amide,23,23:362-GLU-H--364-LEU-H,0.012549334652286947,0.011739293764087149,0.0024012191790178257,4.303215541225739,4.4,0.3373456680997902,0.0,False,False
saxs_theta6,amide,24,24:360-LEU-H--361-ARG-H,0.04492766101712468,0.023323615160349854,0.005997501041232819,2.8129503295243303,3.5,3.602174590424747,0.0,False,False
saxs_theta6,amide,25,25:367-VAL-H--369-GLN-H,0.013789328243337465,0.011739293764087149,0.0024012191790178257,4.170155952923456,4.4,0.8537473368377994,0.0,False,False
saxs_theta6,amide,26,26:368-THR-H--369-GLN-H,0.04667889815538039,0.023323615160349854,0.005997501041232819,2.7773234940573306,3.5,3.894169060490856,0.0,False,False
saxs_theta6,amide,27,27:369-GLN-H--370-GLU-H,0.040800557410238955,0.023323615160349854,0.005997501041232819,2.904766994199716,3.5,2.9140373848599816,0.0,False,False
saxs_theta6,amide,28,28:368-THR-H--370-GLU-H,0.011975228620893279,0.011739293764087149,0.0024012191790178257,4.370911993290663,4.4,0.09825627700618085,0.0,False,False
saxs_theta6,amide,29,29:367-VAL-H--369-GLN-H,0.013789328243337465,0.011739293764087149,0.0024012191790178257,4.170155952923456,4.4,0.8537473368377994,0.0,False,False
saxs_theta6,amide,30,30:375-LEU-H--376-GLU-H,0.04338028624955377,0.023323615160349854,0.005997501041232819,2.846006333257811,3.5,3.3441713392485144,0.0,False,False
saxs_theta6,amide,31,31:376-GLU-H--377-LYS-H,0.04280998431579204,0.023323615160349854,0.005997501041232819,2.858588510084851,3.5,3.249081412653937,0.0,False,False
saxs_theta6,amide,32,32:375-LEU-H--377-LYS-H,0.01170099751185285,0.011739293764087149,0.0024012191790178257,4.404795033107295,4.4,-0.015948669979374375,0.0002543600741109974,True,False
saxs_theta6,amide,33,33:373-ASP-H--374-ASN-H,0.043763424483687835,0.023323615160349854,0.005997501041232819,2.8376766110060427,3.5,3.408054318426007,0.0,False,False
saxs_theta6,amide,34,34:373-ASP-H--376-GLU-H,0.009521290449113122,0.011739293764087149,0.0024012191790178257,4.718110001501471,4.4,-0.9236988169823217,0.8532195044945406,True,True
saxs_theta6,amide,35,35:493-HIS-H--494-ALA-H,0.04393011667645331,0.023323615160349854,0.005997501041232819,2.834082887426939,3.5,3.4358479264003057,0.0,False,False
saxs_theta6,amide,36,36:493-HIS-H--495-LYS-H,0.011966195212386538,0.011739293764087149,0.0024012191790178257,4.372011599343572,4.4,0.09449426786279402,0.0,False,False
saxs_theta6,amide,37,37:491-GLU-H--493-HIS-H,0.01304772189674674,0.011739293764087149,0.0024012191790178257,4.247712386057084,4.4,0.5449015833676535,0.0,False,False
saxs_theta6,amide,38,38:373-ASP-H--374-ASN-H,0.043763424483687835,0.023323615160349854,0.005997501041232819,2.8376766110060427,3.5,3.408054318426007,0.0,False,False
saxs_theta6,amide,39,39:373-ASP-H--375-LEU-H,0.013178957840209607,0.011739293764087149,0.0024012191790178257,4.233565763753086,4.4,0.5995554627842534,0.0,False,False
saxs_theta6,amide,40,40:373-ASP-H--376-GLU-H,0.009521290449113122,0.011739293764087149,0.0024012191790178257,4.718110001501471,4.4,-0.9236988169823217,0.8532195044945406,True,True
saxs_theta6,amide,41,41:374-ASN-H--376-GLU-H,0.012351577278434727,0.011739293764087149,0.0024012191790178257,4.326059881796713,4.4,0.2549885989991224,0.0,False,False
saxs_theta6,amide,42,42:377-LYS-H--378-GLU-H,0.04095091217112473,0.023323615160349854,0.005997501041232819,2.90120760131705,3.5,2.939106952977117,0.0,False,False
saxs_theta6,amide,43,43:381-GLY-H--382-LEU-H,0.04097095105576454,0.023323615160349854,0.005997501041232819,2.9007345308140358,3.5,2.9424481586729625,0.0,False,False
saxs_theta6,amide,44,44:463-LEU-H--464-ALA-H,0.04067289222002215,0.023323615160349854,0.005997501041232819,2.9078030073554273,3.5,2.892750987518971,0.0,False,False
saxs_theta6,amide,45,45:532-ALA-H--533-LEU-H,0.0456310315944204,0.023323615160349854,0.005997501041232819,2.7984222013256925,3.5,3.7194518651530126,0.0,False,False
saxs_theta6,amide,46,46:531-SER-H--532-ALA-H,0.0424177673488719,0.023323615160349854,0.005997501041232819,2.8673721632060447,3.5,3.1836846808778776,0.0,False,False
saxs_theta6,amide,47,47:531-SER-H--532-ALA-H,0.0424177673488719,0.023323615160349854,0.005997501041232819,2.8673721632060447,3.5,3.1836846808778776,0.0,False,False
saxs_theta6,amide,48,48:530-LEU-H--532-ALA-H,0.011758981743029515,0.011739293764087149,0.0024012191790178257,4.397542998743637,4.4,0.00819915945799606,0.0,False,False
saxs_theta6,amide,49,49:536-TYR-H--537-THR-H,0.046941894866344556,0.023323615160349854,0.005997501041232819,2.7721270321691054,3.5,3.938020109312034,0.0,False,False
saxs_theta6,amide,50,50:537-THR-H--538-LYS-H,0.044555673995242136,0.023323615160349854,0.005997501041232819,2.8207569105250907,3.5,3.5401509210122484,0.0,False,False
saxs_theta6,amide,51,51:537-THR-H--539-LYS-H,0.012904640212003913,0.011739293764087149,0.0024012191790178257,4.263353719460441,4.4,0.4853144844501147,0.0,False,False
saxs_theta6,amide,52,52:538-LYS-H--539-LYS-H,0.04142088962518006,0.023323615160349854,0.005997501041232819,2.890193095748266,3.5,3.017469165976204,0.0,False,False
saxs_theta6,amide,53,53:538-LYS-H--540-LEU-H,0.012170457144087928,0.011739293764087149,0.0024012191790178257,4.347414366330055,4.4,0.17956019332526676,0.0,False,False
saxs_theta6,amide,54,54:532-ALA-H--533-LEU-H,0.0456310315944204,0.023323615160349854,0.005997501041232819,2.7984222013256925,3.5,3.7194518651530126,0.0,False,False
saxs_theta6,amide,55,55:532-ALA-H--535-GLU-H,0.00876346628517255,0.011739293764087149,0.0024012191790178257,4.850368036486319,4.4,-1.2392985633788776,1.5358609291929497,True,True
saxs_theta6,amide,56,56:386-MET-H--387-SER-H,0.052844611531224626,0.023323615160349854,0.005997501041232819,2.6648111086451176,3.5,4.922216131004885,0.0,False,False
saxs_theta6,amide,57,57:386-MET-H--388-LYS-H,0.013062839516377323,0.011739293764087149,0.0024012191790178257,4.246073128167653,4.4,0.5511973933306435,0.0,False,False
saxs_theta6,amide,58,58:386-MET-H--387-SER-H,0.052844611531224626,0.023323615160349854,0.005997501041232819,2.6648111086451176,3.5,4.922216131004885,0.0,False,False
saxs_theta6,amide,59,59:387-SER-H--388-LYS-H,0.0695318250423001,0.023323615160349854,0.005997501041232819,2.431861237794373,3.5,7.7045772171224005,0.0,False,False
saxs_theta6,amide,60,60:388-LYS-H--389-ASP-H,0.02076971931683034,0.023323615160349854,0.005997501041232819,3.6379477523553136,3.5,-0.42582666113127476,0.1813283453302095,True,False
saxs_theta6,amide,61,61:389-ASP-H--390-LEU-H,0.022870740917664046,0.023323615160349854,0.005997501041232819,3.5229508855774094,3.5,-0.07551049004782118,0.005701834107262101,True,False
saxs_theta6,amide,62,62:388-LYS-H--390-LEU-H,0.006018218445518938,0.011739293764087149,0.0024012191790178257,5.497653331815495,4.4,-2.3825710574693604,5.676644843890666,True,True
saxs_theta6,amide,63,63:394-LYS-H--395-ALA-H,0.04706635044845549,0.023323615160349854,0.005997501041232819,2.7696814688081575,3.5,3.95877134907928,0.0,False,False
saxs_theta6,amide,64,64:393-VAL-H--395-ALA-H,0.013569143791375748,0.011739293764087149,0.0024012191790178257,4.192591199995093,4.4,0.7620503964311437,0.0,False,False
saxs_theta6,amide,65,65:400-TYR-H--401-LEU-H,0.048533292801450696,0.023323615160349854,0.005997501041232819,2.7414905139119745,3.5,4.203363612241884,0.0,False,False
saxs_theta6,amide,66,66:400-TYR-H--402-ASP-H,0.012800869967184372,0.011739293764087149,0.0024012191790178257,4.274843020626777,4.4,0.44209883561376556,0.0,False,False
saxs_theta6,amide,67,67:402-ASP-H--403-ASP-H,0.043512060411380775,0.023323615160349854,0.005997501041232819,2.843130430801993,3.5,3.3661428505364754,0.0,False,False
saxs_theta6,amide,68,68:401-LEU-H--403-ASP-H,0.011810862385644966,0.011739293764087149,0.0024012191790178257,4.391094634466537,4.4,0.02980511824292961,0.0,False,False
saxs_theta6,amide,69,69:401-LEU-H--402-ASP-H,0.0419196673689323,0.023323615160349854,0.005997501041232819,2.8786844203692707,3.5,3.1006334272782268,0.0,False,False
saxs_theta6,amide,70,70:403-ASP-H--404-PHE-H,0.04624761289779865,0.023323615160349854,0.005997501041232819,2.785930168209641,3.5,3.8222582338621223,0.0,False,False
saxs_theta6,amide,71,71:402-ASP-H--403-ASP-H,0.043512060411380775,0.023323615160349854,0.005997501041232819,2.843130430801993,3.5,3.3661428505364754,0.0,False,False
saxs_theta6,amide,72,72:403-ASP-H--405-GLN-H,0.01254451523839049,0.011739293764087149,0.0024012191790178257,4.303766547544275,4.4,0.3353385985500509,0.0,False,False
saxs_theta6,amide,73,73:404-PHE-H--405-GLN-H,0.04462527187864402,0.023323615160349854,0.005997501041232819,2.8192897235043444,3.5,3.551755401432243,0.0,False,False
saxs_theta6,amide,74,74:404-PHE-H--406-LYS-H,0.012538873124079097,0.011739293764087149,0.0024012191790178257,4.304411972413366,4.4,0.33298891120759777,0.0,False,False
saxs_theta6,amide,75,75:405-GLN-H--406-LYS-H,0.04261316535911362,0.023323615160349854,0.005997501041232819,2.8629827734907365,3.5,3.2162645852244314,0.0,False,False
saxs_theta6,amide,76,76:406-LYS-H--407-LYS-H,0.043399140855665055,0.023323615160349854,0.005997501041232819,2.8455941277005152,3.5,3.347315082948042,0.0,False,False
saxs_theta6,amide,77,77:406-LYS-H--408-TRP-H,0.012608484196960788,0.011739293764087149,0.0024012191790178257,4.296475838476542,4.4,0.36197879829910606,0.0,False,False
saxs_theta6,amide,78,78:408-TRP-H--409-GLN-H,0.045081736865205856,0.023323615160349854,0.005997501041232819,2.8097420650848304,3.5,3.627864598149949,0.0,False,False
saxs_theta6,amide,79,79:409-GLN-H--411-GLU-H,0.011353190447445937,0.011739293764087149,0.0024012191790178257,4.449323932199551,4.4,-0.1607946996321845,0.025854935429804438,True,False
saxs_theta6,amide,80,80:413-GLU-H--414-LEU-H,0.04397410883147706,0.023323615160349854,0.005997501041232819,2.833137490113506,3.5,3.4431830072483627,0.0,False,False
saxs_theta6,amide,81,81:412-MET-H--413-GLU-H,0.04555173376752398,0.023323615160349854,0.005997501041232819,2.8000451191003486,3.5,3.706230053876742,0.0,False,False
saxs_theta6,amide,82,82:409-GLN-H--411-GLU-H,0.011353190447445937,0.011739293764087149,0.0024012191790178257,4.449323932199551,4.4,-0.1607946996321845,0.025854935429804438,True,False
saxs_theta6,amide,83,83:411-GLU-H--412-MET-H,0.04869690979109868,0.023323615160349854,0.005997501041232819,2.738416686205452,3.5,4.230644472807496,0.0,False,False
saxs_theta6,amide,84,84:411-GLU-H--412-MET-H,0.04869690979109868,0.023323615160349854,0.005997501041232819,2.738416686205452,3.5,4.230644472807496,0.0,False,False
saxs_theta6,amide,85,85:412-MET-H--414-LEU-H,0.01242992917355584,0.011739293764087149,0.0024012191790178257,4.31695096172023,4.4,0.2876186461875519,0.0,False,False
saxs_theta6,amide,86,86:414-LEU-H--415-TYR-H,0.05214092656411797,0.023323615160349854,0.005997501041232819,2.6767455242719924,3.5,4.804886436142171,0.0,False,False
saxs_theta6,amide,87,87:447-GLU-H--448-MET-H,0.05153331740550143,0.023323615160349854,0.005997501041232819,2.687224599303353,3.5,4.703576047958955,0.0,False,False
saxs_theta6,amide,88,88:446-GLU-H--447-GLU-H,0.052570860772577485,0.023323615160349854,0.005997501041232819,2.669428568316122,3.5,4.876571994094344,0.0,False,False
saxs_theta6,amide,89,89:445-GLY-H--447-GLU-H,0.01360008289418315,0.011739293764087149,0.0024012191790178257,4.189409515994941,4.4,0.7749351439284784,0.0,False,False
saxs_theta6,amide,90,90:447-GLU-H--448-MET-H,0.05153331740550143,0.023323615160349854,0.005997501041232819,2.687224599303353,3.5,4.703576047958955,0.0,False,False
saxs_theta6,amide,91,91:448-MET-H--449-ARG-H,0.043066882028371965,0.023323615160349854,0.005997501041232819,2.8528932607690267,3.5,3.2919155382028538,0.0,False,False
saxs_theta6,amide,92,92:449-ARG-H--450-ASP-H,0.043913610743362426,0.023323615160349854,0.005997501041232819,2.8344379278645757,3.5,3.4330957913064717,0.0,False,False
saxs_theta6,amide,93,93:450-ASP-H--451-ARG-H,0.045174756517881894,0.023323615160349854,0.005997501041232819,2.807812220138255,3.5,3.643374333294058,0.0,False,False
saxs_theta6,amide,94,94:452-ALA-H--454-ALA-H,0.012400583109052137,0.011739293764087149,0.0024012191790178257,4.320353643604826,4.4,0.275397327633988,0.0,False,False
saxs_theta6,amide,95,95:453-ARG-H--455-HIS-H,0.01266121362749025,0.011739293764087149,0.0024012191790178257,4.290503110491606,4.4,0.38393823914907893,0.0,False,False
saxs_theta6,amide,96,96:455-HIS-H--456-VAL-H,0.04400674944527905,0.023323615160349854,0.005997501041232819,2.832436853500497,3.5,3.448625376257986,0.0,False,False
saxs_theta6,amide,97,97:456-VAL-H--457-ASP-H,0.04703793281879012,0.023323615160349854,0.005997501041232819,2.7702391175866814,3.5,3.9540331040218804,0.0,False,False
saxs_theta6,amide,98,98:457-ASP-H--458-ALA-H,0.043606211296657316,0.023323615160349854,0.005997501041232819,2.8410827398609677,3.5,3.381841203005154,0.0,False,False
saxs_theta6,amide,99,99:456-VAL-H--458-ALA-H,0.013054111800659107,0.011739293764087149,0.0024012191790178257,4.247019196960743,4.4,0.5475626915114679,0.0,False,False
saxs_theta6,amide,100,100:457-ASP-H--458-ALA-H,0.043606211296657316,0.023323615160349854,0.005997501041232819,2.8410827398609677,3.5,3.381841203005154,0.0,False,False
saxs_theta6,amide,101,101:455-HIS-H--456-VAL-H,0.04400674944527905,0.023323615160349854,0.005997501041232819,2.832436853500497,3.5,3.448625376257986,0.0,False,False
saxs_theta6,amide,102,102:456-VAL-H--457-ASP-H,0.04703793281879012,0.023323615160349854,0.005997501041232819,2.7702391175866814,3.5,3.9540331040218804,0.0,False,False
saxs_theta6,amide,103,103:455-HIS-H--457-ASP-H,0.012726402344100043,0.011739293764087149,0.0024012191790178257,4.283164788538832,4.4,0.41108641336800106,0.0,False,False
saxs_theta6,amide,104,104:459-LEU-H--460-ARG-H,0.04378831962159764,0.023323615160349854,0.005997501041232819,2.8371387374108727,3.5,3.4122052369066624,0.0,False,False
saxs_theta6,amide,105,105:457-ASP-H--459-LEU-H,0.012323246951287914,0.011739293764087149,0.0024012191790178257,4.329372452849322,4.4,0.24319028945938223,0.0,False,False
saxs_theta6,amide,106,106:460-ARG-H--461-THR-H,0.04137929398461515,0.023323615160349854,0.005997501041232819,2.8911612061356973,3.5,3.010533670629235,0.0,False,False
saxs_theta6,amide,107,107:461-THR-H--462-HIS-H,0.05481162036851971,0.023323615160349854,0.005997501041232819,2.6325448949582175,3.5,5.250187535056655,0.0,False,False
saxs_theta6,amide,108,108:461-THR-H--463-LEU-H,0.013350782934162808,0.011739293764087149,0.0024012191790178257,4.215325234557234,4.4,0.6711129013782111,0.0,False,False
saxs_theta6,amide,109,109:462-HIS-H--463-LEU-H,0.06310614326964233,0.023323615160349854,0.005997501041232819,2.511748319147942,3.5,6.633184027111892,0.0,False,False
saxs_theta6,amide,110,110:470-LEU-H--471-ARG-H,0.04074037650053199,0.023323615160349854,0.005997501041232819,2.906196579373693,3.5,2.904003054012314,0.0,False,False
saxs_theta6,amide,111,111:472-GLN-H--473-ARG-H,0.04622221465547416,0.023323615160349854,0.005997501041232819,2.7864403469478454,3.5,3.8180234297078792,0.0,False,False
saxs_theta6,amide,112,112:474-LEU-H--475-ALA-H,0.04779517042189501,0.023323615160349854,0.005997501041232819,2.7555311729317222,3.5,4.080291957150689,0.0,False,False
saxs_theta6,amide,113,113:473-ARG-H--474-LEU-H,0.04311152747643465,0.023323615160349854,0.005997501041232819,2.851908120618117,3.5,3.2993595465916394,0.0,False,False
saxs_theta6,amide,114,114:471-ARG-H--472-GLN-H,0.0437089525513076,0.023323615160349854,0.005997501041232819,2.8388549322406558,3.5,3.398971880256219,0.0,False,False
saxs_theta6,amide,115,115:470-LEU-H--471-ARG-H,0.04074037650053199,0.023323615160349854,0.005997501041232819,2.906196579373693,3.5,2.904003054012314,0.0,False,False
saxs_theta6,amide,116,116:475-ALA-H--476-ALA-H,0.0424012931859415,0.023323615160349854,0.005997501041232819,2.8677434682318936,3.5,3.1809378430170514,0.0,False,False
saxs_theta6,amide,117,117:476-ALA-H--477-ARG-H,0.044373297605637206,0.023323615160349854,0.005997501041232819,2.824616110416251,3.5,3.5097421910510374,0.0,False,False
saxs_theta6,amide,118,118:477-ARG-H--478-LEU-H,0.04381880247405699,0.023323615160349854,0.005997501041232819,2.8364806930796314,3.5,3.4172878291813085,0.0,False,False
saxs_theta6,amide,119,119:466-TYR-H--467-SER-H,0.05332836731595912,0.023323615160349854,0.005997501041232819,2.656728884027204,3.5,5.002875689279018,0.0,False,False
saxs_theta6,amide,120,120:467-SER-H--468-ASP-H,0.04124080046513421,0.023323615160349854,0.005997501041232819,2.8943939247806587,3.5,2.987441799776892,0.0,False,False
saxs_theta6,amide,121,121:470-LEU-H--472-GLN-H,0.012238156535017466,0.011739293764087149,0.0024012191790178257,4.33938315448704,4.4,0.20775395069698205,0.0,False,False
saxs_theta6,amide,122,122:472-GLN-H--473-ARG-H,0.04622221465547416,0.023323615160349854,0.005997501041232819,2.7864403469478454,3.5,3.8180234297078792,0.0,False,False
saxs_theta6,amide,123,123:479-GLU-H--480-ALA-H,0.04236707474521252,0.023323615160349854,0.005997501041232819,2.86851531998752,3.5,3.175232393281616,0.0,False,False
saxs_theta6,amide,124,124:480-ALA-H--481-LEU-H,0.0469640942690451,0.023323615160349854,0.005997501041232819,2.7716901788369013,3.5,3.9417215513873116,0.0,False,False
saxs_theta6,amide,125,125:478-LEU-H--479-GLU-H,0.04423813276409493,0.023323615160349854,0.005997501041232819,2.827489955412932,3.5,3.487205331013329,0.0,False,False
saxs_theta6,amide,126,126:476-ALA-H--478-LEU-H,0.012360648164087796,0.011739293764087149,0.0024012191790178257,4.325001393682227,4.4,0.2587662156916471,0.0,False,False
saxs_theta6,amide,127,127:478-LEU-H--480-ALA-H,0.012389273000692654,0.011739293764087149,0.0024012191790178257,4.321667920513504,4.4,0.27068717520046065,0.0,False,False
saxs_theta6,amide,128,128:480-ALA-H--481-LEU-H,0.0469640942690451,0.023323615160349854,0.005997501041232819,2.7716901788369013,3.5,3.9417215513873116,0.0,False,False
saxs_theta6,amide,129,129:485-GLY-H--486-GLY-H,0.04299762675689307,0.023323615160349854,0.005997501041232819,2.8544241352920796,3.5,3.280368183562519,0.0,False,False
saxs_theta6,amide,130,130:486-GLY-H--487-ALA-H,0.046061340509937314,0.023323615160349854,0.005997501041232819,2.7896805576660233,3.5,3.791199900302743,0.0,False,False
saxs_theta6,amide,131,131:486-GLY-H--488-ARG-H,0.012035501234767439,0.011739293764087149,0.0024012191790178257,4.363603412772326,4.4,0.12335711511410125,0.0,False,False
saxs_theta6,amide,132,132:484-ASN-H--485-GLY-H,0.05238355273569712,0.023323615160349854,0.005997501041232819,2.6726064783196692,3.5,4.845340980445055,0.0,False,False
saxs_theta6,amide,133,133:485-GLY-H--486-GLY-H,0.04299762675689307,0.023323615160349854,0.005997501041232819,2.8544241352920796,3.5,3.280368183562519,0.0,False,False
saxs_theta6,amide,134,134:485-GLY-H--487-ALA-H,0.011498940709720304,0.011739293764087149,0.0024012191790178257,4.43044539669549,4.4,-0.10009625796223932,0.01001926085804316,True,False
saxs_theta6,amide,135,135:484-ASN-H--486-GLY-H,0.010456384412925703,0.011739293764087149,0.0024012191790178257,4.573052139343551,4.4,-0.5342741563834236,0.28544887417921894,True,False
saxs_theta6,amide,136,136:484-ASN-H--485-GLY-H,0.05238355273569712,0.023323615160349854,0.005997501041232819,2.6726064783196692,3.5,4.845340980445055,0.0,False,False
saxs_theta6,amide,137,137:486-GLY-H--487-ALA-H,0.046061340509937314,0.023323615160349854,0.005997501041232819,2.7896805576660233,3.5,3.791199900302743,0.0,False,False
saxs_theta6,amide,138,138:488-ARG-H--490-ALA-H,0.012067555285567744,0.011739293764087149,0.0024012191790178257,4.359736427069158,4.4,0.13670618840170348,0.0,False,False
saxs_theta6,amide,139,139:486-GLY-H--488-ARG-H,0.012035501234767439,0.011739293764087149,0.0024012191790178257,4.363603412772326,4.4,0.12335711511410125,0.0,False,False
saxs_theta6,amide,140,140:490-ALA-H--491-GLU-H,0.04259496204513311,0.023323615160349854,0.005997501041232819,2.8633905553000494,3.5,3.2132294354419866,0.0,False,False
saxs_theta6,amide,141,141:491-GLU-H--492-TYR-H,0.044590628048777205,0.023323615160349854,0.005997501041232819,2.820019665453873,3.5,3.545979023966255,0.0,False,False
saxs_theta6,amide,142,142:490-ALA-H--492-TYR-H,0.012585884750407644,0.011739293764087149,0.0024012191790178257,4.29904591119259,4.4,0.35256714327376715,0.0,False,False
saxs_theta6,amide,143,143:491-GLU-H--493-HIS-H,0.01304772189674674,0.011739293764087149,0.0024012191790178257,4.247712386057084,4.4,0.5449015833676535,0.0,False,False
saxs_theta6,amide,144,144:493-HIS-H--494-ALA-H,0.04393011667645331,0.023323615160349854,0.005997501041232819,2.834082887426939,3.5,3.4358479264003057,0.0,False,False
saxs_theta6,amide,145,145:494-ALA-H--495-LYS-H,0.041288679222980816,0.023323615160349854,0.005997501041232819,2.893274702843643,3.5,2.9954249176650656,0.0,False,False
saxs_theta6,amide,146,146:496-ALA-H--497-THR-H,0.041872453787804444,0.023323615160349854,0.005997501041232819,2.8797659742858808,3.5,3.0927612183693385,0.0,False,False
saxs_theta6,amide,147,147:495-LYS-H--496-ALA-H,0.04516123351711916,0.023323615160349854,0.005997501041232819,2.8080924476296474,3.5,3.6411195607363274,0.0,False,False
saxs_theta6,amide,148,148:495-LYS-H--496-ALA-H,0.04516123351711916,0.023323615160349854,0.005997501041232819,2.8080924476296474,3.5,3.6411195607363274,0.0,False,False
saxs_theta6,amide,149,149:494-ALA-H--496-ALA-H,0.012170742900243734,0.011739293764087149,0.0024012191790178257,4.347380341835139,4.4,0.17967919793688344,0.0,False,False
saxs_theta6,amide,150,150:493-HIS-H--495-LYS-H,0.011966195212386538,0.011739293764087149,0.0024012191790178257,4.372011599343572,4.4,0.09449426786279402,0.0,False,False
saxs_theta6,amide,151,151:493-HIS-H--496-ALA-H,0.009083449330923086,0.011739293764087149,0.0024012191790178257,4.792731145345192,4.4,-1.1060399885071661,1.223324456176932,True,True
saxs_theta6,amide,152,152:496-ALA-H--497-THR-H,0.041872453787804444,0.023323615160349854,0.005997501041232819,2.8797659742858808,3.5,3.0927612183693385,0.0,False,False
saxs_theta6,amide,153,153:495-LYS-H--497-THR-H,0.01113260744613277,0.011739293764087149,0.0024012191790178257,4.4785184551049895,4.4,-0.2526576179532817,0.06383587190982644,True,False
saxs_theta6,amide,154,154:497-THR-H--498-GLU-H,0.04331466179884041,0.023323615160349854,0.005997501041232819,2.847442901172156,3.5,3.333229373542766,0.0,False,False
saxs_theta6,amide,155,155:497-THR-H--498-GLU-H,0.04331466179884041,0.023323615160349854,0.005997501041232819,2.847442901172156,3.5,3.333229373542766,0.0,False,False
saxs_theta6,amide,156,156:498-GLU-H--499-HIS-H,0.04359622300684965,0.023323615160349854,0.005997501041232819,2.841299695894517,3.5,3.3801757944059734,0.0,False,False
saxs_theta6,amide,157,157:496-ALA-H--498-GLU-H,0.011513840288184035,0.011739293764087149,0.0024012191790178257,4.4285334871440885,4.4,-0.0938912523576177,0.00881556726928185,True,False
saxs_theta6,amide,158,158:499-HIS-H--500-LEU-H,0.04240017576506704,0.023323615160349854,0.005997501041232819,2.8677686603307957,3.5,3.1807515286059704,0.0,False,False
saxs_theta6,amide,159,159:499-HIS-H--500-LEU-H,0.04240017576506704,0.023323615160349854,0.005997501041232819,2.8677686603307957,3.5,3.1807515286059704,0.0,False,False
saxs_theta6,amide,160,160:498-GLU-H--499-HIS-H,0.04359622300684965,0.023323615160349854,0.005997501041232819,2.841299695894517,3.5,3.3801757944059734,0.0,False,False
saxs_theta6,amide,161,161:500-LEU-H--501-SER-H,0.04402196510497948,0.023323615160349854,0.005997501041232819,2.832110483384267,3.5,3.4511623761844263,0.0,False,False
saxs_theta6,amide,162,162:501-SER-H--503-LEU-H,0.012680865581966455,0.011739293764087149,0.0024012191790178257,4.288285586644114,4.4,0.39212239603401755,0.0,False,False
saxs_theta6,amide,163,163:503-LEU-H--504-SER-H,0.04232188354209611,0.023323615160349854,0.005997501041232819,2.869535954663582,3.5,3.167697387817553,0.0,False,False
saxs_theta6,amide,164,164:504-SER-H--505-GLU-H,0.04308182280240991,0.023323615160349854,0.005997501041232819,2.8525634282230796,3.5,3.29440670476293,0.0,False,False
saxs_theta6,amide,165,165:504-SER-H--506-LYS-H,0.012364395417623058,0.011739293764087149,0.0024012191790178257,4.324564426251333,4.4,0.2603267785790363,0.0,False,False
saxs_theta6,amide,166,166:503-LEU-H--504-SER-H,0.04232188354209611,0.023323615160349854,0.005997501041232819,2.869535954663582,3.5,3.167697387817553,0.0,False,False
saxs_theta6,amide,167,167:507-ALA-H--508-LYS-H,0.04206989179060893,0.023323615160349854,0.005997501041232819,2.87525390319147,3.5,3.1256812631425035,0.0,False,False
saxs_theta6,amide,168,168:505-GLU-H--506-LYS-H,0.04717854775839081,0.023323615160349854,0.005997501041232819,2.7674841603032023,3.5,3.9774786922150236,0.0,False,False
saxs_theta6,amide,169,169:506-LYS-H--507-ALA-H,0.05353693990920222,0.023323615160349854,0.005997501041232819,2.653274309868802,3.5,5.037652272360732,0.0,False,False
saxs_theta6,amide,170,170:517-GLY-H--519-LEU-H,0.012015613019158641,0.011739293764087149,0.0024012191790178257,4.366009627853474,4.4,0.11507456607293781,0.0,False,False
saxs_theta6,amide,171,171:517-GLY-H--518-LEU-H,0.05848791612652374,0.023323615160349854,0.005997501041232819,2.5761903590888036,3.5,5.863158793040522,0.0,False,False
saxs_theta6,amide,172,172:516-GLN-H--518-LEU-H,0.012380570849254788,0.011739293764087149,0.0024012191790178257,4.32268023249948,4.4,0.2670631197564988,0.0,False,False
saxs_theta6,amide,173,173:519-LEU-H--521-VAL-H,0.011070067647247234,0.011739293764087149,0.0024012191790178257,4.486936345530717,4.4,-0.2787026368470242,0.07767515978548424,True,False
saxs_theta6,amide,174,174:521-VAL-H--522-LEU-H,0.05466454973451713,0.023323615160349854,0.005997501041232819,2.6349036652514846,3.5,5.225665549484418,0.0,False,False
saxs_theta6,amide,175,175:518-LEU-H--519-LEU-H,0.04453667673673731,0.023323615160349854,0.005997501041232819,2.821157921068575,3.5,3.5369833920073805,0.0,False,False
saxs_theta6,amide,176,176:518-LEU-H--519-LEU-H,0.04453667673673731,0.023323615160349854,0.005997501041232819,2.821157921068575,3.5,3.5369833920073805,0.0,False,False
saxs_theta6,amide,177,177:521-VAL-H--523-GLU-H,0.01173563449230641,0.011739293764087149,0.0024012191790178257,4.4004572717586505,4.4,-0.0015239224360337812,2.322339591047134e-06,True,False
saxs_theta6,amide,178,178:521-VAL-H--522-LEU-H,0.05466454973451713,0.023323615160349854,0.005997501041232819,2.6349036652514846,3.5,5.225665549484418,0.0,False,False
saxs_theta6,amide,179,179:522-LEU-H--523-GLU-H,0.0415105946810484,0.023323615160349854,0.005997501041232819,2.88810967649746,3.5,3.032426238138696,0.0,False,False
saxs_theta6,amide,180,180:523-GLU-H--524-SER-H,0.04553778118026742,0.023323615160349854,0.005997501041232819,2.8003310639680676,3.5,3.7039036537376444,0.0,False,False
saxs_theta6,amide,181,181:525-PHE-H--526-LYS-H,0.04457620738947298,0.023323615160349854,0.005997501041232819,2.8203237301908652,3.5,3.543574579314211,0.0,False,False
saxs_theta6,amide,182,182:523-GLU-H--525-PHE-H,0.011810568874187119,0.011739293764087149,0.0024012191790178257,4.391131009398318,4.4,0.029682883896139663,0.0,False,False
saxs_theta6,amide,183,183:522-LEU-H--524-SER-H,0.012313399982867967,0.011739293764087149,0.0024012191790178257,4.330526204993001,4.4,0.2390894691319454,0.0,False,False
saxs_theta6,amide,184,184:522-LEU-H--523-GLU-H,0.0415105946810484,0.023323615160349854,0.005997501041232819,2.88810967649746,3.5,3.032426238138696,0.0,False,False
saxs_theta6,amide,185,185:523-GLU-H--524-SER-H,0.04553778118026742,0.023323615160349854,0.005997501041232819,2.8003310639680676,3.5,3.7039036537376444,0.0,False,False
saxs_theta6,amide,186,186:525-PHE-H--526-LYS-H,0.04457620738947298,0.023323615160349854,0.005997501041232819,2.8203237301908652,3.5,3.543574579314211,0.0,False,False
saxs_theta6,amide,187,187:526-LYS-H--527-VAL-H,0.03760997352209348,0.023323615160349854,0.005997501041232819,2.9846883523988006,3.5,2.3820518351768363,0.0,False,False
saxs_theta6,amide,188,188:526-LYS-H--527-VAL-H,0.03760997352209348,0.023323615160349854,0.005997501041232819,2.9846883523988006,3.5,2.3820518351768363,0.0,False,False
saxs_theta6,amide,189,189:521-VAL-H--523-GLU-H,0.01173563449230641,0.011739293764087149,0.0024012191790178257,4.4004572717586505,4.4,-0.0015239224360337812,2.322339591047134e-06,True,False
saxs_theta6,amide,190,190:527-VAL-H--528-SER-H,0.04707503911961284,0.023323615160349854,0.005997501041232819,2.7695110576755617,3.5,3.96022006431878,0.0,False,False
saxs_theta6,amide,191,191:527-VAL-H--528-SER-H,0.04707503911961284,0.023323615160349854,0.005997501041232819,2.7695110576755617,3.5,3.96022006431878,0.0,False,False
saxs_theta6,amide,192,192:528-SER-H--529-PHE-H,0.04391778973996441,0.023323615160349854,0.005997501041232819,2.834348021380468,3.5,3.4337925809482326,0.0,False,False
saxs_theta6,amide,193,193:536-TYR-H--537-THR-H,0.046941894866344556,0.023323615160349854,0.005997501041232819,2.7721270321691054,3.5,3.938020109312034,0.0,False,False
saxs_theta6,amide,194,194:537-THR-H--538-LYS-H,0.044555673995242136,0.023323615160349854,0.005997501041232819,2.8207569105250907,3.5,3.5401509210122484,0.0,False,False
saxs_theta6,amide,195,195:536-TYR-H--538-LYS-H,0.011996922745287368,0.011739293764087149,0.0024012191790178257,4.368275752746718,4.4,0.10729090599117976,0.0,False,False
saxs_theta6,amide,196,196:536-TYR-H--538-LYS-H,0.011996922745287368,0.011739293764087149,0.0024012191790178257,4.368275752746718,4.4,0.10729090599117976,0.0,False,False
saxs_theta6,amide,197,197:535-GLU-H--537-THR-H,0.01364324196510655,0.011739293764087149,0.0024012191790178257,4.184987252869054,4.4,0.7929089596053353,0.0,False,False
saxs_theta6,amide,198,198:370-GLU-H--371-PHE-H,0.04745055337935463,0.023323615160349854,0.005997501041232819,2.7621859134063653,3.5,4.022831851654894,0.0,False,False
saxs_theta6,amide,199,199:419-VAL-H--420-GLU-H,0.04557502896228184,0.023323615160349854,0.005997501041232819,2.7995679666297355,3.5,3.7101142040582435,0.0,False,False
saxs_theta6,amide,200,200:503-LEU-H--505-GLU-H,0.011606062173846719,0.011739293764087149,0.0024012191790178257,4.416772557360677,4.4,-0.05548497671708852,0.0030785826412958552,True,False
saxs_theta6,amide,201,201:372-TRP-HD1--373-ASP-H,0.013223462808779651,0.006010518407212622,0.0009835393757257017,4.228810920369175,5.5,7.333661040509922,0.0,False,False
saxs_theta6,amide,202,202:492-TYR-QD--493-HIS-H,0.009725614740120587,0.0022512637902654935,0.0002655488088124435,4.684835140956063,7.63,28.14680654483451,0.0,False,False
saxs_theta6,amide,203,203:525-PHE-QD--526-LYS-H,0.012605604550050983,0.0022512637902654935,0.0002655488088124435,4.296802978448882,7.63,38.992231997164545,0.0,False,False
saxs_theta6,amide,204,204:525-PHE-QD--527-VAL-H,0.003497006590823374,0.0022512637902654935,0.0002655488088124435,6.588216307901012,7.63,4.691200861073137,0.0,False,False
saxs_theta6,amide,205,205:400-TYR-QD--402-ASP-H,0.0035180511517938352,0.0022512637902654935,0.0002655488088124435,6.57505338606074,7.63,4.770450175218336,0.0,False,False
saxs_theta6,amide,206,206:400-TYR-QD--401-LEU-H,0.011887384627346282,0.0022512637902654935,0.0002655488088124435,4.381652131230536,7.63,36.28756943092431,0.0,False,False
saxs_theta6,amide,207,207:408-TRP-HD1--409-GLN-H,0.011419733097561268,0.006010518407212622,0.0009835393757257017,4.440665039237774,5.5,5.499743908430175,0.0,False,False
saxs_theta6,amide,208,208:371-PHE-QD--372-TRP-HE1,0.00226015812717181,0.0022512637902654935,0.0002655488088124435,7.619978133869291,7.63,0.0334941698518348,0.0,False,False
saxs_theta6,amide,209,209:451-ARG-QD--452-ALA-H,0.005613160226625998,0.003850684739542303,0.0005432000416282245,5.6268350871357,6.38,3.244615891045833,0.0,False,False
saxs_theta6,amide,210,210:464-ALA-H--466-TYR-QD,0.0023491076086112807,0.0022512637902654935,0.0002655488088124435,7.522560620050308,7.63,0.36845888627161594,0.0,False,False
saxs_theta6,amide,211,211:466-TYR-QD--467-SER-H,0.011236242211312093,0.0022512637902654935,0.0002655488088124435,4.464707061356653,7.63,33.83550640361813,0.0,False,False
saxs_theta6,amide,212,212:470-LEU-H--472-GLN-1HE2,0.00172361881909325,0.006010518407212622,0.0009835393757257017,8.340388054464706,5.5,-4.358645615948316,18.997791605425473,True,True
saxs_theta6,amide,213,213:400-TYR-QD--403-ASP-H,0.004331592470006777,0.0022512637902654935,0.0002655488088124435,6.134570144012861,7.63,7.8340727229946445,0.0,False,False
saxs_theta6,amide,214,214:477-ARG-QD--478-LEU-H,0.005638488057438515,0.003850684739542303,0.0005432000416282245,5.618397278344512,6.38,3.291242969233452,0.0,False,False
saxs_theta6,amide,215,215:524-SER-H--525-PHE-QD,0.0038910383646252183,0.0022512637902654935,0.0002655488088124435,6.357867834926889,7.63,6.175040218379943,0.0,False,False
saxs_theta6,amide,216,216:370-GLU-H--371-PHE-QD,0.003326243193055879,0.0022512637902654935,0.0002655488088124435,6.699082615989412,7.63,4.0481424397939625,0.0,False,False
saxs_theta6,amide,217,217:491-GLU-H--492-TYR-QD,0.00546775495602418,0.0022512637902654935,0.0002655488088124435,5.6762779367203855,7.63,12.112617564142367,0.0,False,False
saxs_theta6,amide,218,218:492-TYR-QD--494-ALA-H,0.0033175820640192746,0.0022512637902654935,0.0002655488088124435,6.704907259669061,7.63,4.015526480884797,0.0,False,False
saxs_theta6,amide,219,219:357-PHE-QD--359-LYS-H,0.003916810754812587,0.0022512637902654935,0.0002655488088124435,6.34389233535928,7.63,6.272093525840161,0.0,False,False
saxs_theta6,amide,220,220:372-TRP-HE1--373-ASP-H,0.003605198165065835,0.006010518407212622,0.0009835393757257017,6.521641969744599,5.5,-2.4455759489771607,5.98084172221554,True,True
saxs_theta6,amide,221,221:372-TRP-HE1--373-ASP-H,0.003605198165065835,0.006010518407212622,0.0009835393757257017,6.521641969744599,5.5,-2.4455759489771607,5.98084172221554,True,True
saxs_theta6,amide,222,222:368-THR-QG2--372-TRP-HE1,0.006891267130697963,0.0036079226054996985,0.000498026126526032,5.2549304404011385,6.52,6.592715422584649,0.0,False,False
saxs_theta6,amide,223,223:360-LEU-QD1--361-ARG-H,0.006109370269405109,0.0036079226054996985,0.000498026126526032,5.470174545693786,6.52,5.022723770245132,0.0,False,False
saxs_theta6,amide,224,224:364-LEU-QD1--365-GLY-H,0.005025475617209531,0.0036079226054996985,0.000498026126526032,5.838136926114791,6.52,2.846342663984188,0.0,False,False
saxs_theta6,amide,225,225:364-LEU-QD1--368-THR-H,0.002661237326589245,0.0036079226054996985,0.000498026126526032,7.216148544546693,6.52,-1.900874730235603,3.613324740048277,True,True
saxs_theta6,amide,226,226:367-VAL-QG1--368-THR-H,0.014196241942119688,0.0036079226054996985,0.000498026126526032,4.129925358421849,6.52,21.26057002366227,0.0,False,False
saxs_theta6,amide,227,227:375-LEU-QD1--376-GLU-H,0.005866842863225218,0.0036079226054996985,0.000498026126526032,5.544535662929069,6.52,4.535746494832625,0.0,False,False
saxs_theta6,amide,228,228:470-LEU-QD1--471-ARG-H,0.006674902185082556,0.0036079226054996985,0.000498026126526032,5.311106759967124,6.52,6.158270452549331,0.0,False,False
saxs_theta6,amide,229,229:470-LEU-QD1--472-GLN-2HE2,0.0006400417988616726,0.0036079226054996985,0.000498026126526032,11.603719473768141,6.52,-5.959287371809988,35.51310597981399,True,True
saxs_theta6,amide,230,230:454-ALA-H--456-VAL-QG1,0.0022218049641584796,0.0036079226054996985,0.000498026126526032,7.663574007167274,6.52,-2.7832227417666733,7.746328830287198,True,True
saxs_theta6,amide,231,231:455-HIS-H--456-VAL-QG1,0.0030525376268563643,0.0036079226054996985,0.000498026126526032,6.893603884900069,6.52,-1.1151723756289804,1.243609427365984,True,True
saxs_theta6,amide,232,232:456-VAL-QG1--457-ASP-H,0.012871713495577572,0.0036079226054996985,0.000498026126526032,4.266985940086307,6.52,18.601013875912898,0.0,False,False
saxs_theta6,amide,233,233:456-VAL-QG1--457-ASP-H,0.012871713495577572,0.0036079226054996985,0.000498026126526032,4.266985940086307,6.52,18.601013875912898,0.0,False,False
saxs_theta6,amide,234,234:470-LEU-QD1--472-GLN-2HE2,0.0006400417988616726,0.0036079226054996985,0.000498026126526032,11.603719473768141,6.52,-5.959287371809988,35.51310597981399,True,True
saxs_theta6,amide,235,235:470-LEU-QD1--472-GLN-1HE2,0.0005833126740000936,0.0036079226054996985,0.000498026126526032,11.968310903338525,6.52,-6.073195301213796,36.883701166685334,True,True
saxs_theta6,amide,236,236:470-LEU-QD1--472-GLN-H,0.002625932872836244,0.0036079226054996985,0.000498026126526032,7.248343949246583,6.52,-1.971763488621165,3.8878512550595072,True,True
saxs_theta6,amide,237,237:470-LEU-QD1--471-ARG-H,0.006674902185082556,0.0036079226054996985,0.000498026126526032,5.311106759967124,6.52,6.158270452549331,0.0,False,False
saxs_theta6,amide,238,238:521-VAL-QG1--524-SER-H,0.004837925588803856,0.0036079226054996985,0.000498026126526032,5.912624136266882,6.52,2.469755938074998,0.0,False,False
saxs_theta6,amide,239,239:521-VAL-QG1--522-LEU-H,0.011851925375275761,0.0036079226054996985,0.000498026126526032,4.386017537727927,6.52,16.553353992253147,0.0,False,False
saxs_theta6,amide,240,240:521-VAL-QG1--523-GLU-H,0.003594877448563085,0.0036079226054996985,0.000498026126526032,6.5278771111584515,6.52,-0.02619372005161606,0.0006861109701424332,True,False
saxs_theta6,amide,241,241:453-ARG-QD--456-VAL-QG1,0.002243564003176866,0.002467770911890707,0.00030013430009481567,7.638718612447874,7.4,-0.747021945319184,0.558041786788458,True,False
saxs_theta6,amide,242,242:470-LEU-QD1--473-ARG-H,0.003774535826075795,0.0036079226054996985,0.000498026126526032,6.422618846926424,6.52,0.3345471486371658,0.0,False,False
saxs_theta6,amide,243,243:393-VAL-QG1--395-ALA-H,0.004356203687839085,0.0036079226054996985,0.000498026126526032,6.1229955041349395,6.52,1.5024936293182065,0.0,False,False
saxs_theta6,amide,244,244:393-VAL-QG1--396-LYS-H,0.005587418103791327,0.0036079226054996985,0.000498026126526032,5.635463091520913,6.52,3.974682035457752,0.0,False,False
saxs_theta6,amide,245,245:393-VAL-QG1--394-LYS-H,0.014574675969735999,0.0036079226054996985,0.000498026126526032,4.093866697705728,6.52,22.02043784476649,0.0,False,False
saxs_theta6,amide,246,246:519-LEU-QD1--522-LEU-H,0.003076102898674201,0.0036079226054996985,0.000498026126526032,6.875955336472099,6.52,-1.0678550351066758,1.1403143760026797,True,True
saxs_theta6,amide,247,247:518-LEU-H--519-LEU-QD1,0.003397204397684789,0.0036079226054996985,0.000498026126526032,6.652110285673794,6.52,-0.42310673394741066,0.17901930831164495,True,False
saxs_theta6,amide,248,248:522-LEU-QD1--523-GLU-H,0.006022149525612679,0.0036079226054996985,0.000498026126526032,5.4964568365727136,6.52,4.847590902415816,0.0,False,False
saxs_theta6,amide,249,249:522-LEU-QD1--524-SER-H,0.0023388379667743232,0.0036079226054996985,0.000498026126526032,7.533554855567869,6.52,-2.548229040869485,6.493471244730617,True,True
saxs_theta6,amide,250,250:522-LEU-QD1--525-PHE-QD,0.00358857910505035,0.0015450825141659923,0.00016076003037565235,6.53169392193829,8.65,12.711471788785206,0.0,False,False
saxs_theta6,amide,251,251:521-VAL-H--522-LEU-QD1,0.0032024224642679335,0.0036079226054996985,0.000498026126526032,6.784332514645275,6.52,-0.8142145956484663,0.6629454077669955,True,False
saxs_theta6,amide,252,252:400-TYR-QD--401-LEU-QD1,0.0022907942722968284,0.0015450825141659923,0.00016076003037565235,7.5858567472136205,8.65,4.638663953896445,0.0,False,False
saxs_theta6,amide,253,253:401-LEU-QD1--402-ASP-H,0.0057211763184436635,0.0036079226054996985,0.000498026126526032,5.5911982203466675,6.52,4.243258737618667,0.0,False,False
saxs_theta6,amide,254,254:470-LEU-QD1--471-ARG-QD,0.001247408900903802,0.002467770911890707,0.00030013430009481567,9.289600847794238,7.4,-4.066053132219074,16.53278807402854,True,True
saxs_theta6,amide,255,255:463-LEU-QD1--466-TYR-QD,0.004587446550504078,0.0015450825141659923,0.00016076003037565235,6.018334574317136,8.65,18.924878461573506,0.0,False,False
saxs_theta6,amide,256,256:463-LEU-QD1--464-ALA-H,0.006385535963320522,0.0036079226054996985,0.000498026126526032,5.39015037816082,6.52,5.577244264665373,0.0,False,False
saxs_theta6,amide,257,257:532-ALA-QB--533-LEU-H,0.02575532888433828,0.0036079226054996985,0.000498026126526032,3.3861872229686356,6.52,44.47037032640682,0.0,False,False
saxs_theta6,amide,258,258:510-ALA-H--511-LEU-QD1,0.0033804086092253916,0.0036079226054996985,0.000498026126526032,6.6631092424446825,6.52,-0.4568314475012079,0.20869497142604887,True,False
saxs_theta6,amide,259,259:375-LEU-QD1--376-GLU-H,0.005866842863225214,0.0036079226054996985,0.000498026126526032,5.54453566292907,6.52,4.535746494832618,0.0,False,False
saxs_theta6,amide,260,260:537-THR-QG2--538-LYS-H,0.012480301786252023,0.0036079226054996985,0.000498026126526032,4.311135148300475,6.52,17.815087820073558,0.0,False,False
saxs_theta6,amide,261,261:537-THR-QG2--539-LYS-H,0.003934157765383556,0.0036079226054996985,0.000498026126526032,6.334554486633112,6.52,0.655056316341277,0.0,False,False
saxs_theta6,amide,262,262:500-LEU-QD1--504-SER-H,0.0045478466264611585,0.0036079226054996985,0.000498026126526032,6.035752135218587,6.52,1.8872986192870542,0.0,False,False
saxs_theta6,amide,263,263:396-LYS-H--397-VAL-QG1,0.004233416331393609,0.0036079226054996985,0.000498026126526032,6.1816299924236136,6.52,1.255945607225519,0.0,False,False
saxs_theta6,amide,264,264:397-VAL-QG1--400-TYR-QD,0.0036285861772694652,0.0015450825141659923,0.00016076003037565235,6.507600033537489,8.65,12.960333848126881,0.0,False,False
saxs_theta6,amide,265,265:417-GLN-H--419-VAL-QG1,0.00255482658261103,0.0036079226054996985,0.000498026126526032,7.3149751971866,6.52,-2.114539713477508,4.471278199873542,True,True
saxs_theta6,amide,266,266:416-ARG-H--419-VAL-QG1,0.0030720278597886064,0.0036079226054996985,0.000498026126526032,6.878994306860781,6.52,-1.0760374148424936,1.1578565181409166,True,True
saxs_theta6,amide,267,267:419-VAL-QG1--420-GLU-H,0.018298863044851475,0.0036079226054996985,0.000498026126526032,3.794826847231945,6.52,29.49833283211072,0.0,False,False
saxs_theta6,amide,268,268:519-LEU-QD1--521-VAL-H,0.002559941549537454,0.0036079226054996985,0.000498026126526032,7.310099981206267,6.52,-2.1042692343721168,4.427949010725015,True,True
saxs_theta6,amide,269,269:519-LEU-QD1--523-GLU-H,0.003530225832947851,0.0036079226054996985,0.000498026126526032,6.567486223613261,6.52,-0.15600943085821478,0.0243389425167041,True,False
saxs_theta6,amide,270,270:489-LEU-QD1--492-TYR-QD,0.004813417972166244,0.0015450825141659923,0.00016076003037565235,5.9226419027126616,8.65,20.330522769640204,0.0,False,False
saxs_theta6,amide,271,271:364-LEU-QD1--367-VAL-H,0.0011898058287851086,0.0036079226054996985,0.000498026126526032,9.437159660111393,6.52,-4.85540144968317,23.57492323758543,True,True
saxs_theta6,amide,272,272:532-ALA-H--533-LEU-QD1,0.002840550872829808,0.0036079226054996985,0.000498026126526032,7.060993463187508,6.52,-1.5408262574951073,2.3741455557863786,True,True
saxs_theta6,amide,273,273:444-LEU-QD1--447-GLU-H,0.0046568149513531425,0.0036079226054996985,0.000498026126526032,5.988301706374023,6.52,2.106099037755237,0.0,False,False
saxs_theta6,amide,274,274:444-LEU-QD1--446-GLU-H,0.0027752849989827804,0.0036079226054996985,0.000498026126526032,7.11591585453368,6.52,-1.6718753538593638,2.795167198842373,True,True
saxs_theta6,amide,275,275:444-LEU-QD1--445-GLY-H,0.006153743943652462,0.0036079226054996985,0.000498026126526032,5.45699462749868,6.52,5.111822859397102,0.0,False,False
saxs_theta6,amide,276,276:488-ARG-H--489-LEU-QD1,0.0024169056121762754,0.0036079226054996985,0.000498026126526032,7.45155257411274,6.52,-2.391474924481032,5.719152314421557,True,True
saxs_theta6,amide,277,277:489-LEU-QD1--490-ALA-H,0.006011730767154972,0.0036079226054996985,0.000498026126526032,5.499630254678965,6.52,4.826670798222924,0.0,False,False
saxs_theta6,amide,278,278:489-LEU-QD1--492-TYR-H,0.004437714369855621,0.0036079226054996985,0.000498026126526032,6.085275123935324,6.52,1.666161111153169,0.0,False,False
saxs_theta6,amide,279,279:489-LEU-QD1--490-ALA-QB,0.002181345574318144,0.0023328454202689143,0.0002784563498994725,7.710665129117591,7.54,-0.544070357905159,0.29601255435104784,True,False
saxs_theta6,amide,280,280:389-ASP-H--390-LEU-QD1,0.0020616967370871786,0.0036079226054996985,0.000498026126526032,7.8570298929042375,6.52,-3.104708339697311,9.639213874586035,True,True
saxs_theta6,amide,281,281:390-LEU-QD1--391-GLU-H,0.006495924628253857,0.0036079226054996985,0.000498026126526032,5.359443220927389,6.52,5.798896621949012,0.0,False,False
saxs_theta6,amide,282,282:357-PHE-QD--360-LEU-QD1,0.0024772036339100367,0.0015450825141659923,0.00016076003037565235,7.390595453725141,8.65,5.798214379320106,0.0,False,False
saxs_theta6,amide,283,283:360-LEU-QD1--361-ARG-H,0.006109370269405107,0.0036079226054996985,0.000498026126526032,5.470174545693787,6.52,5.022723770245128,0.0,False,False
saxs_theta6,amide,284,284:514-LEU-QD1--515-ARG-H,0.005838832555981678,0.0036079226054996985,0.000498026126526032,5.553387687240886,6.52,4.4795038486105785,0.0,False,False
saxs_theta6,amide,285,285:364-LEU-QD1--367-VAL-QG1,0.0008447099618507207,0.0023328454202689143,0.0002784563498994725,10.578663303741381,7.54,-5.344232440579774,28.56082037894525,True,True
saxs_theta6,amide,286,286:530-LEU-QD1--533-LEU-QD1,0.0031493567853047412,0.0023328454202689143,0.0002784563498994725,6.82222510730873,7.54,2.932277771114221,0.0,False,False
saxs_theta6,amide,287,287:530-LEU-QD1--533-LEU-QD1,0.0031493567853047412,0.0023328454202689143,0.0002784563498994725,6.82222510730873,7.54,2.932277771114221,0.0,False,False
saxs_theta6,amide,288,288:417-GLN-H--419-VAL-QG1,0.00255482658261103,0.0036079226054996985,0.000498026126526032,7.3149751971866,6.52,-2.114539713477508,4.471278199873542,True,True
saxs_theta6,amide,289,289:521-VAL-QG1--522-LEU-QD1,0.002088269795717712,0.0023328454202689143,0.0002784563498994725,7.823560842345765,7.54,-0.8783266197359059,0.7714576509367026,True,False
saxs_theta6,amide,290,290:452-ALA-QB--453-ARG-H,0.02620848341062712,0.0036079226054996985,0.000498026126526032,3.3665574995443808,6.52,45.380271438321984,0.0,False,False
saxs_theta6,amide,291,291:490-ALA-QB--491-GLU-H,0.026786896001671688,0.0036079226054996985,0.000498026126526032,3.3421494750554723,6.52,46.541681573728475,0.0,False,False
saxs_theta6,methyl,0,0:64-LEU-QD2--67-VAL-QG2,0.002184278851986944,0.001953125,0.00021972656249999998,7.707212020896201,8.0,1.0520068641539146,0.0,False,False
saxs_theta6,methyl,1,1:364-LEU-QD2--367-VAL-QG2,0.0007000273215491609,0.001953125,0.00021972656249999998,11.262332280454231,8.0,-5.702986767705154,32.52405807262008,True,True
saxs_theta6,methyl,2,2:90-LEU-QD2--93-VAL-QG2,0.004829706251820012,0.001953125,0.00021972656249999998,5.9159763282579965,8.0,13.091640897171969,0.0,False,False
saxs_theta6,methyl,3,3:390-LEU-QD2--393-VAL-QG2,0.002468048569874942,0.001953125,0.00021972656249999998,7.3997224870741976,8.0,2.3434743802308473,0.0,False,False
saxs_theta6,methyl,4,4:97-VAL-QG2--101-LEU-QD2,0.003910661602069906,0.001953125,0.00021972656249999998,6.347215654911156,8.0,8.908966580087041,0.0,False,False
saxs_theta6,methyl,5,5:397-VAL-QG2--401-LEU-QD2,0.002878991612873136,0.001953125,0.00021972656249999998,7.029426054620974,8.0,4.213721829253739,0.0,False,False
saxs_theta6,methyl,6,6:119-VAL-QG2--144-LEU-QD2,0.005061528721585683,0.001953125,0.00021972656249999998,5.824242263516434,8.0,14.14669071512773,0.0,False,False
saxs_theta6,methyl,7,7:419-VAL-QG2--444-LEU-QD2,0.006631926706489486,0.001953125,0.00021972656249999998,5.322554217652836,8.0,21.29374643308993,0.0,False,False
saxs_theta6,methyl,8,8:156-VAL-QG2--159-LEU-QD2,0.0047860105835712,0.001953125,0.00021972656249999998,5.933925850251661,8.0,12.892777055897374,0.0,False,False
saxs_theta6,methyl,9,9:456-VAL-QG2--459-LEU-QD2,0.004925539983447198,0.001953125,0.00021972656249999998,5.87735671762785,8.0,13.527790857999696,0.0,False,False
saxs_theta6,methyl,10,10:163-LEU-QD2--159-LEU-QD2,0.003616518797016227,0.001953125,0.00021972656249999998,6.514830052766676,8.0,7.570289991753851,0.0,False,False
saxs_theta6,methyl,11,11:463-LEU-QD2--459-LEU-QD2,0.004079203844079744,0.001953125,0.00021972656249999998,6.258566395745545,8.0,9.67602105038959,0.0,False,False
saxs_theta6,methyl,12,12:200-LEU-QD2--203-LEU-QD2,0.006722205857818625,0.001953125,0.00021972656249999998,5.298619466203033,8.0,21.704616881805656,0.0,False,False
saxs_theta6,methyl,13,13:500-LEU-QD2--503-LEU-QD2,0.00989243423370377,0.001953125,0.00021972656249999998,4.658351720904905,8.0,36.13267846805628,0.0,False,False
saxs_theta6,methyl,14,14:211-LEU-QD2--214-LEU-QD2,0.005661379970282852,0.001953125,0.00021972656249999998,5.610814344757834,8.0,16.87668039808729,0.0,False,False
saxs_theta6,methyl,15,15:511-LEU-QD2--514-LEU-QD2,0.013246504629999009,0.001953125,0.00021972656249999998,4.2263575421612725,8.0,51.39742551608438,0.0,False,False
saxs_theta6,methyl,16,16:214-LEU-QD2--218-LEU-QD2,0.005126589977394034,0.001953125,0.00021972656249999998,5.799498920831237,8.0,14.44279171933996,0.0,False,False
saxs_theta6,methyl,17,17:514-LEU-QD2--518-LEU-QD2,0.005377577088477327,0.001953125,0.00021972656249999998,5.707831165006938,8.0,15.585061949336813,0.0,False,False
saxs_theta6,methyl,18,18:218-LEU-QD2--221-VAL-QG2,0.0015830436067746816,0.001953125,0.00021972656249999998,8.580298048759198,8.0,-1.684281540723227,2.8368043084210073,True,True
saxs_theta6,methyl,19,19:218-LEU-QD2--222-LEU-QD2,0.004864525224762486,0.001953125,0.00021972656249999998,5.901827523497235,8.0,13.250105911807939,0.0,False,False
saxs_theta6,methyl,20,20:518-LEU-QD2--521-VAL-QG2,0.0028564028214987398,0.001953125,0.00021972656249999998,7.04790728324607,8.0,4.110917729843154,0.0,False,False
saxs_theta6,methyl,21,21:518-LEU-QD2--522-LEU-QD2,0.007954764523134426,0.001953125,0.00021972656249999998,5.009459739801215,8.0,27.31412831862068,0.0,False,False
saxs_theta6,methyl,22,22:219-LEU-QD2--222-LEU-QD2,0.009267461763254539,0.001953125,0.00021972656249999998,4.7607977541706425,8.0,33.288359313656215,0.0,False,False
saxs_theta6,methyl,23,23:519-LEU-QD2--522-LEU-QD2,0.0061033095948769414,0.001953125,0.00021972656249999998,5.471984600784024,8.0,18.887951222906615,0.0,False,False
saxs_theta6,methyl,24,24:221-VAL-QG2--222-LEU-QD2,0.0011773364444656064,0.001953125,0.00021972656249999998,9.470359616799357,8.0,-3.5306999149654184,12.465841889536811,True,True
saxs_theta6,methyl,25,25:521-VAL-QG2--522-LEU-QD2,0.0024742052756537656,0.001953125,0.00021972656249999998,7.393579672235943,8.0,2.3714942323086934,0.0,False,False
saxs_theta6,methyl,26,26:230-LEU-QD2--233-LEU-QD2,0.011124239138794768,0.001953125,0.00021972656249999998,4.479641175340378,8.0,41.738759458337086,0.0,False,False
saxs_theta6,methyl,27,27:530-LEU-QD2--533-LEU-QD2,0.007014726377826729,0.001953125,0.00021972656249999998,5.2239188467744855,8.0,23.03591027064254,0.0,False,False
saxs_theta6,methyl,28,28:233-LEU-QD2--503-LEU-QD2,0.01423173243196242,0.001953125,0.00021972656249999998,4.126489489949739,8.0,55.881306712575636,0.0,False,False
saxs_theta6,methyl,29,29:533-LEU-QD2--203-LEU-QD2,0.006076992123734183,0.001953125,0.00021972656249999998,5.479872352244429,8.0,18.768177487572462,0.0,False,False
saxs_theta6,methyl,30,30:470-LEU-QD2--93-VAL-QG2,0.0003663759421613619,0.001,8.999999999999999e-05,13.975188804626963,10.0,-7.040267309318202,49.56536378665456,True,True
saxs_theta6,methyl,31,31:474-LEU-QD2--93-VAL-QG2,0.00032660455531058525,0.001,8.999999999999999e-05,14.52086832999958,10.0,-7.482171607660165,55.9828919664759,True,True
saxs_theta6,methyl,32,32:214-LEU-QD2--522-LEU-QD2,0.003540754510743478,0.001953125,0.00021972656249999998,6.560970136213235,8.0,7.2254783066725405,0.0,False,False
saxs_theta6,methyl,33,33:514-LEU-QD2--222-LEU-QD2,0.009849797658249494,0.001953125,0.00021972656249999998,4.665063543052279,8.0,35.938634675766586,0.0,False,False
saxs_theta6,methyl,34,34:230-LEU-QD2--511-LEU-QD2,0.003341982902644672,0.001953125,0.00021972656249999998,6.688549190680014,8.0,6.320846632480641,0.0,False,False
saxs_theta6,methyl,35,35:530-LEU-QD2--211-LEU-QD2,0.007128366808190398,0.001953125,0.00021972656249999998,5.196010103681638,8.0,23.55310049594208,0.0,False,False
saxs_theta6,methyl,36,36:219-LEU-QD2--519-LEU-QD2,0.00902678726300964,0.001953125,0.00021972656249999998,4.802738390338813,8.0,32.19302292143054,0.0,False,False
saxs_theta6,methyl,37,37:170-LEU-QD2--393-VAL-QG2,0.0006875516561357593,0.001,8.999999999999999e-05,11.330042940512914,10.0,-3.47164826515823,12.052341676976148,True,True
saxs_theta6,methyl,38,38:174-LEU-QD2--393-VAL-QG2,0.0006711343280268612,0.001,8.999999999999999e-05,11.421685097897273,10.0,-3.654063021923765,13.352176568190636,True,True
saxs_theta6,methyl,39,39:456-VAL-QG2--101-LEU-QD2,0.002015742125522381,0.001953125,0.00021972656249999998,7.916289645567425,8.0,0.2849774957107481,0.0,False,False
saxs_theta60,saxs,0,q=0.00281393,0.03466508760334926,0.03841014,0.0075855972,0.03466508760334926,0.03841014,-0.4937056764167158,0.2437452949260869,False,False
saxs_theta60,saxs,1,q=0.0030889,0.03463115771321912,0.03180309,0.0060644814,0.03463115771321912,0.03180309,0.46633298491427794,0.21746645281906019,False,False
saxs_theta60,saxs,2,q=0.00336388,0.03459757632518405,0.04259826,0.00501565569,0.03459757632518405,0.04259826,-1.5951421248407,2.5444783984413037,False,False
saxs_theta60,saxs,3,q=0.00363886,0.03456030004676193,0.033286068,0.00419709855,0.03456030004676193,0.033286068,0.30359831478389465,0.09217193673962079,False,False
saxs_theta60,saxs,4,q=0.00391383,0.03451940406461369,0.034125834,0.0035948268,0.03451940406461369,0.034125834,0.10948234407668603,0.011986383664525868,False,False
saxs_theta60,saxs,5,q=0.00418881,0.03447706861811679,0.036513042,0.00304067508,0.03447706861811679,0.036513042,-0.6695793954687224,0.4483365668362597,False,False
saxs_theta60,saxs,6,q=0.00446378,0.03443407887010161,0.035845962,0.00273230664,0.03443407887010161,0.035845962,-0.5167367048884357,0.2670168221789583,False,False
saxs_theta60,saxs,7,q=0.00473876,0.03438230104001064,0.032072523,0.00241575678,0.03438230104001064,0.032072523,0.9561302110929557,0.91418498056466,False,False
saxs_theta60,saxs,8,q=0.00501374,0.03432914399740174,0.030565422,0.00223509999,0.03432914399740174,0.030565422,1.6839166096554539,2.8355751482735183,False,False
saxs_theta60,saxs,9,q=0.00528871,0.03427512047872644,0.037125756,0.00227276247,0.03427512047872644,0.037125756,-1.2542602048834268,1.5731686615542158,False,False
saxs_theta60,saxs,10,q=0.00556369,0.03421963736971719,0.03683577,0.00204943296,0.03421963736971719,0.03683577,-1.2765153490469898,1.6294914363525583,False,False
saxs_theta60,saxs,11,q=0.00583866,0.03415932245227504,0.03511044,0.00197205678,0.03415932245227504,0.03511044,-0.482297242843564,0.23261063045450375,False,False
saxs_theta60,saxs,12,q=0.00611364,0.034095134263297786,0.036528648,0.00180530514,0.034095134263297786,0.036528648,-1.347979176917544,1.8170478614032994,False,False
saxs_theta60,saxs,13,q=0.00638862,0.03402545149690906,0.033469923,0.00170172873,0.03402545149690906,0.033469923,0.326449502271177,0.10656927753309918,False,False
saxs_theta60,saxs,14,q=0.00666359,0.03395540247788162,0.034477989,0.00163518342,0.03395540247788162,0.034477989,-0.3195889315697573,0.10213708518189903,False,False
saxs_theta60,saxs,15,q=0.007076055,0.03384821253108082,0.0367608255,0.00108042646153,0.03384821253108082,0.0367608255,-2.6957993649975984,7.267334216321455,False,False
saxs_theta60,saxs,16,q=0.00762601,0.03369291023830279,0.033529185,0.000970700838168,0.03369291023830279,0.033529185,0.16866704123979306,0.028448570800586055,False,False
saxs_theta60,saxs,17,q=0.00817596,0.03352635720323594,0.0363085575,0.00091396537725,0.03352635720323594,0.0363085575,-3.0440981310860225,9.266533431681415,False,False
saxs_theta60,saxs,18,q=0.00872591,0.0333502738626677,0.0337609902,0.000853659320193,0.0333502738626677,0.0337609902,-0.48112441066003053,0.23148069853296172,False,False
saxs_theta60,saxs,19,q=0.009275865,0.03316542330861459,0.0322778796,0.000787594489659,0.03316542330861459,0.0322778796,1.126904416254693,1.2699135633743306,False,False
saxs_theta60,saxs,20,q=0.00982582,0.032970104441226736,0.03373332015,0.00075414716736,0.032970104441226736,0.03373332015,-1.0120248962082727,1.0241943905453652,False,False
saxs_theta60,saxs,21,q=0.0103758,0.03276014765920034,0.034474317,0.000727495376934,0.03276014765920034,0.034474317,-2.356261489968443,5.551968209108307,False,False
saxs_theta60,saxs,22,q=0.0109257,0.032545495245873246,0.032768724,0.000678779657703,0.032545495245873246,0.032768724,-0.32886777261735023,0.10815401186629717,False,False
saxs_theta60,saxs,23,q=0.0114757,0.032316188566275314,0.03249508605,0.000650521383444,0.032316188566275314,0.03249508605,-0.27500630767517725,0.07562846926113426,False,False
saxs_theta60,saxs,24,q=0.0120256,0.03208787249944131,0.0318161001,0.000628406796798,0.03208787249944131,0.0318161001,0.43247845317094896,0.18703761245713668,False,False
saxs_theta60,saxs,25,q=0.0125756,0.03184182914333248,0.0322276446,0.000614177813628,0.03184182914333248,0.0322276446,-0.6281820152188119,0.3946126442443676,False,False
saxs_theta60,saxs,26,q=0.013263,0.031521138715367034,0.0309941008002,0.000476366986747,0.031521138715367034,0.0309941008002,1.1063695214608669,1.2240535180175476,False,False
saxs_theta60,saxs,27,q=0.01408793333,0.0311251315160735,0.0316067332002,0.000459214311175,0.0311251315160735,0.0316067332002,-1.0487514705154053,1.099879646908225,False,False
saxs_theta60,saxs,28,q=0.0149129,0.030695944821770117,0.0307224832998,0.000441554443199,0.030695944821770117,0.0307224832998,-0.06010239153662468,0.003612297468421734,False,False
saxs_theta60,saxs,29,q=0.0157378,0.030253915294488003,0.0306244561998,0.000428198876997,0.030253915294488003,0.0306244561998,-0.8653476812238209,0.7488266093994436,False,False
saxs_theta60,saxs,30,q=0.01656273333,0.029791622317663507,0.0295171441998,0.00041194860616,0.029791622317663507,0.0295171441998,0.6662921387744629,0.44394521419264815,False,False
saxs_theta60,saxs,31,q=0.01738766667,0.029316645356293386,0.0300264709998,0.000401299629593,0.029316645356293386,0.0300264709998,-1.7688170911757928,3.1287139020355927,False,False
saxs_theta60,saxs,32,q=0.0182126,0.02882314218764337,0.0283768216002,0.000387213737949,0.02882314218764337,0.0283768216002,1.1526465713934801,1.328594118545145,False,False
saxs_theta60,saxs,33,q=0.019175,0.028225815942193564,0.028704588825,0.000326312698353,0.028225815942193564,0.028704588825,-1.4672211201799612,2.15273781550214,False,False
saxs_theta60,saxs,34,q=0.0202749,0.027517339373764785,0.027219507075,0.000311328514843,0.027517339373764785,0.027219507075,0.9566495986240743,0.9151784545476024,False,False
saxs_theta60,saxs,35,q=0.0213748,0.026788895935811772,0.026979330225,0.000304329094114,0.026788895935811772,0.026979330225,-0.625751178153519,0.3915645369605171,False,False
saxs_theta60,saxs,36,q=0.022474725,0.026035282037247597,0.0259613358,0.000291997855206,0.026035282037247597,0.0259613358,0.253242398631423,0.06413171246459655,False,False
saxs_theta60,saxs,37,q=0.023574625,0.02526017938974498,0.02588867865,0.000284858565565,0.02526017938974498,0.02588867865,-2.206355490867649,4.868004552081825,False,False
saxs_theta60,saxs,38,q=0.024674525,0.024471527572060326,0.02492772645,0.000275967617306,0.024471527572060326,0.02492772645,-1.6530884398433918,2.7327013899438595,False,False
saxs_theta60,saxs,39,q=0.02591192,0.02364171821041292,0.02381825766,0.000237745367656,0.02364171821041292,0.02381825766,-0.7425568427584349,0.5513906647273751,False,False
saxs_theta60,saxs,40,q=0.0272868,0.02261849496872597,0.02244276216,0.000229785095993,0.02261849496872597,0.02244276216,0.7647702648709771,0.5848735580308245,False,False
saxs_theta60,saxs,41,q=0.02866168,0.021582955199567787,0.02115858726,0.000221186797443,0.021582955199567787,0.02115858726,1.9185952528524965,3.6810077442681353,False,False
saxs_theta60,saxs,42,q=0.03003656,0.02053490430084833,0.02022736908,0.00021407511092,0.02053490430084833,0.02022736908,1.4365762536647848,2.063751332593548,False,False
saxs_theta60,saxs,43,q=0.03154893333,0.01937404915793505,0.0194245544502,0.000188543480903,0.01937404915793505,0.0194245544502,-0.26787079576053396,0.0717547632213817,False,False
saxs_theta60,saxs,44,q=0.03319876667,0.01799560231020803,0.0179979960498,0.000181713077765,0.01799560231020803,0.0179979960498,-0.013173182807824858,0.0001735327452883724,False,False
saxs_theta60,saxs,45,q=0.03484865,0.01678666849517011,0.0167510383998,0.000175062682783,0.01678666849517011,0.0167510383998,0.20352764394839598,0.04142350185118505,False,False
saxs_theta60,saxs,46,q=0.0364985,0.01567539513087324,0.0151704940002,0.000168807877258,0.01567539513087324,0.0151704940002,2.9909808646048464,8.945966532432355,False,False
saxs_theta60,saxs,47,q=0.03828584286,0.014245268393420087,0.0142120658141,0.000151005333604,0.014245268393420087,0.0142120658141,0.2198768647944414,0.048345835671833065,False,False
saxs_theta60,saxs,48,q=0.04021067143,0.012864759995036907,0.0128438210571,0.000146960411955,0.012864759995036907,0.0128438210571,0.1424801254865727,0.020300586158669507,False,False
saxs_theta60,saxs,49,q=0.04213551429,0.011534920921944799,0.0114883365,0.000145648309598,0.011534920921944799,0.0114883365,0.31984183045704767,0.10229879651011482,False,False
saxs_theta60,saxs,50,q=0.04406034286,0.010267765613023824,0.0102951791141,0.000139065101139,0.010267765613023824,0.0102951791141,-0.19712710702863628,0.038859096325479424,False,False
saxs_theta60,saxs,51,q=0.0461226625,0.008982600714286715,0.0088883635125,0.000123726773614,0.008982600714286715,0.0088883635125,0.7616556953203488,0.580119398213924,False,False
saxs_theta60,saxs,52,q=0.048322475,0.0077065045080876755,0.007655253,0.000122557359322,0.0077065045080876755,0.007655253,0.4181838477199925,0.17487773049389788,False,False
saxs_theta60,saxs,53,q=0.050522275,0.006534196613211007,0.0065296932,0.000127412304363,0.006534196613211007,0.0065296932,0.0353451986723126,0.0012492830691852486,False,False
saxs_theta60,saxs,54,q=0.05285957778,0.005412518281730465,0.00533047466661,0.000120771153208,0.005412518281730465,0.00533047466661,0.6793312222428188,0.46149090951392213,False,False
saxs_theta60,saxs,55,q=0.05533436667,0.0043330053730648915,0.00421292356664,0.000109810895157,0.0043330053730648915,0.00421292356664,1.093532715976924,1.1958138009118677,False,False
saxs_theta60,saxs,56,q=0.05794663,0.0034589966843214925,0.00348760491,9.77684047542e-05,0.0034589966843214925,0.00348760491,-0.2926121761977347,0.08562188565917415,False,False
saxs_theta60,saxs,57,q=0.0606964,0.002627424459011032,0.00247022784,9.27384862308e-05,0.002627424459011032,0.00247022784,1.6950526733832383,2.873203565543663,False,False
saxs_theta60,saxs,58,q=0.06344615,0.0020042017930426495,0.00186401226,8.84842383099e-05,0.0020042017930426495,0.00186401226,1.5843446891825081,2.5101480941408183,False,False
saxs_theta60,saxs,59,q=0.06633340909,0.0015391395115311843,0.0014532069818,8.10173252448e-05,0.0015391395115311843,0.0014532069818,1.060668560354622,1.1250177949247464,False,False
saxs_theta60,saxs,60,q=0.06935813636,0.0012492374146539646,0.00129269421821,7.94061476115e-05,0.0012492374146539646,0.00129269421821,-0.5472725332130551,0.29950722560943455,False,False
saxs_theta60,saxs,61,q=0.072520375,0.0011594104308462164,0.00105593884998,7.38085356033e-05,0.0011594104308462164,0.00105593884998,1.4018918004598666,1.9653006201966066,False,False
saxs_theta60,saxs,62,q=0.075820075,0.0011902175175133407,0.00120755590002,7.21013287389e-05,0.0011902175175133407,0.00120755590002,-0.24047244079851454,0.057826994783595084,False,False
saxs_theta60,saxs,63,q=0.07925728462,0.0014149518401590107,0.00150663140771,6.79077121578e-05,0.0014149518401590107,0.00150663140771,-1.350061202738645,1.8226652511401165,False,False
saxs_theta60,saxs,64,q=0.08283196923,0.001784656540688277,0.00189455702307,6.66651384423e-05,0.001784656540688277,0.00189455702307,-1.6485450259260161,2.717700702505409,False,False
saxs_theta60,saxs,65,q=0.08654415,0.002269094996420042,0.00237375092141,6.31299329169e-05,0.002269094996420042,0.00237375092141,-1.6577860953490933,2.748254737932793,False,False
saxs_theta60,saxs,66,q=0.09039382143,0.0028283052680896613,0.00295543797859,6.22012748859e-05,0.0028283052680896613,0.00295543797859,-2.043892359658973,4.177495977872324,False,False
saxs_theta60,saxs,67,q=0.09438096,0.0034215378896689354,0.00358750999998,6.07486891221e-05,0.0034215378896689354,0.00358750999998,-2.7321101526565252,7.464425886248861,False,False
saxs_theta60,saxs,68,q=0.09864301875,0.004021925726881341,0.003978003825,5.76834165381e-05,0.004021925726881341,0.003978003825,0.7614303125115783,0.5797761208114799,False,False
saxs_theta60,saxs,69,q=0.1030425,0.004564585178015315,0.00454636185,5.63261185929e-05,0.004564585178015315,0.00454636185,0.3235324654096086,0.1046732561740196,False,False
saxs_theta60,saxs,70,q=0.10758,0.005006221491455992,0.00500736420002,5.58094910001e-05,0.005006221491455992,0.00500736420002,-0.02047516548763633,0.00041923240174609387,False,False
saxs_theta60,saxs,71,q=0.1123917778,0.005322799779993971,0.00537149764983,5.5893579744e-05,0.005322799779993971,0.00537149764983,-0.8712605286523379,0.7590949087875514,False,False
saxs_theta60,saxs,72,q=0.1173415,0.0054828414157180715,0.00549024236661,5.2197583734e-05,0.0054828414157180715,0.00549024236661,-0.14178723156313627,0.020103619034338428,False,False
saxs_theta60,saxs,73,q=0.122428579,0.005490944100633341,0.00545602938942,4.92090323023e-05,0.005490944100633341,0.00545602938942,0.7095183461209703,0.503416283482237,False,False
saxs_theta60,saxs,74,q=0.1277905,0.005357855414758372,0.005227522185,4.64202730274e-05,0.005357855414758372,0.005227522185,2.8076790862785637,7.88306185152603,False,False
saxs_theta60,saxs,75,q=0.1334276667,0.005107759388231983,0.00500287584286,4.39849978625e-05,0.005107759388231983,0.00500287584286,2.384529964054011,5.685983149471423,False,False
saxs_theta60,saxs,76,q=0.1393395,0.004780522463227374,0.00467894770908,4.17291489963e-05,0.004780522463227374,0.00467894770908,2.434143915956214,5.925056603586653,False,False
saxs_theta60,saxs,77,q=0.1455265217,0.004423702939376843,0.00438762202175,3.97208548002e-05,0.004423702939376843,0.00438762202175,0.9083620634131181,0.8251216382481376,False,False
saxs_theta60,saxs,78,q=0.151851,0.004088355870617717,0.0040085898,3.88235519068e-05,0.004088355870617717,0.0040085898,2.054579416360552,4.221296578132467,False,False
saxs_theta60,saxs,79,q=0.1583128333,0.003801507731243836,0.00384026323752,3.72166012535e-05,0.003801507731243836,0.00384026323752,-1.0413499613299486,1.0844097419618854,False,False
saxs_theta60,saxs,80,q=0.16505,0.0035665304893122587,0.003625369068,3.68075140778e-05,0.0035665304893122587,0.003625369068,-1.5985480183033882,2.5553557668216897,False,False
saxs_theta60,saxs,81,q=0.1720615385,0.0033747723124281886,0.00342677787693,3.66493890669e-05,0.0033747723124281886,0.00342677787693,-1.4190022214798805,2.013567304564836,False,False
saxs_theta60,saxs,82,q=0.1794861071,0.003197920116736802,0.00331399839641,3.38619221769e-05,0.003197920116736802,0.00331399839641,-3.427988495950909,11.751105128371774,False,False
saxs_theta60,saxs,83,q=0.187323,0.0030020571490108673,0.00312834914481,3.2840345416e-05,0.0030020571490108673,0.00312834914481,-3.845635427987989,14.788911844996365,False,False
saxs_theta60,saxs,84,q=0.1954345667,0.002759434903628202,0.00292031014998,3.21036699082e-05,0.002759434903628202,0.00292031014998,-5.01111700973186,25.11129368522398,False,False
saxs_theta60,saxs,85,q=0.2038214516,0.002456604570635828,0.00249302707742,3.12943977175e-05,0.002456604570635828,0.00249302707742,-1.1638666803229325,1.3545856495659232,False,False
saxs_theta60,saxs,86,q=0.21248325,0.002104085041123309,0.00209475774375,3.0315963712e-05,0.002104085041123309,0.00209475774375,0.3076694992089943,0.09466052074351333,False,False
saxs_theta60,saxs,87,q=0.2215575,0.0017277710233600965,0.00169647240001,2.97022071986e-05,0.0017277710233600965,0.00169647240001,1.0537473912568944,1.1103835645807105,False,False
saxs_theta60,saxs,88,q=0.231044,0.0013709892114087108,0.00137892036859,3.0449015241e-05,0.0013709892114087108,0.00137892036859,-0.26047335582169207,0.06784636909301381,False,False
saxs_theta60,saxs,89,q=0.2408056944,0.0010784830185039834,0.001065064875,2.91571341365e-05,0.0010784830185039834,0.001065064875,0.4602010417473077,0.21178499882530724,False,False
saxs_theta60,amide,0,0:445-GLY-H--446-GLU-H,0.044077559331133775,0.023323615160349854,0.005997501041232819,2.8309192859028816,3.5,3.460431941253625,0.0,False,False
saxs_theta60,amide,1,1:445-GLY-H--447-GLU-H,0.0128489282190898,0.011739293764087149,0.0024012191790178257,4.2695066961433525,4.4,0.46211294025084604,0.0,False,False
saxs_theta60,amide,2,2:444-LEU-H--445-GLY-H,0.048469794195750295,0.023323615160349854,0.005997501041232819,2.742687168888859,3.5,4.192776101666421,0.0,False,False
saxs_theta60,amide,3,3:444-LEU-H--446-GLU-H,0.012675370909540837,0.011739293764087149,0.0024012191790178257,4.288905143021142,4.4,0.3898341116184874,0.0,False,False
saxs_theta60,amide,4,4:444-LEU-H--445-GLY-H,0.048469794195750295,0.023323615160349854,0.005997501041232819,2.742687168888859,3.5,4.192776101666421,0.0,False,False
saxs_theta60,amide,5,5:444-LEU-H--447-GLU-H,0.008979321032642474,0.011739293764087149,0.0024012191790178257,4.811186221716842,4.4,-1.1494047505374294,1.3211312805580104,True,True
saxs_theta60,amide,6,6:446-GLU-H--447-GLU-H,0.047655380311352635,0.023323615160349854,0.005997501041232819,2.758222859078977,3.5,4.056983897747061,0.0,False,False
saxs_theta60,amide,7,7:451-ARG-H--452-ALA-H,0.04338485586890361,0.023323615160349854,0.005997501041232819,2.8459064088181494,3.5,3.3449332598081645,0.0,False,False
saxs_theta60,amide,8,8:450-ASP-H--452-ALA-H,0.01255850471897111,0.011739293764087149,0.0024012191790178257,4.3021679010583185,4.4,0.3411645892396395,0.0,False,False
saxs_theta60,amide,9,9:452-ALA-H--454-ALA-H,0.012375023233918401,0.011739293764087149,0.0024012191790178257,4.3233260759904235,4.4,0.26475278699518184,0.0,False,False
saxs_theta60,amide,10,10:452-ALA-H--453-ARG-H,0.04340058753462091,0.023323615160349854,0.005997501041232819,2.8455625097961152,3.5,3.347556296571167,0.0,False,False
saxs_theta60,amide,11,11:453-ARG-H--455-HIS-H,0.01245317075374622,0.011739293764087149,0.0024012191790178257,4.314263687762445,4.4,0.2972977210481338,0.0,False,False
saxs_theta60,amide,12,12:453-ARG-H--454-ALA-H,0.045193202321530464,0.023323615160349854,0.005997501041232819,2.8074301611982864,3.5,3.6464499148607397,0.0,False,False
saxs_theta60,amide,13,13:454-ALA-H--455-HIS-H,0.04431918421951921,0.023323615160349854,0.005997501041232819,2.8257652544246343,3.5,3.5007195354906693,0.0,False,False
saxs_theta60,amide,14,14:466-TYR-H--467-SER-H,0.05147184890890635,0.023323615160349854,0.005997501041232819,2.6882938824800515,3.5,4.693327029880844,0.0,False,False
saxs_theta60,amide,15,15:462-HIS-H--463-LEU-H,0.06290356319931655,0.023323615160349854,0.005997501041232819,2.5144417802367025,3.5,6.599406613997156,0.0,False,False
saxs_theta60,amide,16,16:361-ARG-H--362-GLU-H,0.044616341539512765,0.023323615160349854,0.005997501041232819,2.8194778125381474,3.5,3.550266391414594,0.0,False,False
saxs_theta60,amide,17,17:363-GLN-H--364-LEU-H,0.049843095298135416,0.023323615160349854,0.005997501041232819,2.7172629371751844,3.5,4.421754986862719,0.0,False,False
saxs_theta60,amide,18,18:363-GLN-H--365-GLY-H,0.010391745818151991,0.011739293764087149,0.0024012191790178257,4.582514292984931,4.4,-0.5611932295519758,0.3149378408949766,True,False
saxs_theta60,amide,19,19:364-LEU-H--365-GLY-H,0.040582008319947835,0.023323615160349854,0.005997501041232819,2.9099720756486622,3.5,2.8775973594579694,0.0,False,False
saxs_theta60,amide,20,20:367-VAL-H--368-THR-H,0.052379104581219506,0.023323615160349854,0.005997501041232819,2.6726821308154554,3.5,4.844599312465836,0.0,False,False
saxs_theta60,amide,21,21:359-LYS-H--361-ARG-H,0.012697817961071743,0.011739293764087149,0.0024012191790178257,4.286376360488516,4.4,0.39918230095790785,0.0,False,False
saxs_theta60,amide,22,22:361-ARG-H--363-GLN-H,0.012645411631108433,0.011739293764087149,0.0024012191790178257,4.292289536939793,4.4,0.3773574169901121,0.0,False,False
saxs_theta60,amide,23,23:362-GLU-H--364-LEU-H,0.012526757074479146,0.011739293764087149,0.0024012191790178257,4.305799287142507,4.4,0.3279431204252227,0.0,False,False
saxs_theta60,amide,24,24:360-LEU-H--361-ARG-H,0.04585910060229833,0.023323615160349854,0.005997501041232819,2.7937754003480513,3.5,3.757479204591548,0.0,False,False
saxs_theta60,amide,25,25:367-VAL-H--369-GLN-H,0.014015629022554082,0.011739293764087149,0.0024012191790178257,4.1475898413954715,4.4,0.9479914529909866,0.0,False,False
saxs_theta60,amide,26,26:368-THR-H--369-GLN-H,0.048695351232586885,0.023323615160349854,0.005997501041232819,2.7384459014316405,3.5,4.2303846048223,0.0,False,False
saxs_theta60,amide,27,27:369-GLN-H--370-GLU-H,0.043345408935229285,0.023323615160349854,0.005997501041232819,2.8467694624930346,3.5,3.33835603149205,0.0,False,False
saxs_theta60,amide,28,28:368-THR-H--370-GLU-H,0.012097696289606753,0.011739293764087149,0.0024012191790178257,4.356112703639532,4.4,0.14925856358776968,0.0,False,False
saxs_theta60,amide,29,29:367-VAL-H--369-GLN-H,0.014015629022554082,0.011739293764087149,0.0024012191790178257,4.1475898413954715,4.4,0.9479914529909866,0.0,False,False
saxs_theta60,amide,30,30:375-LEU-H--376-GLU-H,0.04293378935959391,0.023323615160349854,0.005997501041232819,2.8558381635141723,3.5,3.269724184193402,0.0,False,False
saxs_theta60,amide,31,31:376-GLU-H--377-LYS-H,0.04158247623210798,0.023323615160349854,0.005997501041232819,2.886444539636629,3.5,3.0444114884230045,0.0,False,False
saxs_theta60,amide,32,32:375-LEU-H--377-LYS-H,0.011837516304464633,0.011739293764087149,0.0024012191790178257,4.387796424742044,4.4,0.040905278966520846,0.0,False,False
saxs_theta60,amide,33,33:373-ASP-H--374-ASN-H,0.04443888991680245,0.023323615160349854,0.005997501041232819,2.8232257041821467,3.5,3.52067879793352,0.0,False,False
saxs_theta60,amide,34,34:373-ASP-H--376-GLU-H,0.009394699419141115,0.011739293764087149,0.0024012191790178257,4.739207274771631,4.4,-0.9764182984349836,0.9533926935186687,True,True
saxs_theta60,amide,35,35:493-HIS-H--494-ALA-H,0.04472592463452668,0.023323615160349854,0.005997501041232819,2.8171732596026144,3.5,3.568537850520734,0.0,False,False
saxs_theta60,amide,36,36:493-HIS-H--495-LYS-H,0.012050981907914282,0.011739293764087149,0.0024012191790178257,4.3617341193299906,4.4,0.12980412056954488,0.0,False,False
saxs_theta60,amide,37,37:491-GLU-H--493-HIS-H,0.012783993104384108,0.011739293764087149,0.0024012191790178257,4.276723346381721,4.4,0.43507037984107455,0.0,False,False
saxs_theta60,amide,38,38:373-ASP-H--374-ASN-H,0.04443888991680245,0.023323615160349854,0.005997501041232819,2.8232257041821467,3.5,3.52067879793352,0.0,False,False
saxs_theta60,amide,39,39:373-ASP-H--375-LEU-H,0.013095845904231662,0.011739293764087149,0.0024012191790178257,4.242502900785494,4.4,0.5649430722518989,0.0,False,False
saxs_theta60,amide,40,40:373-ASP-H--376-GLU-H,0.009394699419141115,0.011739293764087149,0.0024012191790178257,4.739207274771631,4.4,-0.9764182984349836,0.9533926935186687,True,True
saxs_theta60,amide,41,41:374-ASN-H--376-GLU-H,0.012564000967212283,0.011739293764087149,0.0024012191790178257,4.301540467390555,4.4,0.3434535299116115,0.0,False,False
saxs_theta60,amide,42,42:377-LYS-H--378-GLU-H,0.042613853114815345,0.023323615160349854,0.005997501041232819,2.8629673712746695,3.5,3.216379258935531,0.0,False,False
saxs_theta60,amide,43,43:381-GLY-H--382-LEU-H,0.04552139594649583,0.023323615160349854,0.005997501041232819,2.8006670127675837,3.5,3.7011716435789235,0.0,False,False
saxs_theta60,amide,44,44:463-LEU-H--464-ALA-H,0.03984656982326815,0.023323615160349854,0.005997501041232819,2.9277659317250904,3.5,2.7549732045601973,0.0,False,False
saxs_theta60,amide,45,45:532-ALA-H--533-LEU-H,0.04490637317346955,0.023323615160349854,0.005997501041232819,2.8133947518694336,3.5,3.59862513815975,0.0,False,False
saxs_theta60,amide,46,46:531-SER-H--532-ALA-H,0.04352312693992041,0.023323615160349854,0.005997501041232819,2.842889438228093,3.5,3.367988040468674,0.0,False,False
saxs_theta60,amide,47,47:531-SER-H--532-ALA-H,0.04352312693992041,0.023323615160349854,0.005997501041232819,2.842889438228093,3.5,3.367988040468674,0.0,False,False
saxs_theta60,amide,48,48:530-LEU-H--532-ALA-H,0.01219943317558483,0.011739293764087149,0.0024012191790178257,4.3439696521183775,4.4,0.1916274097418683,0.0,False,False
saxs_theta60,amide,49,49:536-TYR-H--537-THR-H,0.04644823486764926,0.023323615160349854,0.005997501041232819,2.7819133278035673,3.5,3.8557091609184644,0.0,False,False
saxs_theta60,amide,50,50:537-THR-H--538-LYS-H,0.04686704240320996,0.023323615160349854,0.005997501041232819,2.7736020570889055,3.5,3.925539500701884,0.0,False,False
saxs_theta60,amide,51,51:537-THR-H--539-LYS-H,0.01300166594673676,0.011739293764087149,0.0024012191790178257,4.252722048834969,4.4,0.5257213475889194,0.0,False,False
saxs_theta60,amide,52,52:538-LYS-H--539-LYS-H,0.0443021579340518,0.023323615160349854,0.005997501041232819,2.826127209130764,3.5,3.4978806388651655,0.0,False,False
saxs_theta60,amide,53,53:538-LYS-H--540-LEU-H,0.012458845342033571,0.011739293764087149,0.0024012191790178257,4.313608587247617,4.4,0.2996609323438527,0.0,False,False
saxs_theta60,amide,54,54:532-ALA-H--533-LEU-H,0.04490637317346955,0.023323615160349854,0.005997501041232819,2.8133947518694336,3.5,3.59862513815975,0.0,False,False
saxs_theta60,amide,55,55:532-ALA-H--535-GLU-H,0.00907299535518094,0.011739293764087149,0.0024012191790178257,4.7945711795133015,4.4,-1.1103936001364143,1.2329739472239072,True,True
saxs_theta60,amide,56,56:386-MET-H--387-SER-H,0.05002683875605115,0.023323615160349854,0.005997501041232819,2.7139321130404817,3.5,4.452391656477696,0.0,False,False
saxs_theta60,amide,57,57:386-MET-H--388-LYS-H,0.012371058166520966,0.011739293764087149,0.0024012191790178257,4.323787918675577,4.4,0.2631015144116201,0.0,False,False
saxs_theta60,amide,58,58:386-MET-H--387-SER-H,0.05002683875605115,0.023323615160349854,0.005997501041232819,2.7139321130404817,3.5,4.452391656477696,0.0,False,False
saxs_theta60,amide,59,59:387-SER-H--388-LYS-H,0.06103357687254824,0.023323615160349854,0.005997501041232819,2.5398635909485656,3.5,6.2876123660408565,0.0,False,False
saxs_theta60,amide,60,60:388-LYS-H--389-ASP-H,0.018994820321806393,0.023323615160349854,0.005997501041232819,3.7479023764845802,3.5,-0.7217664171765868,0.5209467609639268,True,False
saxs_theta60,amide,61,61:389-ASP-H--390-LEU-H,0.022502572977469812,0.023323615160349854,0.005997501041232819,3.5420602188492007,3.5,-0.1368973806315959,0.018740892823792047,True,False
saxs_theta60,amide,62,62:388-LYS-H--390-LEU-H,0.005563461407375508,0.011739293764087149,0.0024012191790178257,5.643540422471246,4.4,-2.5719569503179427,6.6149625542887724,True,True
saxs_theta60,amide,63,63:394-LYS-H--395-ALA-H,0.044766094994962397,0.023323615160349854,0.005997501041232819,2.8163303543352525,3.5,3.5752357002017168,0.0,False,False
saxs_theta60,amide,64,64:393-VAL-H--395-ALA-H,0.013091551819686537,0.011739293764087149,0.0024012191790178257,4.242966703063705,4.4,0.5631547787955385,0.0,False,False
saxs_theta60,amide,65,65:400-TYR-H--401-LEU-H,0.04933951008530483,0.023323615160349854,0.005997501041232819,2.726476271500773,3.5,4.337789146862285,0.0,False,False
saxs_theta60,amide,66,66:400-TYR-H--402-ASP-H,0.013343323074891137,0.011739293764087149,0.0024012191790178257,4.216110642973342,4.4,0.6680062048563542,0.0,False,False
saxs_theta60,amide,67,67:402-ASP-H--403-ASP-H,0.043061859424941874,0.023323615160349854,0.005997501041232819,2.8530041740351177,3.5,3.2910780888392672,0.0,False,False
saxs_theta60,amide,68,68:401-LEU-H--403-ASP-H,0.011866679720792297,0.011739293764087149,0.0024012191790178257,4.384199010043119,4.4,0.05305053275363766,0.0,False,False
saxs_theta60,amide,69,69:401-LEU-H--402-ASP-H,0.04238615835965305,0.023323615160349854,0.005997501041232819,2.8680847560169433,3.5,3.178414320939374,0.0,False,False
saxs_theta60,amide,70,70:403-ASP-H--404-PHE-H,0.04559506685007623,0.023323615160349854,0.005997501041232819,2.799157793245674,3.5,3.7134552435439603,0.0,False,False
saxs_theta60,amide,71,71:402-ASP-H--403-ASP-H,0.043061859424941874,0.023323615160349854,0.005997501041232819,2.8530041740351177,3.5,3.2910780888392672,0.0,False,False
saxs_theta60,amide,72,72:403-ASP-H--405-GLN-H,0.012321713564912837,0.011739293764087149,0.0024012191790178257,4.329552036241782,4.4,0.24255170286617306,0.0,False,False
saxs_theta60,amide,73,73:404-PHE-H--405-GLN-H,0.04300623717559699,0.023323615160349854,0.005997501041232819,2.854233624728757,3.5,3.2818038512922487,0.0,False,False
saxs_theta60,amide,74,74:404-PHE-H--406-LYS-H,0.012374277544193478,0.011739293764087149,0.0024012191790178257,4.323412917291261,4.4,0.26444224069793465,0.0,False,False
saxs_theta60,amide,75,75:405-GLN-H--406-LYS-H,0.04365305166480418,0.023323615160349854,0.005997501041232819,2.840066201629171,3.5,3.3896511838329757,0.0,False,False
saxs_theta60,amide,76,76:406-LYS-H--407-LYS-H,0.04371602916182017,0.023323615160349854,0.005997501041232819,2.838701742398957,3.5,3.4001518067729335,0.0,False,False
saxs_theta60,amide,77,77:406-LYS-H--408-TRP-H,0.012729380769632464,0.011739293764087149,0.0024012191790178257,4.282830703618928,4.4,0.41232679390404153,0.0,False,False
saxs_theta60,amide,78,78:408-TRP-H--409-GLN-H,0.04406297248576527,0.023323615160349854,0.005997501041232819,2.8312316390619534,3.5,3.457999787383501,0.0,False,False
saxs_theta60,amide,79,79:409-GLN-H--411-GLU-H,0.011323163959524808,0.011739293764087149,0.0024012191790178257,4.453253330236972,4.4,-0.17329938399565498,0.030032676493273475,True,False
saxs_theta60,amide,80,80:413-GLU-H--414-LEU-H,0.046151401604948065,0.023323615160349854,0.005997501041232819,2.7878647566211527,3.5,3.806216337047244,0.0,False,False
saxs_theta60,amide,81,81:412-MET-H--413-GLU-H,0.044337913639033416,0.023323615160349854,0.005997501041232819,2.8253673075918724,3.5,3.503842406063836,0.0,False,False
saxs_theta60,amide,82,82:409-GLN-H--411-GLU-H,0.011323163959524808,0.011739293764087149,0.0024012191790178257,4.453253330236972,4.4,-0.17329938399565498,0.030032676493273475,True,False
saxs_theta60,amide,83,83:411-GLU-H--412-MET-H,0.047721816878209526,0.023323615160349854,0.005997501041232819,2.756942299007229,3.5,4.068061272540353,0.0,False,False
saxs_theta60,amide,84,84:411-GLU-H--412-MET-H,0.047721816878209526,0.023323615160349854,0.005997501041232819,2.756942299007229,3.5,4.068061272540353,0.0,False,False
saxs_theta60,amide,85,85:412-MET-H--414-LEU-H,0.01251436458306161,0.011739293764087149,0.0024012191790178257,4.307220107105866,4.4,0.3227822040349889,0.0,False,False
saxs_theta60,amide,86,86:414-LEU-H--415-TYR-H,0.050116977523272425,0.023323615160349854,0.005997501041232819,2.7123040732337778,3.5,4.467421043984521,0.0,False,False
saxs_theta60,amide,87,87:447-GLU-H--448-MET-H,0.046463095697988774,0.023323615160349854,0.005997501041232819,2.7816167056512446,3.5,3.8581869979771564,0.0,False,False
saxs_theta60,amide,88,88:446-GLU-H--447-GLU-H,0.047655380311352635,0.023323615160349854,0.005997501041232819,2.758222859078977,3.5,4.056983897747061,0.0,False,False
saxs_theta60,amide,89,89:445-GLY-H--447-GLU-H,0.0128489282190898,0.011739293764087149,0.0024012191790178257,4.2695066961433525,4.4,0.46211294025084604,0.0,False,False
saxs_theta60,amide,90,90:447-GLU-H--448-MET-H,0.046463095697988774,0.023323615160349854,0.005997501041232819,2.7816167056512446,3.5,3.8581869979771564,0.0,False,False
saxs_theta60,amide,91,91:448-MET-H--449-ARG-H,0.04404950687345638,0.023323615160349854,0.005997501041232819,2.831520105276474,3.5,3.455754583553387,0.0,False,False
saxs_theta60,amide,92,92:449-ARG-H--450-ASP-H,0.04406430804994737,0.023323615160349854,0.005997501041232819,2.8312030344312875,3.5,3.458222474161364,0.0,False,False
saxs_theta60,amide,93,93:450-ASP-H--451-ARG-H,0.04598589479603328,0.023323615160349854,0.005997501041232819,2.791205332790577,3.5,3.778620375366383,0.0,False,False
saxs_theta60,amide,94,94:452-ALA-H--454-ALA-H,0.012375023233918401,0.011739293764087149,0.0024012191790178257,4.3233260759904235,4.4,0.26475278699518184,0.0,False,False
saxs_theta60,amide,95,95:453-ARG-H--455-HIS-H,0.01245317075374622,0.011739293764087149,0.0024012191790178257,4.314263687762445,4.4,0.2972977210481338,0.0,False,False
saxs_theta60,amide,96,96:455-HIS-H--456-VAL-H,0.043615580526484364,0.023323615160349854,0.005997501041232819,2.840879290672403,3.5,3.3834033919506226,0.0,False,False
saxs_theta60,amide,97,97:456-VAL-H--457-ASP-H,0.04576054914324219,0.023323615160349854,0.005997501041232819,2.795779551882488,3.5,3.741047117564201,0.0,False,False
saxs_theta60,amide,98,98:457-ASP-H--458-ALA-H,0.04298072697106867,0.023323615160349854,0.005997501041232819,2.8547982009013353,3.5,3.277550378995547,0.0,False,False
saxs_theta60,amide,99,99:456-VAL-H--458-ALA-H,0.012698515073183946,0.011739293764087149,0.0024012191790178257,4.286297922457457,4.4,0.399472616860052,0.0,False,False
saxs_theta60,amide,100,100:457-ASP-H--458-ALA-H,0.04298072697106867,0.023323615160349854,0.005997501041232819,2.8547982009013353,3.5,3.277550378995547,0.0,False,False
saxs_theta60,amide,101,101:455-HIS-H--456-VAL-H,0.043615580526484364,0.023323615160349854,0.005997501041232819,2.840879290672403,3.5,3.3834033919506226,0.0,False,False
saxs_theta60,amide,102,102:456-VAL-H--457-ASP-H,0.04576054914324219,0.023323615160349854,0.005997501041232819,2.795779551882488,3.5,3.741047117564201,0.0,False,False
saxs_theta60,amide,103,103:455-HIS-H--457-ASP-H,0.012445281795198418,0.011739293764087149,0.0024012191790178257,4.315175086930399,4.4,0.2940123239395583,0.0,False,False
saxs_theta60,amide,104,104:459-LEU-H--460-ARG-H,0.04431438911811219,0.023323615160349854,0.005997501041232819,2.825867172729427,3.5,3.4999200189296786,0.0,False,False
saxs_theta60,amide,105,105:457-ASP-H--459-LEU-H,0.012428675646108176,0.011739293764087149,0.0024012191790178257,4.317096089400694,4.4,0.2870966082750537,0.0,False,False
saxs_theta60,amide,106,106:460-ARG-H--461-THR-H,0.044111692969166755,0.023323615160349854,0.005997501041232819,2.830188908819805,3.5,3.4661232513173186,0.0,False,False
saxs_theta60,amide,107,107:461-THR-H--462-HIS-H,0.052351409992074334,0.023323615160349854,0.005997501041232819,2.673153342479478,3.5,4.8399816243729505,0.0,False,False
saxs_theta60,amide,108,108:461-THR-H--463-LEU-H,0.013113603889534926,0.011739293764087149,0.0024012191790178257,4.240587019200787,4.4,0.5723384759944794,0.0,False,False
saxs_theta60,amide,109,109:462-HIS-H--463-LEU-H,0.06290356319931655,0.023323615160349854,0.005997501041232819,2.5144417802367025,3.5,6.599406613997156,0.0,False,False
saxs_theta60,amide,110,110:470-LEU-H--471-ARG-H,0.042968147356810905,0.023323615160349854,0.005997501041232819,2.8550767697040405,3.5,3.27545290303493,0.0,False,False
saxs_theta60,amide,111,111:472-GLN-H--473-ARG-H,0.045319971280673985,0.023323615160349854,0.005997501041232819,2.8048100701559906,3.5,3.6675868781179335,0.0,False,False
saxs_theta60,amide,112,112:474-LEU-H--475-ALA-H,0.045652784758302756,0.023323615160349854,0.005997501041232819,2.7979776559135257,3.5,3.7230789031031195,0.0,False,False
saxs_theta60,amide,113,113:473-ARG-H--474-LEU-H,0.04457594419143941,0.023323615160349854,0.005997501041232819,2.8203292810338314,3.5,3.5435306946976413,0.0,False,False
saxs_theta60,amide,114,114:471-ARG-H--472-GLN-H,0.04285200480297889,0.023323615160349854,0.005997501041232819,2.857653831403116,3.5,3.256087745274467,0.0,False,False
saxs_theta60,amide,115,115:470-LEU-H--471-ARG-H,0.042968147356810905,0.023323615160349854,0.005997501041232819,2.8550767697040405,3.5,3.27545290303493,0.0,False,False
saxs_theta60,amide,116,116:475-ALA-H--476-ALA-H,0.0437984942492259,0.023323615160349854,0.005997501041232819,2.8369190261607233,3.5,3.413901714749402,0.0,False,False
saxs_theta60,amide,117,117:476-ALA-H--477-ARG-H,0.044471190167357816,0.023323615160349854,0.005997501041232819,2.8225420182267413,3.5,3.5260644160990364,0.0,False,False
saxs_theta60,amide,118,118:477-ARG-H--478-LEU-H,0.045268966152912114,0.023323615160349854,0.005997501041232819,2.805863079996711,3.5,3.659082481468194,0.0,False,False
saxs_theta60,amide,119,119:466-TYR-H--467-SER-H,0.05147184890890635,0.023323615160349854,0.005997501041232819,2.6882938824800515,3.5,4.693327029880844,0.0,False,False
saxs_theta60,amide,120,120:467-SER-H--468-ASP-H,0.04228156097763539,0.023323615160349854,0.005997501041232819,2.870447859548163,3.5,3.160974160229346,0.0,False,False
saxs_theta60,amide,121,121:470-LEU-H--472-GLN-H,0.012216856933142853,0.011739293764087149,0.0024012191790178257,4.341903537367465,4.4,0.19888362263166753,0.0,False,False
saxs_theta60,amide,122,122:472-GLN-H--473-ARG-H,0.045319971280673985,0.023323615160349854,0.005997501041232819,2.8048100701559906,3.5,3.6675868781179335,0.0,False,False
saxs_theta60,amide,123,123:479-GLU-H--480-ALA-H,0.04240572449079952,0.023323615160349854,0.005997501041232819,2.8676435737924213,3.5,3.1816767015562255,0.0,False,False
saxs_theta60,amide,124,124:480-ALA-H--481-LEU-H,0.04575108068277537,0.023323615160349854,0.005997501041232819,2.7959724063594744,3.5,3.739468383287755,0.0,False,False
saxs_theta60,amide,125,125:478-LEU-H--479-GLU-H,0.04497489791879982,0.023323615160349854,0.005997501041232819,2.8119651755030546,3.5,3.6100506877109986,0.0,False,False
saxs_theta60,amide,126,126:476-ALA-H--478-LEU-H,0.01271764260576145,0.011739293764087149,0.0024012191790178257,4.284147957956373,4.4,0.40743837556489765,0.0,False,False
saxs_theta60,amide,127,127:478-LEU-H--480-ALA-H,0.012585716982158553,0.011739293764087149,0.0024012191790178257,4.299065013274779,4.4,0.35249727532895075,0.0,False,False
saxs_theta60,amide,128,128:480-ALA-H--481-LEU-H,0.04575108068277537,0.023323615160349854,0.005997501041232819,2.7959724063594744,3.5,3.739468383287755,0.0,False,False
saxs_theta60,amide,129,129:485-GLY-H--486-GLY-H,0.04348362994854858,0.023323615160349854,0.005997501041232819,2.843749927565212,3.5,3.361402465726747,0.0,False,False
saxs_theta60,amide,130,130:486-GLY-H--487-ALA-H,0.041893873438375945,0.023323615160349854,0.005997501041232819,2.8792750982426654,3.5,3.0963326476069897,0.0,False,False
saxs_theta60,amide,131,131:486-GLY-H--488-ARG-H,0.011399876156498897,0.011739293764087149,0.0024012191790178257,4.443241876460567,4.4,-0.1413521974812331,0.01998044373277352,True,False
saxs_theta60,amide,132,132:484-ASN-H--485-GLY-H,0.0576734746658151,0.023323615160349854,0.005997501041232819,2.5882603593531286,3.5,5.727361991154311,0.0,False,False
saxs_theta60,amide,133,133:485-GLY-H--486-GLY-H,0.04348362994854858,0.023323615160349854,0.005997501041232819,2.843749927565212,3.5,3.361402465726747,0.0,False,False
saxs_theta60,amide,134,134:485-GLY-H--487-ALA-H,0.010691480239588491,0.011739293764087149,0.0024012191790178257,4.539284337235096,4.4,-0.43636729776881367,0.1904164185620565,True,False
saxs_theta60,amide,135,135:484-ASN-H--486-GLY-H,0.010364499283535682,0.011739293764087149,0.0024012191790178257,4.586526333845649,4.4,-0.5725401881530037,0.3278022670502768,True,False
saxs_theta60,amide,136,136:484-ASN-H--485-GLY-H,0.0576734746658151,0.023323615160349854,0.005997501041232819,2.5882603593531286,3.5,5.727361991154311,0.0,False,False
saxs_theta60,amide,137,137:486-GLY-H--487-ALA-H,0.041893873438375945,0.023323615160349854,0.005997501041232819,2.8792750982426654,3.5,3.0963326476069897,0.0,False,False
saxs_theta60,amide,138,138:488-ARG-H--490-ALA-H,0.011821093656582765,0.011739293764087149,0.0024012191790178257,4.389827423837405,4.4,0.034065983318138746,0.0,False,False
saxs_theta60,amide,139,139:486-GLY-H--488-ARG-H,0.011399876156498897,0.011739293764087149,0.0024012191790178257,4.443241876460567,4.4,-0.1413521974812331,0.01998044373277352,True,False
saxs_theta60,amide,140,140:490-ALA-H--491-GLU-H,0.043633439359771944,0.023323615160349854,0.005997501041232819,2.840491654387417,3.5,3.386381104361975,0.0,False,False
saxs_theta60,amide,141,141:491-GLU-H--492-TYR-H,0.044594345224765713,0.023323615160349854,0.005997501041232819,2.819941308727956,3.5,3.5465988114348947,0.0,False,False
saxs_theta60,amide,142,142:490-ALA-H--492-TYR-H,0.012397335019923185,0.011739293764087149,0.0024012191790178257,4.320730920073901,4.4,0.27404464431489167,0.0,False,False
saxs_theta60,amide,143,143:491-GLU-H--493-HIS-H,0.012783993104384108,0.011739293764087149,0.0024012191790178257,4.276723346381721,4.4,0.43507037984107455,0.0,False,False
saxs_theta60,amide,144,144:493-HIS-H--494-ALA-H,0.04472592463452668,0.023323615160349854,0.005997501041232819,2.8171732596026144,3.5,3.568537850520734,0.0,False,False
saxs_theta60,amide,145,145:494-ALA-H--495-LYS-H,0.04343914837956522,0.023323615160349854,0.005997501041232819,2.8447202604805484,3.5,3.353985781898341,0.0,False,False
saxs_theta60,amide,146,146:496-ALA-H--497-THR-H,0.04291746695570753,0.023323615160349854,0.005997501041232819,2.8562001624783164,3.5,3.2670026500454017,0.0,False,False
saxs_theta60,amide,147,147:495-LYS-H--496-ALA-H,0.0467255435420795,0.023323615160349854,0.005997501041232819,2.7763990000047643,3.5,3.9019465308703394,0.0,False,False
saxs_theta60,amide,148,148:495-LYS-H--496-ALA-H,0.0467255435420795,0.023323615160349854,0.005997501041232819,2.7763990000047643,3.5,3.9019465308703394,0.0,False,False
saxs_theta60,amide,149,149:494-ALA-H--496-ALA-H,0.012741529129014446,0.011739293764087149,0.0024012191790178257,4.281469121595116,4.4,0.41738604026028275,0.0,False,False
saxs_theta60,amide,150,150:493-HIS-H--495-LYS-H,0.012050981907914282,0.011739293764087149,0.0024012191790178257,4.3617341193299906,4.4,0.12980412056954488,0.0,False,False
saxs_theta60,amide,151,151:493-HIS-H--496-ALA-H,0.009145712771585912,0.011739293764087149,0.0024012191790178257,4.781830165413726,4.4,-1.080110060407769,1.1666377425940742,True,True
saxs_theta60,amide,152,152:496-ALA-H--497-THR-H,0.04291746695570753,0.023323615160349854,0.005997501041232819,2.8562001624783164,3.5,3.2670026500454017,0.0,False,False
saxs_theta60,amide,153,153:495-LYS-H--497-THR-H,0.01134129047819905,0.011739293764087149,0.0024012191790178257,4.450879555007347,4.4,-0.1657505026471156,0.027473229127771476,True,False
saxs_theta60,amide,154,154:497-THR-H--498-GLU-H,0.04485385579110198,0.023323615160349854,0.005997501041232819,2.814492349815387,3.5,3.589868594058046,0.0,False,False
saxs_theta60,amide,155,155:497-THR-H--498-GLU-H,0.04485385579110198,0.023323615160349854,0.005997501041232819,2.814492349815387,3.5,3.589868594058046,0.0,False,False
saxs_theta60,amide,156,156:498-GLU-H--499-HIS-H,0.04379458043276384,0.023323615160349854,0.005997501041232819,2.8370035331898125,3.5,3.4132491402129155,0.0,False,False
saxs_theta60,amide,157,157:496-ALA-H--498-GLU-H,0.0119249061628407,0.011739293764087149,0.0024012191790178257,4.3770517022414275,4.4,0.07729923214650995,0.0,False,False
saxs_theta60,amide,158,158:499-HIS-H--500-LEU-H,0.04303641289305967,0.023323615160349854,0.005997501041232819,2.853566370500267,3.5,3.2868352330719635,0.0,False,False
saxs_theta60,amide,159,159:499-HIS-H--500-LEU-H,0.04303641289305967,0.023323615160349854,0.005997501041232819,2.853566370500267,3.5,3.2868352330719635,0.0,False,False
saxs_theta60,amide,160,160:498-GLU-H--499-HIS-H,0.04379458043276384,0.023323615160349854,0.005997501041232819,2.8370035331898125,3.5,3.4132491402129155,0.0,False,False
saxs_theta60,amide,161,161:500-LEU-H--501-SER-H,0.0455194504619411,0.023323615160349854,0.005997501041232819,2.800706912024849,3.5,3.7008472610500407,0.0,False,False
saxs_theta60,amide,162,162:501-SER-H--503-LEU-H,0.012863310508440655,0.011739293764087149,0.0024012191790178257,4.2679148772944435,4.4,0.468102518160489,0.0,False,False
saxs_theta60,amide,163,163:503-LEU-H--504-SER-H,0.043756487694061125,0.023323615160349854,0.005997501041232819,2.83782655696537,3.5,3.4068977051000533,0.0,False,False
saxs_theta60,amide,164,164:504-SER-H--505-GLU-H,0.042410142396433044,0.023323615160349854,0.005997501041232819,2.8675439952645627,3.5,3.1824133259608156,0.0,False,False
saxs_theta60,amide,165,165:504-SER-H--506-LYS-H,0.012312896263836413,0.011739293764087149,0.0024012191790178257,4.33058525794782,4.4,0.2388796927666909,0.0,False,False
saxs_theta60,amide,166,166:503-LEU-H--504-SER-H,0.043756487694061125,0.023323615160349854,0.005997501041232819,2.83782655696537,3.5,3.4068977051000533,0.0,False,False
saxs_theta60,amide,167,167:507-ALA-H--508-LYS-H,0.04275906164357236,0.023323615160349854,0.005997501041232819,2.859722844438462,3.5,3.2405907643206424,0.0,False,False
saxs_theta60,amide,168,168:505-GLU-H--506-LYS-H,0.04733811831845795,0.023323615160349854,0.005997501041232819,2.7643710515556776,3.5,4.004084866848441,0.0,False,False
saxs_theta60,amide,169,169:506-LYS-H--507-ALA-H,0.05432448006332274,0.023323615160349854,0.005997501041232819,2.640390372452565,3.5,5.168963655002632,0.0,False,False
saxs_theta60,amide,170,170:517-GLY-H--519-LEU-H,0.012311603030694698,0.011739293764087149,0.0024012191790178257,4.3307368834857245,4.4,0.23834111921496523,0.0,False,False
saxs_theta60,amide,171,171:517-GLY-H--518-LEU-H,0.05925950988661937,0.023323615160349854,0.005997501041232819,2.564960303993226,3.5,5.991811335956466,0.0,False,False
saxs_theta60,amide,172,172:516-GLN-H--518-LEU-H,0.012833673814730554,0.011739293764087149,0.0024012191790178257,4.271197638139479,4.4,0.45576016558848287,0.0,False,False
saxs_theta60,amide,173,173:519-LEU-H--521-VAL-H,0.011291354875211726,0.011739293764087149,0.0024012191790178257,4.457431190242555,4.4,-0.18654643973760204,0.03479957417877479,True,False
saxs_theta60,amide,174,174:521-VAL-H--522-LEU-H,0.053917576329903016,0.023323615160349854,0.005997501041232819,2.6470158758930524,3.5,5.101118108895635,0.0,False,False
saxs_theta60,amide,175,175:518-LEU-H--519-LEU-H,0.04697453132139115,0.023323615160349854,0.005997501041232819,2.7714848873210247,3.5,3.9434617849069555,0.0,False,False
saxs_theta60,amide,176,176:518-LEU-H--519-LEU-H,0.04697453132139115,0.023323615160349854,0.005997501041232819,2.7714848873210247,3.5,3.9434617849069555,0.0,False,False
saxs_theta60,amide,177,177:521-VAL-H--523-GLU-H,0.012273478129904009,0.011739293764087149,0.0024012191790178257,4.33521641374727,4.4,0.22246380942007873,0.0,False,False
saxs_theta60,amide,178,178:521-VAL-H--522-LEU-H,0.053917576329903016,0.023323615160349854,0.005997501041232819,2.6470158758930524,3.5,5.101118108895635,0.0,False,False
saxs_theta60,amide,179,179:522-LEU-H--523-GLU-H,0.042505123954692366,0.023323615160349854,0.005997501041232819,2.8654064731825484,3.5,3.198250181612248,0.0,False,False
saxs_theta60,amide,180,180:523-GLU-H--524-SER-H,0.04730400544465318,0.023323615160349854,0.005997501041232819,2.7650353926334374,3.5,3.998397018931409,0.0,False,False
saxs_theta60,amide,181,181:525-PHE-H--526-LYS-H,0.04397161657340842,0.023323615160349854,0.005997501041232819,2.8331910153715585,3.5,3.4427674578301133,0.0,False,False
saxs_theta60,amide,182,182:523-GLU-H--525-PHE-H,0.012190055349477393,0.011739293764087149,0.0024012191790178257,4.345083307169353,4.4,0.1877219661283148,0.0,False,False
saxs_theta60,amide,183,183:522-LEU-H--524-SER-H,0.012588455670968024,0.011739293764087149,0.0024012191790178257,4.298753228798781,4.4,0.353637816281398,0.0,False,False
saxs_theta60,amide,184,184:522-LEU-H--523-GLU-H,0.042505123954692366,0.023323615160349854,0.005997501041232819,2.8654064731825484,3.5,3.198250181612248,0.0,False,False
saxs_theta60,amide,185,185:523-GLU-H--524-SER-H,0.04730400544465318,0.023323615160349854,0.005997501041232819,2.7650353926334374,3.5,3.998397018931409,0.0,False,False
saxs_theta60,amide,186,186:525-PHE-H--526-LYS-H,0.04397161657340842,0.023323615160349854,0.005997501041232819,2.8331910153715585,3.5,3.4427674578301133,0.0,False,False
saxs_theta60,amide,187,187:526-LYS-H--527-VAL-H,0.03871631760352643,0.023323615160349854,0.005997501041232819,2.9559833627459082,3.5,2.5665193448657613,0.0,False,False
saxs_theta60,amide,188,188:526-LYS-H--527-VAL-H,0.03871631760352643,0.023323615160349854,0.005997501041232819,2.9559833627459082,3.5,2.5665193448657613,0.0,False,False
saxs_theta60,amide,189,189:521-VAL-H--523-GLU-H,0.012273478129904009,0.011739293764087149,0.0024012191790178257,4.33521641374727,4.4,0.22246380942007873,0.0,False,False
saxs_theta60,amide,190,190:527-VAL-H--528-SER-H,0.04841490041478061,0.023323615160349854,0.005997501041232819,2.7437233485355708,3.5,4.18362332610335,0.0,False,False
saxs_theta60,amide,191,191:527-VAL-H--528-SER-H,0.04841490041478061,0.023323615160349854,0.005997501041232819,2.7437233485355708,3.5,4.18362332610335,0.0,False,False
saxs_theta60,amide,192,192:528-SER-H--529-PHE-H,0.04343423562796828,0.023323615160349854,0.005997501041232819,2.844827509803764,3.5,3.3531666488022123,0.0,False,False
saxs_theta60,amide,193,193:536-TYR-H--537-THR-H,0.04644823486764926,0.023323615160349854,0.005997501041232819,2.7819133278035673,3.5,3.8557091609184644,0.0,False,False
saxs_theta60,amide,194,194:537-THR-H--538-LYS-H,0.04686704240320996,0.023323615160349854,0.005997501041232819,2.7736020570889055,3.5,3.925539500701884,0.0,False,False
saxs_theta60,amide,195,195:536-TYR-H--538-LYS-H,0.012094104747189397,0.011739293764087149,0.0024012191790178257,4.356543867291481,4.4,0.1477628473912892,0.0,False,False
saxs_theta60,amide,196,196:536-TYR-H--538-LYS-H,0.012094104747189397,0.011739293764087149,0.0024012191790178257,4.356543867291481,4.4,0.1477628473912892,0.0,False,False
saxs_theta60,amide,197,197:535-GLU-H--537-THR-H,0.013297908808042413,0.011739293764087149,0.0024012191790178257,4.220904730563656,4.4,0.649093201309839,0.0,False,False
saxs_theta60,amide,198,198:370-GLU-H--371-PHE-H,0.04649478233018431,0.023323615160349854,0.005997501041232819,2.7809846627180477,3.5,3.863470303803648,0.0,False,False
saxs_theta60,amide,199,199:419-VAL-H--420-GLU-H,0.04716817101375199,0.023323615160349854,0.005997501041232819,2.7676870893134984,3.5,3.9757485141679534,0.0,False,False
saxs_theta60,amide,200,200:503-LEU-H--505-GLU-H,0.01165277335926532,0.011739293764087149,0.0024012191790178257,4.410862977859267,4.4,-0.03603186480345291,0.0012982952812143087,True,False
saxs_theta60,amide,201,201:372-TRP-HD1--373-ASP-H,0.01346782701710706,0.006010518407212622,0.0009835393757257017,4.203078391850038,5.5,7.5821149553794775,0.0,False,False
saxs_theta60,amide,202,202:492-TYR-QD--493-HIS-H,0.009670817892876148,0.0022512637902654935,0.0002655488088124435,4.6936668948574995,7.63,27.940453341860284,0.0,False,False
saxs_theta60,amide,203,203:525-PHE-QD--526-LYS-H,0.012665697491975273,0.0022512637902654935,0.0002655488088124435,4.289996747927892,7.63,39.21852915960722,0.0,False,False
saxs_theta60,amide,204,204:525-PHE-QD--527-VAL-H,0.0035397472568941546,0.0022512637902654935,0.0002655488088124435,6.561592396807065,7.63,4.8521530651591585,0.0,False,False
saxs_theta60,amide,205,205:400-TYR-QD--402-ASP-H,0.003534602974266004,0.0022512637902654935,0.0002655488088124435,6.564774114212743,7.63,4.832780797397326,0.0,False,False
saxs_theta60,amide,206,206:400-TYR-QD--401-LEU-H,0.01185513726575192,0.0022512637902654935,0.0002655488088124435,4.385621403403525,7.63,36.1661327664611,0.0,False,False
saxs_theta60,amide,207,207:408-TRP-HD1--409-GLN-H,0.0138610624140495,0.006010518407212622,0.0009835393757257017,4.1629496700078725,5.5,7.981931583617968,0.0,False,False
saxs_theta60,amide,208,208:371-PHE-QD--372-TRP-HE1,0.0019196296046370702,0.0022512637902654935,0.0002655488088124435,8.046262317880132,7.63,-1.2488633901674016,1.5596597673004156,True,True
saxs_theta60,amide,209,209:451-ARG-QD--452-ALA-H,0.005492128464284532,0.003850684739542303,0.0005432000416282245,5.667868569480915,6.38,3.0218033854011765,0.0,False,False
saxs_theta60,amide,210,210:464-ALA-H--466-TYR-QD,0.0024067148881807532,0.0022512637902654935,0.0002655488088124435,7.462055104360135,7.63,0.5853955760918303,0.0,False,False
saxs_theta60,amide,211,211:466-TYR-QD--467-SER-H,0.011940868179995477,0.0022512637902654935,0.0002655488088124435,4.375100483732959,7.63,36.48897704743134,0.0,False,False
saxs_theta60,amide,212,212:470-LEU-H--472-GLN-1HE2,0.0018672231995475175,0.006010518407212622,0.0009835393757257017,8.120845631622977,5.5,-4.212637856626722,17.746317711084586,True,True
saxs_theta60,amide,213,213:400-TYR-QD--403-ASP-H,0.004420010445271925,0.0022512637902654935,0.0002655488088124435,6.093388960922991,7.63,8.167035900877309,0.0,False,False
saxs_theta60,amide,214,214:477-ARG-QD--478-LEU-H,0.005671733015901586,0.003850684739542303,0.0005432000416282245,5.60739831669022,6.38,3.352445023569493,0.0,False,False
saxs_theta60,amide,215,215:524-SER-H--525-PHE-QD,0.003832754257575765,0.0022512637902654935,0.0002655488088124435,6.3899335481050175,7.63,5.9555547410769005,0.0,False,False
saxs_theta60,amide,216,216:370-GLU-H--371-PHE-QD,0.0033700026898386116,0.0022512637902654935,0.0002655488088124435,6.669960328434034,7.63,4.212931342363055,0.0,False,False
saxs_theta60,amide,217,217:491-GLU-H--492-TYR-QD,0.005623321649514125,0.0022512637902654935,0.0002655488088124435,5.623443786364873,7.63,12.698448448436869,0.0,False,False
saxs_theta60,amide,218,218:492-TYR-QD--494-ALA-H,0.003371406765934866,0.0022512637902654935,0.0002655488088124435,6.6690342627590375,7.63,4.21821879254042,0.0,False,False
saxs_theta60,amide,219,219:357-PHE-QD--359-LYS-H,0.00400508965195547,0.0022512637902654935,0.0002655488088124435,6.29693561389234,7.63,6.604532965270049,0.0,False,False
saxs_theta60,amide,220,220:372-TRP-HE1--373-ASP-H,0.0036333997656448676,0.006010518407212622,0.0009835393757257017,6.504724971305809,5.5,-2.4169023632773263,5.841417033615525,True,True
saxs_theta60,amide,221,221:372-TRP-HE1--373-ASP-H,0.0036333997656448676,0.006010518407212622,0.0009835393757257017,6.504724971305809,5.5,-2.4169023632773263,5.841417033615525,True,True
saxs_theta60,amide,222,222:368-THR-QG2--372-TRP-HE1,0.0062031787827629995,0.0036079226054996985,0.000498026126526032,5.442459850904343,6.52,5.211084397050495,0.0,False,False
saxs_theta60,amide,223,223:360-LEU-QD1--361-ARG-H,0.006199319225625483,0.0036079226054996985,0.000498026126526032,5.443589067749222,6.52,5.203334688888718,0.0,False,False
saxs_theta60,amide,224,224:364-LEU-QD1--365-GLY-H,0.004916336895684993,0.0036079226054996985,0.000498026126526032,5.881021784723741,6.52,2.627200101553112,0.0,False,False
saxs_theta60,amide,225,225:364-LEU-QD1--368-THR-H,0.0027532797866071388,0.0036079226054996985,0.000498026126526032,7.13482323371481,6.52,-1.7160602092386157,2.9448626417320813,True,True
saxs_theta60,amide,226,226:367-VAL-QG1--368-THR-H,0.013518035452819249,0.0036079226054996985,0.000498026126526032,4.197868270889679,6.52,19.89878104678419,0.0,False,False
saxs_theta60,amide,227,227:375-LEU-QD1--376-GLU-H,0.0059700578171484565,0.0036079226054996985,0.000498026126526032,5.512396999332274,6.52,4.7429945656180115,0.0,False,False
saxs_theta60,amide,228,228:470-LEU-QD1--471-ARG-H,0.006049182149044291,0.0036079226054996985,0.000498026126526032,5.488257076348775,6.52,4.901870431122828,0.0,False,False
saxs_theta60,amide,229,229:470-LEU-QD1--472-GLN-2HE2,0.0006373541828847038,0.0036079226054996985,0.000498026126526032,11.62000691604631,6.52,-5.964683907922895,35.577454121434336,True,True
saxs_theta60,amide,230,230:454-ALA-H--456-VAL-QG1,0.002249859640997146,0.0036079226054996985,0.000498026126526032,7.631586977646331,6.52,-2.726891004646051,7.435934551219549,True,True
saxs_theta60,amide,231,231:455-HIS-H--456-VAL-QG1,0.002974128731547066,0.0036079226054996985,0.000498026126526032,6.953659367732941,6.52,-1.2726116968474022,1.6195405309528241,True,True
saxs_theta60,amide,232,232:456-VAL-QG1--457-ASP-H,0.013482855969173481,0.0036079226054996985,0.000498026126526032,4.201516127671994,6.52,19.828143219224497,0.0,False,False
saxs_theta60,amide,233,233:456-VAL-QG1--457-ASP-H,0.013482855969173481,0.0036079226054996985,0.000498026126526032,4.201516127671994,6.52,19.828143219224497,0.0,False,False
saxs_theta60,amide,234,234:470-LEU-QD1--472-GLN-2HE2,0.0006373541828847038,0.0036079226054996985,0.000498026126526032,11.62000691604631,6.52,-5.964683907922895,35.577454121434336,True,True
saxs_theta60,amide,235,235:470-LEU-QD1--472-GLN-1HE2,0.0006097547838666692,0.0036079226054996985,0.000498026126526032,11.792745548941083,6.52,-6.020101480512015,36.24162183566296,True,True
saxs_theta60,amide,236,236:470-LEU-QD1--472-GLN-H,0.002520695154592162,0.0036079226054996985,0.000498026126526032,7.347843387485183,6.52,-2.1830731220698456,4.765808256303783,True,True
saxs_theta60,amide,237,237:470-LEU-QD1--471-ARG-H,0.006049182149044291,0.0036079226054996985,0.000498026126526032,5.488257076348775,6.52,4.901870431122828,0.0,False,False
saxs_theta60,amide,238,238:521-VAL-QG1--524-SER-H,0.004754439503646568,0.0036079226054996985,0.000498026126526032,5.947031306899141,6.52,2.3021219913589026,0.0,False,False
saxs_theta60,amide,239,239:521-VAL-QG1--522-LEU-H,0.01258745576899339,0.0036079226054996985,0.000498026126526032,4.298867051589534,6.52,18.030245172337015,0.0,False,False
saxs_theta60,amide,240,240:521-VAL-QG1--523-GLU-H,0.003707134293772981,0.0036079226054996985,0.000498026126526032,6.4613097362743055,6.52,0.19920980645198502,0.0,False,False
saxs_theta60,amide,241,241:453-ARG-QD--456-VAL-QG1,0.002504714068083111,0.002467770911890707,0.00030013430009481567,7.36343767041061,7.4,0.12308875120482243,0.0,False,False
saxs_theta60,amide,242,242:470-LEU-QD1--473-ARG-H,0.003866831004871873,0.0036079226054996985,0.000498026126526032,6.371107542916329,6.52,0.5198691104384087,0.0,False,False
saxs_theta60,amide,243,243:393-VAL-QG1--395-ALA-H,0.004253032750090096,0.0036079226054996985,0.000498026126526032,6.172111423647785,6.52,1.2953339397881523,0.0,False,False
saxs_theta60,amide,244,244:393-VAL-QG1--396-LYS-H,0.005390502888087573,0.0036079226054996985,0.000498026126526032,5.703265274919167,6.52,3.5792906991089324,0.0,False,False
saxs_theta60,amide,245,245:393-VAL-QG1--394-LYS-H,0.015200332612173316,0.0036079226054996985,0.000498026126526032,4.036909092328007,6.52,23.276710576483538,0.0,False,False
saxs_theta60,amide,246,246:519-LEU-QD1--522-LEU-H,0.003048390264365727,0.0036079226054996985,0.000498026126526032,6.89672873831613,6.52,-1.1234999758686848,1.2622521957769353,True,True
saxs_theta60,amide,247,247:518-LEU-H--519-LEU-QD1,0.003069413446698338,0.0036079226054996985,0.000498026126526032,6.880946843754638,6.52,-1.0812869649183203,1.169181500502273,True,True
saxs_theta60,amide,248,248:522-LEU-QD1--523-GLU-H,0.00597819292703352,0.0036079226054996985,0.000498026126526032,5.509895445633154,6.52,4.759329270670153,0.0,False,False
saxs_theta60,amide,249,249:522-LEU-QD1--524-SER-H,0.002385868210182115,0.0036079226054996985,0.000498026126526032,7.483725507436941,6.52,-2.453795755339166,6.0211136089205075,True,True
saxs_theta60,amide,250,250:522-LEU-QD1--525-PHE-QD,0.00358088513382901,0.0015450825141659923,0.00016076003037565235,6.536368624171167,8.65,12.663611812624707,0.0,False,False
saxs_theta60,amide,251,251:521-VAL-H--522-LEU-QD1,0.0029859171856009012,0.0036079226054996985,0.000498026126526032,6.9444962415297855,6.52,-1.2489413441772212,1.5598544811952042,True,True
saxs_theta60,amide,252,252:400-TYR-QD--401-LEU-QD1,0.0022426622388386215,0.0015450825141659923,0.00016076003037565235,7.639742306648879,8.65,4.339260965817036,0.0,False,False
saxs_theta60,amide,253,253:401-LEU-QD1--402-ASP-H,0.0057317965825082,0.0036079226054996985,0.000498026126526032,5.587742834068813,6.52,4.26458345031721,0.0,False,False
saxs_theta60,amide,254,254:470-LEU-QD1--471-ARG-QD,0.001248145648812932,0.002467770911890707,0.00030013430009481567,9.287772684796389,7.4,-4.063598404755744,16.51283199513343,True,True
saxs_theta60,amide,255,255:463-LEU-QD1--466-TYR-QD,0.004601935502059925,0.0015450825141659923,0.00016076003037565235,6.012011797545044,8.65,19.015006284527942,0.0,False,False
saxs_theta60,amide,256,256:463-LEU-QD1--464-ALA-H,0.006430786064854128,0.0036079226054996985,0.000498026126526032,5.377478045749895,6.52,5.6681031556421315,0.0,False,False
saxs_theta60,amide,257,257:532-ALA-QB--533-LEU-H,0.026777568451633274,0.0036079226054996985,0.000498026126526032,3.342537491957925,6.52,46.52295253615071,0.0,False,False
saxs_theta60,amide,258,258:510-ALA-H--511-LEU-QD1,0.0034343998786916788,0.0036079226054996985,0.000498026126526032,6.6280083461651715,6.52,-0.3484209312841134,0.12139714535688886,True,False
saxs_theta60,amide,259,259:375-LEU-QD1--376-GLU-H,0.005970057817148461,0.0036079226054996985,0.000498026126526032,5.512396999332273,6.52,4.74299456561802,0.0,False,False
saxs_theta60,amide,260,260:537-THR-QG2--538-LYS-H,0.01138731931828345,0.0036079226054996985,0.000498026126526032,4.444874469483565,6.52,15.62045904508811,0.0,False,False
saxs_theta60,amide,261,261:537-THR-QG2--539-LYS-H,0.003818062313002922,0.0036079226054996985,0.000498026126526032,6.398119235050321,6.52,0.4219451476753786,0.0,False,False
saxs_theta60,amide,262,262:500-LEU-QD1--504-SER-H,0.004670676271422286,0.0036079226054996985,0.000498026126526032,5.9823719430000315,6.52,2.133931553623095,0.0,False,False
saxs_theta60,amide,263,263:396-LYS-H--397-VAL-QG1,0.004396045851335092,0.0036079226054996985,0.000498026126526032,6.104441396826587,6.52,1.5824937766476759,0.0,False,False
saxs_theta60,amide,264,264:397-VAL-QG1--400-TYR-QD,0.0035821285697181008,0.0015450825141659923,0.00016076003037565235,6.5356122307054045,8.65,12.67134654548203,0.0,False,False
saxs_theta60,amide,265,265:417-GLN-H--419-VAL-QG1,0.0023465134042436834,0.0036079226054996985,0.000498026126526032,7.525331805634879,6.52,-2.5328173243740073,6.415163598649105,True,True
saxs_theta60,amide,266,266:416-ARG-H--419-VAL-QG1,0.0028153913731291578,0.0036079226054996985,0.000498026126526032,7.081964435886586,6.52,-1.5913446908876474,2.532377925216302,True,True
saxs_theta60,amide,267,267:419-VAL-QG1--420-GLU-H,0.016934063051748216,0.0036079226054996985,0.000498026126526032,3.894152387580856,6.52,26.75791436727357,0.0,False,False
saxs_theta60,amide,268,268:519-LEU-QD1--521-VAL-H,0.0025060835746449238,0.0036079226054996985,0.000498026126526032,7.362096119820852,6.52,-2.212412104844024,4.894767321660366,True,True
saxs_theta60,amide,269,269:519-LEU-QD1--523-GLU-H,0.003693310247513086,0.0036079226054996985,0.000498026126526032,6.469361251636051,6.52,0.17145213366416476,0.0,False,False
saxs_theta60,amide,270,270:489-LEU-QD1--492-TYR-QD,0.005178941487752329,0.0015450825141659923,0.00016076003037565235,5.779891224377391,8.65,22.60424413391189,0.0,False,False
saxs_theta60,amide,271,271:364-LEU-QD1--367-VAL-H,0.0012326848193692803,0.0036079226054996985,0.000498026126526032,9.326441793242017,6.52,-4.769303575896362,22.746256599057823,True,True
saxs_theta60,amide,272,272:532-ALA-H--533-LEU-QD1,0.0027372776202319793,0.0036079226054996985,0.000498026126526032,7.148699656333826,6.52,-1.74819138775084,3.0561731282062077,True,True
saxs_theta60,amide,273,273:444-LEU-QD1--447-GLU-H,0.0046421455268584755,0.0036079226054996985,0.000498026126526032,5.994602856692305,6.52,2.0766439073648035,0.0,False,False
saxs_theta60,amide,274,274:444-LEU-QD1--446-GLU-H,0.002728208615907289,0.0036079226054996985,0.000498026126526032,7.156612038011363,6.52,-1.7664012844643937,3.12017349775746,True,True
saxs_theta60,amide,275,275:444-LEU-QD1--445-GLY-H,0.006083830608319971,0.0036079226054996985,0.000498026126526032,5.477818379202338,6.52,4.971442000625355,0.0,False,False
saxs_theta60,amide,276,276:488-ARG-H--489-LEU-QD1,0.002519298909755523,0.0036079226054996985,0.000498026126526032,7.349200576399367,6.52,-2.1858766794783255,4.77805685788719,True,True
saxs_theta60,amide,277,277:489-LEU-QD1--490-ALA-H,0.006000258740092041,0.0036079226054996985,0.000498026126526032,5.503132978120696,6.52,4.80363580778386,0.0,False,False
saxs_theta60,amide,278,278:489-LEU-QD1--492-TYR-H,0.004676035956350947,0.0036079226054996985,0.000498026126526032,5.980085398918739,6.52,2.144693408560399,0.0,False,False
saxs_theta60,amide,279,279:489-LEU-QD1--490-ALA-QB,0.002191930600511191,0.0023328454202689143,0.0002784563498994725,7.698233268750139,7.54,-0.5060571246035365,0.2560938133619992,True,False
saxs_theta60,amide,280,280:389-ASP-H--390-LEU-QD1,0.0024526307594476375,0.0036079226054996985,0.000498026126526032,7.415195571667034,6.52,-2.319741444310901,5.381200368453625,True,True
saxs_theta60,amide,281,281:390-LEU-QD1--391-GLU-H,0.006119270048556503,0.0036079226054996985,0.000498026126526032,5.467223063516619,6.52,5.04260180198706,0.0,False,False
saxs_theta60,amide,282,282:357-PHE-QD--360-LEU-QD1,0.002977675441499556,0.0015450825141659923,0.00016076003037565235,6.95089743573413,8.65,8.91137507243551,0.0,False,False
saxs_theta60,amide,283,283:360-LEU-QD1--361-ARG-H,0.006199319225625493,0.0036079226054996985,0.000498026126526032,5.443589067749218,6.52,5.20333468888874,0.0,False,False
saxs_theta60,amide,284,284:514-LEU-QD1--515-ARG-H,0.0060758926219665384,0.0036079226054996985,0.000498026126526032,5.480202880684754,6.52,4.955503105192692,0.0,False,False
saxs_theta60,amide,285,285:364-LEU-QD1--367-VAL-QG1,0.0008531686379181733,0.0023328454202689143,0.0002784563498994725,10.543586672565333,7.54,-5.313855413550201,28.23705935611678,True,True
saxs_theta60,amide,286,286:530-LEU-QD1--533-LEU-QD1,0.003143717159071934,0.0023328454202689143,0.0002784563498994725,6.826302214496721,7.54,2.912024592349063,0.0,False,False
saxs_theta60,amide,287,287:530-LEU-QD1--533-LEU-QD1,0.003143717159071934,0.0023328454202689143,0.0002784563498994725,6.826302214496721,7.54,2.912024592349063,0.0,False,False
saxs_theta60,amide,288,288:417-GLN-H--419-VAL-QG1,0.0023465134042436834,0.0036079226054996985,0.000498026126526032,7.525331805634879,6.52,-2.5328173243740073,6.415163598649105,True,True
saxs_theta60,amide,289,289:521-VAL-QG1--522-LEU-QD1,0.0022369138973600293,0.0023328454202689143,0.0002784563498994725,7.646280821379594,7.54,-0.34451188828524826,0.11868844116986738,True,False
saxs_theta60,amide,290,290:452-ALA-QB--453-ARG-H,0.027065084223309117,0.0036079226054996985,0.000498026126526032,3.3306592663579986,6.52,47.10026315573889,0.0,False,False
saxs_theta60,amide,291,291:490-ALA-QB--491-GLU-H,0.025987640495733808,0.0036079226054996985,0.000498026126526032,3.376066945990061,6.52,44.936835033822895,0.0,False,False
saxs_theta60,methyl,0,0:64-LEU-QD2--67-VAL-QG2,0.0016367019169786158,0.001953125,0.00021972656249999998,8.48548759646916,8.0,-1.4400766089506551,2.073820639646818,True,True
saxs_theta60,methyl,1,1:364-LEU-QD2--367-VAL-QG2,0.0007318619427689381,0.001953125,0.00021972656249999998,11.09660887467032,8.0,-5.558103869353811,30.892518622525806,True,True
saxs_theta60,methyl,2,2:90-LEU-QD2--93-VAL-QG2,0.003889169890108393,0.001953125,0.00021972656249999998,6.358885842406506,8.0,8.811155410982197,0.0,False,False
saxs_theta60,methyl,3,3:390-LEU-QD2--393-VAL-QG2,0.002914288785756942,0.001953125,0.00021972656249999998,7.000931122788949,8.0,4.374363184956038,0.0,False,False
saxs_theta60,methyl,4,4:97-VAL-QG2--101-LEU-QD2,0.0037878661768567133,0.001953125,0.00021972656249999998,6.415075779257832,8.0,8.350110956005665,0.0,False,False
saxs_theta60,methyl,5,5:397-VAL-QG2--401-LEU-QD2,0.00315701275434781,0.001953125,0.00021972656249999998,6.816705857911116,8.0,5.479026935342923,0.0,False,False
saxs_theta60,methyl,6,6:119-VAL-QG2--144-LEU-QD2,0.005155852169171193,0.001953125,0.00021972656249999998,5.788506355654505,8.0,14.575967205472455,0.0,False,False
saxs_theta60,methyl,7,7:419-VAL-QG2--444-LEU-QD2,0.005593460436484573,0.001953125,0.00021972656249999998,5.633433125042192,8.0,16.56757105315646,0.0,False,False
saxs_theta60,methyl,8,8:156-VAL-QG2--159-LEU-QD2,0.004605192073387854,0.001953125,0.00021972656249999998,6.0105943277451495,8.0,12.06985192510739,0.0,False,False
saxs_theta60,methyl,9,9:456-VAL-QG2--459-LEU-QD2,0.004865781172908963,0.001953125,0.00021972656249999998,5.901319689508181,8.0,13.255821871372348,0.0,False,False
saxs_theta60,methyl,10,10:163-LEU-QD2--159-LEU-QD2,0.004213601766450106,0.001953125,0.00021972656249999998,6.191304598415297,8.0,10.287680928199594,0.0,False,False
saxs_theta60,methyl,11,11:463-LEU-QD2--459-LEU-QD2,0.004369701563386564,0.001953125,0.00021972656249999998,6.116684418972707,8.0,10.998108448479297,0.0,False,False
saxs_theta60,methyl,12,12:200-LEU-QD2--203-LEU-QD2,0.007956904162100903,0.001953125,0.00021972656249999998,5.009010679214883,8.0,27.32386605329478,0.0,False,False
saxs_theta60,methyl,13,13:500-LEU-QD2--503-LEU-QD2,0.008098464228126056,0.001953125,0.00021972656249999998,4.97965334370265,8.0,27.968121642671473,0.0,False,False
saxs_theta60,methyl,14,14:211-LEU-QD2--214-LEU-QD2,0.008039235285021392,0.001953125,0.00021972656249999998,4.991852606581555,8.0,27.698564141608472,0.0,False,False
saxs_theta60,methyl,15,15:511-LEU-QD2--514-LEU-QD2,0.013877075571968064,0.001953125,0.00021972656249999998,4.161347804455473,8.0,54.26722393642355,0.0,False,False
saxs_theta60,methyl,16,16:214-LEU-QD2--218-LEU-QD2,0.004646612977926355,0.001953125,0.00021972656249999998,5.992681085406764,8.0,12.258363063984834,0.0,False,False
saxs_theta60,methyl,17,17:514-LEU-QD2--518-LEU-QD2,0.004347459461049736,0.001953125,0.00021972656249999998,6.127097900452562,8.0,10.89688216939969,0.0,False,False
saxs_theta60,methyl,18,18:218-LEU-QD2--221-VAL-QG2,0.0016941301059668267,0.001953125,0.00021972656249999998,8.388502016097954,8.0,-1.1787145399554197,1.3893679667023169,True,True
saxs_theta60,methyl,19,19:218-LEU-QD2--222-LEU-QD2,0.004971640124281699,0.001953125,0.00021972656249999998,5.859134107677274,8.0,13.737597721175378,0.0,False,False
saxs_theta60,methyl,20,20:518-LEU-QD2--521-VAL-QG2,0.0028624374471373465,0.001953125,0.00021972656249999998,7.042950970512016,8.0,4.138381981638413,0.0,False,False
saxs_theta60,methyl,21,21:518-LEU-QD2--522-LEU-QD2,0.007183324459742724,0.001953125,0.00021972656249999998,5.1827250815890356,8.0,23.803218874562447,0.0,False,False
saxs_theta60,methyl,22,22:219-LEU-QD2--222-LEU-QD2,0.008629029115182095,0.001953125,0.00021972656249999998,4.875427341735345,8.0,30.382781395317625,0.0,False,False
saxs_theta60,methyl,23,23:519-LEU-QD2--522-LEU-QD2,0.005546863327552463,0.001953125,0.00021972656249999998,5.649163940440794,8.0,16.35550243294988,0.0,False,False
saxs_theta60,methyl,24,24:221-VAL-QG2--222-LEU-QD2,0.00130715726980079,0.001953125,0.00021972656249999998,9.145849540471206,8.0,-2.9398709143288495,8.642840992916746,True,True
saxs_theta60,methyl,25,25:521-VAL-QG2--522-LEU-QD2,0.002158047007110815,0.001953125,0.00021972656249999998,7.738314326079602,8.0,0.932622823473221,0.0,False,False
saxs_theta60,methyl,26,26:230-LEU-QD2--233-LEU-QD2,0.010942667928875077,0.001953125,0.00021972656249999998,4.504282214502711,8.0,40.91240870741369,0.0,False,False
saxs_theta60,methyl,27,27:530-LEU-QD2--533-LEU-QD2,0.006996706512270783,0.001953125,0.00021972656249999998,5.228399698678787,8.0,22.953899860290143,0.0,False,False
saxs_theta60,methyl,28,28:233-LEU-QD2--503-LEU-QD2,0.011928771749111774,0.001953125,0.00021972656249999998,4.376578848335116,8.0,45.400276760402036,0.0,False,False
saxs_theta60,methyl,29,29:533-LEU-QD2--203-LEU-QD2,0.00756860118483425,0.001953125,0.00021972656249999998,5.09324764285392,8.0,25.556656058978987,0.0,False,False
saxs_theta60,methyl,30,30:470-LEU-QD2--93-VAL-QG2,0.00039365114589119714,0.001,8.999999999999999e-05,13.644663404370247,10.0,-6.7372094900978095,45.389991713463985,True,True
saxs_theta60,methyl,31,31:474-LEU-QD2--93-VAL-QG2,0.0004188174396930409,0.001,8.999999999999999e-05,13.365701186415988,10.0,-6.457584003410657,41.70039116110521,True,True
saxs_theta60,methyl,32,32:214-LEU-QD2--522-LEU-QD2,0.003569127693331926,0.001953125,0.00021972656249999998,6.543538138053854,8.0,7.35460781320841,0.0,False,False
saxs_theta60,methyl,33,33:514-LEU-QD2--222-LEU-QD2,0.007763615182172331,0.001953125,0.00021972656249999998,5.0502397955492695,8.0,26.44418642908652,0.0,False,False
saxs_theta60,methyl,34,34:230-LEU-QD2--511-LEU-QD2,0.0033396875793155105,0.001953125,0.00021972656249999998,6.690081157050101,8.0,6.310400360973702,0.0,False,False
saxs_theta60,methyl,35,35:530-LEU-QD2--211-LEU-QD2,0.005419951595094162,0.001953125,0.00021972656249999998,5.69291715693601,8.0,15.777913037228545,0.0,False,False
saxs_theta60,methyl,36,36:219-LEU-QD2--519-LEU-QD2,0.011169583749966638,0.001953125,0.00021972656249999998,4.473571027184287,8.0,41.94512782207039,0.0,False,False
saxs_theta60,methyl,37,37:170-LEU-QD2--393-VAL-QG2,0.0006937117985637048,0.001,8.999999999999999e-05,11.29640635191754,10.0,-3.4032022381810583,11.581785473960565,True,True
saxs_theta60,methyl,38,38:174-LEU-QD2--393-VAL-QG2,0.000646617671191981,0.001,8.999999999999999e-05,11.564250136577943,10.0,-3.926470320089101,15.417169174540609,True,True
saxs_theta60,methyl,39,39:456-VAL-QG2--101-LEU-QD2,0.0019294162192666795,0.001953125,0.00021972656249999998,8.032634847692274,8.0,-0.10790129542631219,0.0116426895546763,True,False
local_joint_v2,saxs,0,q=0.00281393,0.034702585206663014,0.03841014,0.0075855972,0.034702585206663014,0.03841014,-0.4887624132397892,0.23888869659598247,False,False
local_joint_v2,saxs,1,q=0.0030889,0.034672854085237,0.03180309,0.0060644814,0.034672854085237,0.03180309,0.47320848988620884,0.22392627490038622,False,False
local_joint_v2,saxs,2,q=0.00336388,0.034634928575031664,0.04259826,0.00501565569,0.034634928575031664,0.04259826,-1.587694992869085,2.5207753903815644,False,False
local_joint_v2,saxs,3,q=0.00363886,0.03459438099690172,0.033286068,0.00419709855,0.03459438099690172,0.033286068,0.31171843627586965,0.09716838351427341,False,False
local_joint_v2,saxs,4,q=0.00391383,0.034551267681757904,0.034125834,0.0035948268,0.034551267681757904,0.034125834,0.11834608603616256,0.014005796080078792,False,False
local_joint_v2,saxs,5,q=0.00418881,0.034506129971876597,0.036513042,0.00304067508,0.034506129971876597,0.036513042,-0.6600218620278908,0.4356288583547641,False,False
local_joint_v2,saxs,6,q=0.00446378,0.03446006698431989,0.035845962,0.00273230664,0.03446006698431989,0.035845962,-0.5072252855485192,0.25727749029977687,False,False
local_joint_v2,saxs,7,q=0.00473876,0.03441315025243428,0.032072523,0.00241575678,0.03441315025243428,0.032072523,0.9689002104070591,0.9387676177268434,False,False
local_joint_v2,saxs,8,q=0.00501374,0.03436592154168955,0.030565422,0.00223509999,0.03436592154168955,0.030565422,1.7003711505942738,2.8912620497732946,False,False
local_joint_v2,saxs,9,q=0.00528871,0.034315239616831035,0.037125756,0.00227276247,0.034315239616831035,0.037125756,-1.236608057492681,1.5291994878558217,False,False
local_joint_v2,saxs,10,q=0.00556369,0.03425977694317814,0.03683577,0.00204943296,0.03425977694317814,0.03683577,-1.2569296518105468,1.5798721496005825,False,False
local_joint_v2,saxs,11,q=0.00583866,0.03418846397752147,0.03511044,0.00197205678,0.03418846397752147,0.03511044,-0.46752001860642717,0.218574967797754,False,False
local_joint_v2,saxs,12,q=0.00611364,0.0341215212795634,0.036528648,0.00180530514,0.0341215212795634,0.036528648,-1.333362802277622,1.7778563624976331,False,False
local_joint_v2,saxs,13,q=0.00638862,0.03406078775260462,0.033469923,0.00170172873,0.03406078775260462,0.033469923,0.34721441918925644,0.1205578528929327,False,False
local_joint_v2,saxs,14,q=0.00666359,0.03399343075044959,0.034477989,0.00163518342,0.03399343075044959,0.034477989,-0.29633265823500776,0.08781304433662591,False,False
local_joint_v2,saxs,15,q=0.007076055,0.033881700020076524,0.0367608255,0.00108042646153,0.033881700020076524,0.0367608255,-2.6648046696730483,7.1011839275112845,False,False
local_joint_v2,saxs,16,q=0.00762601,0.033709255987766154,0.033529185,0.000970700838168,0.033709255987766154,0.033529185,0.18550616285239677,0.03441253645621995,False,False
local_joint_v2,saxs,17,q=0.00817596,0.03354046535434532,0.0363085575,0.00091396537725,0.03354046535434532,0.0363085575,-3.0286619324503254,9.17279310107374,False,False
local_joint_v2,saxs,18,q=0.00872591,0.033368869780204126,0.0337609902,0.000853659320193,0.033368869780204126,0.0337609902,-0.4593406415421338,0.21099382497233904,False,False
local_joint_v2,saxs,19,q=0.009275865,0.03318059215121857,0.0322778796,0.000787594489659,0.03318059215121857,0.0322778796,1.1461641276964822,1.313692207618238,False,False
local_joint_v2,saxs,20,q=0.00982582,0.032973989201007387,0.03373332015,0.00075414716736,0.032973989201007387,0.03373332015,-1.0068737003292907,1.0137946484147982,False,False
local_joint_v2,saxs,21,q=0.0103758,0.03275879880820355,0.034474317,0.000727495376934,0.03275879880820355,0.034474317,-2.358115592467994,5.5607091474406785,False,False
local_joint_v2,saxs,22,q=0.0109257,0.03256686184306858,0.032768724,0.000678779657703,0.03256686184306858,0.032768724,-0.2973898151493236,0.08844070215454887,False,False
local_joint_v2,saxs,23,q=0.0114757,0.032326774262074136,0.03249508605,0.000650521383444,0.032326774262074136,0.03249508605,-0.25873367457159063,0.06694311435731777,False,False
local_joint_v2,saxs,24,q=0.0120256,0.032089535076110884,0.0318161001,0.000628406796798,0.032089535076110884,0.0318161001,0.43512415445560126,0.18933302979070193,False,False
local_joint_v2,saxs,25,q=0.0125756,0.03185823405894128,0.0322276446,0.000614177813628,0.03185823405894128,0.0322276446,-0.6014716469104934,0.36176814203722124,False,False
local_joint_v2,saxs,26,q=0.013263,0.031525890532967324,0.0309941008002,0.000476366986747,0.031525890532967324,0.0309941008002,1.1163446409223126,1.246225357315967,False,False
local_joint_v2,saxs,27,q=0.01408793333,0.03113294593456594,0.0316067332002,0.000459214311175,0.03113294593456594,0.0316067332002,-1.031734538981966,1.06447615892833,False,False
local_joint_v2,saxs,28,q=0.0149129,0.030721175571440024,0.0307224832998,0.000441554443199,0.030721175571440024,0.0307224832998,-0.0029616469273895047,8.771352522515695e-06,False,False
local_joint_v2,saxs,29,q=0.0157378,0.030258087195867277,0.0306244561998,0.000428198876997,0.030258087195867277,0.0306244561998,-0.8556047752906434,0.7320595315001523,False,False
local_joint_v2,saxs,30,q=0.01656273333,0.029811414824697305,0.0295171441998,0.00041194860616,0.029811414824697305,0.0295171441998,0.7143381977678284,0.510279060790189,False,False
local_joint_v2,saxs,31,q=0.01738766667,0.02931853012991694,0.0300264709998,0.000401299629593,0.02931853012991694,0.0300264709998,-1.7641204169589082,3.112120845531272,False,False
local_joint_v2,saxs,32,q=0.0182126,0.028838237687960316,0.0283768216002,0.000387213737949,0.028838237687960316,0.0283768216002,1.1916315010008471,1.4199856341775319,False,False
local_joint_v2,saxs,33,q=0.019175,0.028226028810287344,0.028704588825,0.000326312698353,0.028226028810287344,0.028704588825,-1.466568776293699,2.1508239755995975,False,False
local_joint_v2,saxs,34,q=0.0202749,0.027512430135433225,0.027219507075,0.000311328514843,0.027512430135433225,0.027219507075,0.9408809231012559,0.8852569114558715,False,False
local_joint_v2,saxs,35,q=0.0213748,0.02678008832355209,0.026979330225,0.000304329094114,0.02678008832355209,0.026979330225,-0.6546922568411327,0.4286219511677357,False,False
local_joint_v2,saxs,36,q=0.022474725,0.026031343934542876,0.0259613358,0.000291997855206,0.026031343934542876,0.0259613358,0.23975564647037237,0.05748277001442618,False,False
local_joint_v2,saxs,37,q=0.023574625,0.02525331483595503,0.02588867865,0.000284858565565,0.02525331483595503,0.02588867865,-2.230453603474285,4.974923277251423,False,False
local_joint_v2,saxs,38,q=0.024674525,0.024463938883075374,0.02492772645,0.000275967617306,0.024463938883075374,0.02492772645,-1.6805869161466358,2.8243723827232596,False,False
local_joint_v2,saxs,39,q=0.02591192,0.023625443998458534,0.02381825766,0.000237745367656,0.023625443998458534,0.02381825766,-0.8110091205665659,0.6577357936421547,False,False
local_joint_v2,saxs,40,q=0.0272868,0.0225992193978978,0.02244276216,0.000229785095993,0.0225992193978978,0.02244276216,0.6808850557590717,0.4636044591560341,False,False
local_joint_v2,saxs,41,q=0.02866168,0.02157052107671164,0.02115858726,0.000221186797443,0.02157052107671164,0.02115858726,1.8623797689271877,3.468458403709285,False,False
local_joint_v2,saxs,42,q=0.03003656,0.020498111316309225,0.02022736908,0.00021407511092,0.020498111316309225,0.02022736908,1.2647067430944816,1.5994831460286512,False,False
local_joint_v2,saxs,43,q=0.03154893333,0.01935867235017177,0.0194245544502,0.000188543480903,0.01935867235017177,0.0194245544502,-0.34942656045542553,0.12209892115170914,False,False
local_joint_v2,saxs,44,q=0.03319876667,0.01796952160908274,0.0179979960498,0.000181713077765,0.01796952160908274,0.0179979960498,-0.15670000787770974,0.024554892468874295,False,False
local_joint_v2,saxs,45,q=0.03484865,0.016753488156086467,0.0167510383998,0.000175062682783,0.016753488156086467,0.0167510383998,0.013993595022773692,0.00019582070166139663,False,False
local_joint_v2,saxs,46,q=0.0364985,0.015640136099012734,0.0151704940002,0.000168807877258,0.015640136099012734,0.0151704940002,2.782110091313752,7.740136560189813,False,False
local_joint_v2,saxs,47,q=0.03828584286,0.014191967007121047,0.0142120658141,0.000151005333604,0.014191967007121047,0.0142120658141,-0.13309998063817655,0.01771560484588297,False,False
local_joint_v2,saxs,48,q=0.04021067143,0.012831047228470414,0.0128438210571,0.000146960411955,0.012831047228470414,0.0128438210571,-0.08692020156759728,0.00755512144055174,False,False
local_joint_v2,saxs,49,q=0.04213551429,0.01150449049522755,0.0114883365,0.000145648309598,0.01150449049522755,0.0114883365,0.11091096952746843,0.012301243161523031,False,False
local_joint_v2,saxs,50,q=0.04406034286,0.010232776419203667,0.0102951791141,0.000139065101139,0.010232776419203667,0.0102951791141,-0.44873008673800413,0.2013586907438967,False,False
local_joint_v2,saxs,51,q=0.0461226625,0.008953910546687906,0.0088883635125,0.000123726773614,0.008953910546687906,0.0088883635125,0.529772435450368,0.28065883336301434,False,False
local_joint_v2,saxs,52,q=0.048322475,0.007679599144175142,0.007655253,0.000122557359322,0.007679599144175142,0.007655253,0.19865101785667907,0.039462226895494626,False,False
local_joint_v2,saxs,53,q=0.050522275,0.006506156690772913,0.0065296932,0.000127412304363,0.006506156690772913,0.0065296932,-0.18472712933619803,0.034124112312792436,False,False
local_joint_v2,saxs,54,q=0.05285957778,0.0053832933862316135,0.00533047466661,0.000120771153208,0.0053832933862316135,0.00533047466661,0.43734549367633996,0.19127108083900152,False,False
local_joint_v2,saxs,55,q=0.05533436667,0.004309949626410145,0.00421292356664,0.000109810895157,0.004309949626410145,0.00421292356664,0.8835740718753224,0.7807031404903375,False,False
local_joint_v2,saxs,56,q=0.05794663,0.0034314414608428117,0.00348760491,9.77684047542e-05,0.0034314414608428117,0.00348760491,-0.5744539792624103,0.3299973742904177,False,False
local_joint_v2,saxs,57,q=0.0606964,0.0026110438068837555,0.00247022784,9.27384862308e-05,0.0026110438068837555,0.00247022784,1.518419942000178,2.305599120263824,False,False
local_joint_v2,saxs,58,q=0.06344615,0.0019917942123652845,0.00186401226,8.84842383099e-05,0.0019917942123652845,0.00186401226,1.4441210638865578,2.0854856471608434,False,False
local_joint_v2,saxs,59,q=0.06633340909,0.0015311415663185283,0.0014532069818,8.10173252448e-05,0.0015311415663185283,0.0014532069818,0.9619496111855448,0.9253470544600207,False,False
local_joint_v2,saxs,60,q=0.06935813636,0.001244564792031365,0.00129269421821,7.94061476115e-05,0.001244564792031365,0.00129269421821,-0.6061171285391085,0.36737797350849416,False,False
local_joint_v2,saxs,61,q=0.072520375,0.0011503169438315205,0.00105593884998,7.38085356033e-05,0.0011503169438315205,0.00105593884998,1.2786880687997397,1.6350431772908078,False,False
local_joint_v2,saxs,62,q=0.075820075,0.0012000561144265497,0.00120755590002,7.21013287389e-05,0.0012000561144265497,0.00120755590002,-0.10401730071590275,0.010819598848222542,False,False
local_joint_v2,saxs,63,q=0.07925728462,0.0014270725820831893,0.00150663140771,6.79077121578e-05,0.0014270725820831893,0.00150663140771,-1.1715727580681325,1.372582727447371,False,False
local_joint_v2,saxs,64,q=0.08283196923,0.0018024928054634895,0.00189455702307,6.66651384423e-05,0.0018024928054634895,0.00189455702307,-1.3809949211489887,1.9071469722393015,False,False
local_joint_v2,saxs,65,q=0.08654415,0.0022842216977697945,0.00237375092141,6.31299329169e-05,0.0022842216977697945,0.00237375092141,-1.4181739074244806,2.0112172316996193,False,False
local_joint_v2,saxs,66,q=0.09039382143,0.002845590008253503,0.00295543797859,6.22012748859e-05,0.002845590008253503,0.00295543797859,-1.7660083420797756,3.1187854642953576,False,False
local_joint_v2,saxs,67,q=0.09438096,0.0034353278070693946,0.00358750999998,6.07486891221e-05,0.0034353278070693946,0.00358750999998,-2.5051107292987225,6.275579766047577,False,False
local_joint_v2,saxs,68,q=0.09864301875,0.00403191091510597,0.003978003825,5.76834165381e-05,0.00403191091510597,0.003978003825,0.934533585928712,0.8733530232287774,False,False
local_joint_v2,saxs,69,q=0.1030425,0.004567262037582847,0.00454636185,5.63261185929e-05,0.004567262037582847,0.00454636185,0.37105676913235963,0.13768312591894524,False,False
local_joint_v2,saxs,70,q=0.10758,0.004999303110683417,0.00500736420002,5.58094910001e-05,0.004999303110683417,0.00500736420002,-0.14443939896474128,0.020862739973295706,False,False
local_joint_v2,saxs,71,q=0.1123917778,0.005306217844249147,0.00537149764983,5.5893579744e-05,0.005306217844249147,0.00537149764983,-1.1679303039784308,1.3640611949511496,False,False
local_joint_v2,saxs,72,q=0.1173415,0.0054559350774565744,0.00549024236661,5.2197583734e-05,0.0054559350774565744,0.00549024236661,-0.6572581851347108,0.43198832192657377,False,False
local_joint_v2,saxs,73,q=0.122428579,0.0054548665440179445,0.00545602938942,4.92090323023e-05,0.0054548665440179445,0.00545602938942,-0.023630730938010457,0.0005584114446646446,False,False
local_joint_v2,saxs,74,q=0.1277905,0.005316278371087077,0.005227522185,4.64202730274e-05,0.005316278371087077,0.005227522185,1.9120134436669025,3.6557954087629674,False,False
local_joint_v2,saxs,75,q=0.1334276667,0.0050639249953517065,0.00500287584286,4.39849978625e-05,0.0050639249953517065,0.00500287584286,1.3879539720008647,1.926416228392977,False,False
local_joint_v2,saxs,76,q=0.1393395,0.004739408015659991,0.00467894770908,4.17291489963e-05,0.004739408015659991,0.00467894770908,1.4488746603807399,2.0992377814934042,False,False
local_joint_v2,saxs,77,q=0.1455265217,0.004390793721442734,0.00438762202175,3.97208548002e-05,0.004390793721442734,0.00438762202175,0.0798497340676079,0.006375980030667701,False,False
local_joint_v2,saxs,78,q=0.151851,0.0040686631343719425,0.0040085898,3.88235519068e-05,0.0040686631343719425,0.0040085898,1.5473425645380074,2.394269012031058,False,False
local_joint_v2,saxs,79,q=0.1583128333,0.003798493795034859,0.00384026323752,3.72166012535e-05,0.003798493795034859,0.00384026323752,-1.1223336112996858,1.2596327350529941,False,False
local_joint_v2,saxs,80,q=0.16505,0.00358145575370472,0.003625369068,3.68075140778e-05,0.00358145575370472,0.003625369068,-1.193052978325578,1.4233754090915323,False,False
local_joint_v2,saxs,81,q=0.1720615385,0.003405918674610116,0.00342677787693,3.66493890669e-05,0.003405918674610116,0.00342677787693,-0.5691555262164855,0.3239380130227645,False,False
local_joint_v2,saxs,82,q=0.1794861071,0.003241335685717364,0.00331399839641,3.38619221769e-05,0.003241335685717364,0.00331399839641,-2.1458531005131563,4.604685528981926,False,False
local_joint_v2,saxs,83,q=0.187323,0.0030509164331595836,0.00312834914481,3.2840345416e-05,0.0030509164331595836,0.00312834914481,-2.3578531428201903,5.559471443107049,False,False
local_joint_v2,saxs,84,q=0.1954345667,0.002806097835039582,0.00292031014998,3.21036699082e-05,0.002806097835039582,0.00292031014998,-3.5576093096834813,12.656584000346577,False,False
local_joint_v2,saxs,85,q=0.2038214516,0.002494156027420047,0.00249302707742,3.12943977175e-05,0.002494156027420047,0.00249302707742,0.036075147067476845,0.0013014162359400833,False,False
local_joint_v2,saxs,86,q=0.21248325,0.002128704723912612,0.00209475774375,3.0315963712e-05,0.002128704723912612,0.00209475774375,1.119772423700811,1.2538902808807888,False,False
local_joint_v2,saxs,87,q=0.2215575,0.0017394569152884769,0.00169647240001,2.97022071986e-05,0.0017394569152884769,0.00169647240001,1.4471825272467589,2.094337267168316,False,False
local_joint_v2,saxs,88,q=0.231044,0.001373333072299788,0.00137892036859,3.0449015241e-05,0.001373333072299788,0.00137892036859,-0.18349678129126012,0.033671068744252554,False,False
local_joint_v2,saxs,89,q=0.2408056944,0.0010777738394481264,0.001065064875,2.91571341365e-05,0.0010777738394481264,0.001065064875,0.43587838189545464,0.1899899638037998,False,False
local_joint_v2,amide,0,0:445-GLY-H--446-GLU-H,0.04481452546261932,0.023323615160349854,0.005997501041232819,2.8153154649431302,3.5,3.5833108080381244,0.0,False,False
local_joint_v2,amide,1,1:445-GLY-H--447-GLU-H,0.013640844557327838,0.011739293764087149,0.0024012191790178257,4.185232412011711,4.4,0.7919105468824728,0.0,False,False
local_joint_v2,amide,2,2:444-LEU-H--445-GLY-H,0.052269064928374555,0.023323615160349854,0.005997501041232819,2.674556374338026,3.5,4.826251728682452,0.0,False,False
local_joint_v2,amide,3,3:444-LEU-H--446-GLU-H,0.013412986307722967,0.011739293764087149,0.0024012191790178257,4.208798877065224,4.4,0.697017814225693,0.0,False,False
local_joint_v2,amide,4,4:444-LEU-H--445-GLY-H,0.052269064928374555,0.023323615160349854,0.005997501041232819,2.674556374338026,3.5,4.826251728682452,0.0,False,False
local_joint_v2,amide,5,5:444-LEU-H--447-GLU-H,0.009142234847969983,0.011739293764087149,0.0024012191790178257,4.782436462519389,4.4,-1.0815584594736765,1.1697687012590723,True,True
local_joint_v2,amide,6,6:446-GLU-H--447-GLU-H,0.05455996185744173,0.023323615160349854,0.005997501041232819,2.636586236558365,3.5,5.2082269735915006,0.0,False,False
local_joint_v2,amide,7,7:451-ARG-H--452-ALA-H,0.04504382620292447,0.023323615160349854,0.005997501041232819,2.8105301073234386,3.5,3.621543521751504,0.0,False,False
local_joint_v2,amide,8,8:450-ASP-H--452-ALA-H,0.012505877862631298,0.011739293764087149,0.0024012191790178257,4.308194206581824,4.4,0.31924786593521476,0.0,False,False
local_joint_v2,amide,9,9:452-ALA-H--454-ALA-H,0.01197551761141784,0.011739293764087149,0.0024012191790178257,4.370876833716172,4.4,0.09837662858719697,0.0,False,False
local_joint_v2,amide,10,10:452-ALA-H--453-ARG-H,0.04141490793334191,0.023323615160349854,0.005997501041232819,2.8903322357588586,3.5,3.0164718019412455,0.0,False,False
local_joint_v2,amide,11,11:453-ARG-H--455-HIS-H,0.012344161860587606,0.011739293764087149,0.0024012191790178257,4.326925962473133,4.4,0.25190041033566407,0.0,False,False
local_joint_v2,amide,12,12:453-ARG-H--454-ALA-H,0.044075069581429246,0.023323615160349854,0.005997501041232819,2.830972590017961,3.5,3.4600168100702517,0.0,False,False
local_joint_v2,amide,13,13:454-ALA-H--455-HIS-H,0.04102418753478998,0.023323615160349854,0.005997501041232819,2.899479240957103,3.5,2.951324602154913,0.0,False,False
local_joint_v2,amide,14,14:466-TYR-H--467-SER-H,0.05089592693251993,0.023323615160349854,0.005997501041232819,2.6983958312483898,3.5,4.597300039234748,0.0,False,False
local_joint_v2,amide,15,15:462-HIS-H--463-LEU-H,0.06320290705362706,0.023323615160349854,0.005997501041232819,2.5104658337713173,3.5,6.6493180441499025,0.0,False,False
local_joint_v2,amide,16,16:361-ARG-H--362-GLU-H,0.04531388815091407,0.023323615160349854,0.005997501041232819,2.804935574431971,3.5,3.666572600718381,0.0,False,False
local_joint_v2,amide,17,17:363-GLN-H--364-LEU-H,0.049113485282327715,0.023323615160349854,0.005997501041232819,2.7306523704527508,3.5,4.300102650199226,0.0,False,False
local_joint_v2,amide,18,18:363-GLN-H--365-GLY-H,0.010575438857078557,0.011739293764087149,0.0024012191790178257,4.555826751779002,4.4,-0.4846933246154753,0.23492761892680253,True,False
local_joint_v2,amide,19,19:364-LEU-H--365-GLY-H,0.03860555247778812,0.023323615160349854,0.005997501041232819,2.9588077166460014,3.5,2.548050798553423,0.0,False,False
local_joint_v2,amide,20,20:367-VAL-H--368-THR-H,0.05505069163115078,0.023323615160349854,0.005997501041232819,2.628728539058263,3.5,5.290049347666184,0.0,False,False
local_joint_v2,amide,21,21:359-LYS-H--361-ARG-H,0.012734239530489565,0.011739293764087149,0.0024012191790178257,4.2822859283226915,4.4,0.4143502496966479,0.0,False,False
local_joint_v2,amide,22,22:361-ARG-H--363-GLN-H,0.01313301673959824,0.011739293764087149,0.0024012191790178257,4.238496550653459,4.4,0.5804230566245797,0.0,False,False
local_joint_v2,amide,23,23:362-GLU-H--364-LEU-H,0.012046305089792693,0.011739293764087149,0.0024012191790178257,4.362298508097691,4.4,0.1278564357590717,0.0,False,False
local_joint_v2,amide,24,24:360-LEU-H--361-ARG-H,0.044458016304974646,0.023323615160349854,0.005997501041232819,2.822820783910488,3.5,3.5238678575169535,0.0,False,False
local_joint_v2,amide,25,25:367-VAL-H--369-GLN-H,0.015351203953743332,0.011739293764087149,0.0024012191790178257,4.02364064087468,4.4,1.5041984593566204,0.0,False,False
local_joint_v2,amide,26,26:368-THR-H--369-GLN-H,0.05434116489787812,0.023323615160349854,0.005997501041232819,2.640120110879617,3.5,5.171745619430929,0.0,False,False
local_joint_v2,amide,27,27:369-GLN-H--370-GLU-H,0.043376012594026375,0.023323615160349854,0.005997501041232819,2.846099798520754,3.5,3.3434587665456483,0.0,False,False
local_joint_v2,amide,28,28:368-THR-H--370-GLU-H,0.011494625899083215,0.011739293764087149,0.0024012191790178257,4.430999688809228,4.4,-0.10189318290553152,0.010382220722620102,True,False
local_joint_v2,amide,29,29:367-VAL-H--369-GLN-H,0.015351203953743332,0.011739293764087149,0.0024012191790178257,4.02364064087468,4.4,1.5041984593566204,0.0,False,False
local_joint_v2,amide,30,30:375-LEU-H--376-GLU-H,0.042335718556090675,0.023323615160349854,0.005997501041232819,2.8692233392425477,3.5,3.170004184248175,0.0,False,False
local_joint_v2,amide,31,31:376-GLU-H--377-LYS-H,0.040814511553374073,0.023323615160349854,0.005997501041232819,2.904435917881467,3.5,2.9163640444202192,0.0,False,False
local_joint_v2,amide,32,32:375-LEU-H--377-LYS-H,0.011567678101451475,0.011739293764087149,0.0024012191790178257,4.421652434562192,4.4,-0.07147021985134648,0.005107992325599801,True,False
local_joint_v2,amide,33,33:373-ASP-H--374-ASN-H,0.042794253151003984,0.023323615160349854,0.005997501041232819,2.858938739492899,3.5,3.2464584594139287,0.0,False,False
local_joint_v2,amide,34,34:373-ASP-H--376-GLU-H,0.009305606710978477,0.011739293764087149,0.0024012191790178257,4.754283792977864,4.4,-1.013521412112045,1.0272256528095938,True,True
local_joint_v2,amide,35,35:493-HIS-H--494-ALA-H,0.03982619754741752,0.023323615160349854,0.005997501041232819,2.928265059532462,3.5,2.7515764105103804,0.0,False,False
local_joint_v2,amide,36,36:493-HIS-H--495-LYS-H,0.011316034396540798,0.011739293764087149,0.0024012191790178257,4.454188377605549,4.4,-0.17626852694033449,0.031070593589715423,True,False
local_joint_v2,amide,37,37:491-GLU-H--493-HIS-H,0.012173519288062876,0.011739293764087149,0.0024012191790178257,4.347049817543006,4.4,0.18083543883459202,0.0,False,False
local_joint_v2,amide,38,38:373-ASP-H--374-ASN-H,0.042794253151003984,0.023323615160349854,0.005997501041232819,2.858938739492899,3.5,3.2464584594139287,0.0,False,False
local_joint_v2,amide,39,39:373-ASP-H--375-LEU-H,0.013477511792951312,0.011739293764087149,0.0024012191790178257,4.202071390289496,4.4,0.7238897823459616,0.0,False,False
local_joint_v2,amide,40,40:373-ASP-H--376-GLU-H,0.009305606710978477,0.011739293764087149,0.0024012191790178257,4.754283792977864,4.4,-1.013521412112045,1.0272256528095938,True,True
local_joint_v2,amide,41,41:374-ASN-H--376-GLU-H,0.012151242056413986,0.011739293764087149,0.0024012191790178257,4.349704720789502,4.4,0.1715579718530054,0.0,False,False
local_joint_v2,amide,42,42:377-LYS-H--378-GLU-H,0.04276463852850726,0.023323615160349854,0.005997501041232819,2.8595985280319143,3.5,3.241520632426801,0.0,False,False
local_joint_v2,amide,43,43:381-GLY-H--382-LEU-H,0.041742327030818704,0.023323615160349854,0.005997501041232819,2.8827553131641994,3.5,3.071064388958036,0.0,False,False
local_joint_v2,amide,44,44:463-LEU-H--464-ALA-H,0.03858067880326676,0.023323615160349854,0.005997501041232819,2.9594434459949692,3.5,2.543903458794687,0.0,False,False
local_joint_v2,amide,45,45:532-ALA-H--533-LEU-H,0.04409511316200463,0.023323615160349854,0.005997501041232819,2.830543582335371,3.5,3.463358798748134,0.0,False,False
local_joint_v2,amide,46,46:531-SER-H--532-ALA-H,0.04600884853744501,0.023323615160349854,0.005997501041232819,2.790741079608837,3.5,3.7824475929448247,0.0,False,False
local_joint_v2,amide,47,47:531-SER-H--532-ALA-H,0.04600884853744501,0.023323615160349854,0.005997501041232819,2.790741079608837,3.5,3.7824475929448247,0.0,False,False
local_joint_v2,amide,48,48:530-LEU-H--532-ALA-H,0.012375100873068997,0.011739293764087149,0.0024012191790178257,4.3233170347155365,4.4,0.26478512021627004,0.0,False,False
local_joint_v2,amide,49,49:536-TYR-H--537-THR-H,0.048196304863517184,0.023323615160349854,0.005997501041232819,2.74786516844372,3.5,4.147175553979498,0.0,False,False
local_joint_v2,amide,50,50:537-THR-H--538-LYS-H,0.051825864016760995,0.023323615160349854,0.005997501041232819,2.682158774099196,3.5,4.752354132239108,0.0,False,False
local_joint_v2,amide,51,51:537-THR-H--539-LYS-H,0.013334818839311084,0.011739293764087149,0.0024012191790178257,4.217006722607136,4.4,0.6644645724829481,0.0,False,False
local_joint_v2,amide,52,52:538-LYS-H--539-LYS-H,0.03991600708864893,0.023323615160349854,0.005997501041232819,2.926067247642983,3.5,2.7665509041559786,0.0,False,False
local_joint_v2,amide,53,53:538-LYS-H--540-LEU-H,0.012123631422441914,0.011739293764087149,0.0024012191790178257,4.353004256067444,4.4,0.16005938221431798,0.0,False,False
local_joint_v2,amide,54,54:532-ALA-H--533-LEU-H,0.04409511316200463,0.023323615160349854,0.005997501041232819,2.830543582335371,3.5,3.463358798748134,0.0,False,False
local_joint_v2,amide,55,55:532-ALA-H--535-GLU-H,0.008531412181583205,0.011739293764087149,0.0024012191790178257,4.893951845594527,4.4,-1.3359386808729672,1.7847321590526037,True,True
local_joint_v2,amide,56,56:386-MET-H--387-SER-H,0.045462735083085855,0.023323615160349854,0.005997501041232819,2.8018710680164336,3.5,3.691390759339524,0.0,False,False
local_joint_v2,amide,57,57:386-MET-H--388-LYS-H,0.011943518506428254,0.011739293764087149,0.0024012191790178257,4.3747768409065655,4.4,0.0850504377633028,0.0,False,False
local_joint_v2,amide,58,58:386-MET-H--387-SER-H,0.045462735083085855,0.023323615160349854,0.005997501041232819,2.8018710680164336,3.5,3.691390759339524,0.0,False,False
local_joint_v2,amide,59,59:387-SER-H--388-LYS-H,0.07135324862314288,0.023323615160349854,0.005997501041232819,2.4109900407347395,3.5,8.008274301678199,0.0,False,False
local_joint_v2,amide,60,60:388-LYS-H--389-ASP-H,0.019983591901906392,0.023323615160349854,0.005997501041232819,3.6850395158489984,3.5,-0.5569024891335246,0.3101403824031155,True,False
local_joint_v2,amide,61,61:389-ASP-H--390-LEU-H,0.02970934056014455,0.023323615160349854,0.005997501041232819,3.228759244310843,3.5,1.064731019785213,0.0,False,False
local_joint_v2,amide,62,62:388-LYS-H--390-LEU-H,0.006370623980511316,0.011739293764087149,0.0024012191790178257,5.394352750219526,4.4,-2.235809971237939,4.998846227486994,True,True
local_joint_v2,amide,63,63:394-LYS-H--395-ALA-H,0.04602448621777034,0.023323615160349854,0.005997501041232819,2.790424974972827,3.5,3.785054958949069,0.0,False,False
local_joint_v2,amide,64,64:393-VAL-H--395-ALA-H,0.01304896104408458,0.011739293764087149,0.0024012191790178257,4.24757792559194,4.4,0.5454176326099167,0.0,False,False
local_joint_v2,amide,65,65:400-TYR-H--401-LEU-H,0.05081428695644322,0.023323615160349854,0.005997501041232819,2.699840169777303,3.5,4.583687707112513,0.0,False,False
local_joint_v2,amide,66,66:400-TYR-H--402-ASP-H,0.01258279935052393,0.011739293764087149,0.0024012191790178257,4.299397268930111,4.4,0.3512822127223726,0.0,False,False
local_joint_v2,amide,67,67:402-ASP-H--403-ASP-H,0.04183025453025164,0.023323615160349854,0.005997501041232819,2.880734038708459,3.5,3.0857250782732075,0.0,False,False
local_joint_v2,amide,68,68:401-LEU-H--403-ASP-H,0.012112013173121468,0.011739293764087149,0.0024012191790178257,4.354395660501426,4.4,0.15522090290265508,0.0,False,False
local_joint_v2,amide,69,69:401-LEU-H--402-ASP-H,0.043722059370430916,0.023323615160349854,0.005997501041232819,2.838571230471453,3.5,3.4011572603058773,0.0,False,False
local_joint_v2,amide,70,70:403-ASP-H--404-PHE-H,0.04646945599174584,0.023323615160349854,0.005997501041232819,2.7814897928492965,3.5,3.859247488623734,0.0,False,False
local_joint_v2,amide,71,71:402-ASP-H--403-ASP-H,0.04183025453025164,0.023323615160349854,0.005997501041232819,2.880734038708459,3.5,3.0857250782732075,0.0,False,False
local_joint_v2,amide,72,72:403-ASP-H--405-GLN-H,0.01214126011102197,0.011739293764087149,0.0024012191790178257,4.350896431841325,4.4,0.1674009396756685,0.0,False,False
local_joint_v2,amide,73,73:404-PHE-H--405-GLN-H,0.04338118479454074,0.023323615160349854,0.005997501041232819,2.84598668355336,3.5,3.3443211591453004,0.0,False,False
local_joint_v2,amide,74,74:404-PHE-H--406-LYS-H,0.01270298768572344,0.011739293764087149,0.0024012191790178257,4.285794807213338,4.4,0.4013352592121443,0.0,False,False
local_joint_v2,amide,75,75:405-GLN-H--406-LYS-H,0.04319187257705174,0.023323615160349854,0.005997501041232819,2.8501386590843447,3.5,3.3127559762153633,0.0,False,False
local_joint_v2,amide,76,76:406-LYS-H--407-LYS-H,0.04276241757116644,0.023323615160349854,0.005997501041232819,2.8596480336239334,3.5,3.2411503186368487,0.0,False,False
local_joint_v2,amide,77,77:406-LYS-H--408-TRP-H,0.01270701189723061,0.011739293764087149,0.0024012191790178257,4.285342333521436,4.4,0.40301116266249715,0.0,False,False
local_joint_v2,amide,78,78:408-TRP-H--409-GLN-H,0.045217140291629876,0.023323615160349854,0.005997501041232819,2.806934655573531,3.5,3.6504412389030096,0.0,False,False
local_joint_v2,amide,79,79:409-GLN-H--411-GLU-H,0.012247515988385369,0.011739293764087149,0.0024012191790178257,4.33827749887468,4.4,0.21165174288925123,0.0,False,False
local_joint_v2,amide,80,80:413-GLU-H--414-LEU-H,0.04858585484227796,0.023323615160349854,0.005997501041232819,2.740501540669018,3.5,4.212127602521486,0.0,False,False
local_joint_v2,amide,81,81:412-MET-H--413-GLU-H,0.04269934587849049,0.023323615160349854,0.005997501041232819,2.86105534721538,3.5,3.230633989878866,0.0,False,False
local_joint_v2,amide,82,82:409-GLN-H--411-GLU-H,0.012247515988385369,0.011739293764087149,0.0024012191790178257,4.33827749887468,4.4,0.21165174288925123,0.0,False,False
local_joint_v2,amide,83,83:411-GLU-H--412-MET-H,0.05071111120287333,0.023323615160349854,0.005997501041232819,2.70166994195529,3.5,4.566484583201311,0.0,False,False
local_joint_v2,amide,84,84:411-GLU-H--412-MET-H,0.05071111120287333,0.023323615160349854,0.005997501041232819,2.70166994195529,3.5,4.566484583201311,0.0,False,False
local_joint_v2,amide,85,85:412-MET-H--414-LEU-H,0.012118684856439426,0.011739293764087149,0.0024012191790178257,4.353596440618339,4.4,0.15799935952013325,0.0,False,False
local_joint_v2,amide,86,86:414-LEU-H--415-TYR-H,0.04736009529706302,0.023323615160349854,0.005997501041232819,2.7639433924846175,3.5,4.007749222795022,0.0,False,False
local_joint_v2,amide,87,87:447-GLU-H--448-MET-H,0.0485387982500104,0.023323615160349854,0.005997501041232819,2.741386860022571,3.5,4.204281569324651,0.0,False,False
local_joint_v2,amide,88,88:446-GLU-H--447-GLU-H,0.05455996185744173,0.023323615160349854,0.005997501041232819,2.636586236558365,3.5,5.2082269735915006,0.0,False,False
local_joint_v2,amide,89,89:445-GLY-H--447-GLU-H,0.013640844557327838,0.011739293764087149,0.0024012191790178257,4.185232412011711,4.4,0.7919105468824728,0.0,False,False
local_joint_v2,amide,90,90:447-GLU-H--448-MET-H,0.0485387982500104,0.023323615160349854,0.005997501041232819,2.741386860022571,3.5,4.204281569324651,0.0,False,False
local_joint_v2,amide,91,91:448-MET-H--449-ARG-H,0.044069567040523096,0.023323615160349854,0.005997501041232819,2.8310904105097636,3.5,3.4590993377983303,0.0,False,False
local_joint_v2,amide,92,92:449-ARG-H--450-ASP-H,0.04333610492556421,0.023323615160349854,0.005997501041232819,2.8469731761968458,3.5,3.336804717102755,0.0,False,False
local_joint_v2,amide,93,93:450-ASP-H--451-ARG-H,0.04648502946213747,0.023323615160349854,0.005997501041232819,2.7811791388046387,3.5,3.8618441485133386,0.0,False,False
local_joint_v2,amide,94,94:452-ALA-H--454-ALA-H,0.01197551761141784,0.011739293764087149,0.0024012191790178257,4.370876833716172,4.4,0.09837662858719697,0.0,False,False
local_joint_v2,amide,95,95:453-ARG-H--455-HIS-H,0.012344161860587606,0.011739293764087149,0.0024012191790178257,4.326925962473133,4.4,0.25190041033566407,0.0,False,False
local_joint_v2,amide,96,96:455-HIS-H--456-VAL-H,0.042030624026624705,0.023323615160349854,0.005997501041232819,2.8761490413714568,3.5,3.119133908883745,0.0,False,False
local_joint_v2,amide,97,97:456-VAL-H--457-ASP-H,0.04588109973141249,0.023323615160349854,0.005997501041232819,2.793328807947266,3.5,3.7611472538278745,0.0,False,False
local_joint_v2,amide,98,98:457-ASP-H--458-ALA-H,0.040707484311884444,0.023323615160349854,0.005997501041232819,2.906979117138686,3.5,2.8985187383912887,0.0,False,False
local_joint_v2,amide,99,99:456-VAL-H--458-ALA-H,0.012519890033152927,0.011739293764087149,0.0024012191790178257,4.306586373324952,4.4,0.32508330596670754,0.0,False,False
local_joint_v2,amide,100,100:457-ASP-H--458-ALA-H,0.040707484311884444,0.023323615160349854,0.005997501041232819,2.906979117138686,3.5,2.8985187383912887,0.0,False,False
local_joint_v2,amide,101,101:455-HIS-H--456-VAL-H,0.042030624026624705,0.023323615160349854,0.005997501041232819,2.8761490413714568,3.5,3.119133908883745,0.0,False,False
local_joint_v2,amide,102,102:456-VAL-H--457-ASP-H,0.04588109973141249,0.023323615160349854,0.005997501041232819,2.793328807947266,3.5,3.7611472538278745,0.0,False,False
local_joint_v2,amide,103,103:455-HIS-H--457-ASP-H,0.012616249267277486,0.011739293764087149,0.0024012191790178257,4.295594190180747,4.4,0.36521260152063234,0.0,False,False
local_joint_v2,amide,104,104:459-LEU-H--460-ARG-H,0.04477922912347732,0.023323615160349854,0.005997501041232819,2.8160549761995552,3.5,3.577425633713129,0.0,False,False
local_joint_v2,amide,105,105:457-ASP-H--459-LEU-H,0.012283345455832982,0.011739293764087149,0.0024012191790178257,4.334055262849049,4.4,0.22657310773619882,0.0,False,False
local_joint_v2,amide,106,106:460-ARG-H--461-THR-H,0.04691162966561726,0.023323615160349854,0.005997501041232819,2.772723053138455,3.5,3.932973807440767,0.0,False,False
local_joint_v2,amide,107,107:461-THR-H--462-HIS-H,0.05524188170979973,0.023323615160349854,0.005997501041232819,2.6256923900994287,3.5,5.321927637863136,0.0,False,False
local_joint_v2,amide,108,108:461-THR-H--463-LEU-H,0.013508244737115734,0.011739293764087149,0.0024012191790178257,4.198882224709871,4.4,0.7366886740227276,0.0,False,False
local_joint_v2,amide,109,109:462-HIS-H--463-LEU-H,0.06320290705362706,0.023323615160349854,0.005997501041232819,2.5104658337713173,3.5,6.6493180441499025,0.0,False,False
local_joint_v2,amide,110,110:470-LEU-H--471-ARG-H,0.040443740221767555,0.023323615160349854,0.005997501041232819,2.9132844848480084,3.5,2.85454307447666,0.0,False,False
local_joint_v2,amide,111,111:472-GLN-H--473-ARG-H,0.04815146469070035,0.023323615160349854,0.005997501041232819,2.7487178702423347,3.5,4.139699077942469,0.0,False,False
local_joint_v2,amide,112,112:474-LEU-H--475-ALA-H,0.046572970389691944,0.023323615160349854,0.005997501041232819,2.779427524979743,3.5,3.8765070767812753,0.0,False,False
local_joint_v2,amide,113,113:473-ARG-H--474-LEU-H,0.04152066309516962,0.023323615160349854,0.005997501041232819,2.887876210131195,3.5,3.034105006354324,0.0,False,False
local_joint_v2,amide,114,114:471-ARG-H--472-GLN-H,0.04491690011364828,0.023323615160349854,0.005997501041232819,2.8131749478004235,3.5,3.6003803592270507,0.0,False,False
local_joint_v2,amide,115,115:470-LEU-H--471-ARG-H,0.040443740221767555,0.023323615160349854,0.005997501041232819,2.9132844848480084,3.5,2.85454307447666,0.0,False,False
local_joint_v2,amide,116,116:475-ALA-H--476-ALA-H,0.04155281860343401,0.023323615160349854,0.005997501041232819,2.887131093480551,3.5,3.0394664907531292,0.0,False,False
local_joint_v2,amide,117,117:476-ALA-H--477-ARG-H,0.04653714380521873,0.023323615160349854,0.005997501041232819,2.7801405887434405,3.5,3.8705334914118175,0.0,False,False
local_joint_v2,amide,118,118:477-ARG-H--478-LEU-H,0.05484815665628694,0.023323615160349854,0.005997501041232819,2.6319602215090208,3.5,5.256279453593399,0.0,False,False
local_joint_v2,amide,119,119:466-TYR-H--467-SER-H,0.05089592693251993,0.023323615160349854,0.005997501041232819,2.6983958312483898,3.5,4.597300039234748,0.0,False,False
local_joint_v2,amide,120,120:467-SER-H--468-ASP-H,0.045682057444593784,0.023323615160349854,0.005997501041232819,2.7973798878653935,3.5,3.727959716977061,0.0,False,False
local_joint_v2,amide,121,121:470-LEU-H--472-GLN-H,0.012569102298580888,0.011739293764087149,0.0024012191790178257,4.300958443520625,4.4,0.3455780054335384,0.0,False,False
local_joint_v2,amide,122,122:472-GLN-H--473-ARG-H,0.04815146469070035,0.023323615160349854,0.005997501041232819,2.7487178702423347,3.5,4.139699077942469,0.0,False,False
local_joint_v2,amide,123,123:479-GLU-H--480-ALA-H,0.04002232103104495,0.023323615160349854,0.005997501041232819,2.923474048039827,3.5,2.7842772774679814,0.0,False,False
local_joint_v2,amide,124,124:480-ALA-H--481-LEU-H,0.045903907888130265,0.023323615160349854,0.005997501041232819,2.7928660932679716,3.5,3.7649501971806094,0.0,False,False
local_joint_v2,amide,125,125:478-LEU-H--479-GLU-H,0.05100702278669052,0.023323615160349854,0.005997501041232819,2.6964353267084666,3.5,4.615823729919718,0.0,False,False
local_joint_v2,amide,126,126:476-ALA-H--478-LEU-H,0.013602122951596103,0.011739293764087149,0.0024012191790178257,4.189200061846199,4.4,0.7757847362650627,0.0,False,False
local_joint_v2,amide,127,127:478-LEU-H--480-ALA-H,0.012908018366294736,0.011739293764087149,0.0024012191790178257,4.262981766595195,4.4,0.48672133407065,0.0,False,False
local_joint_v2,amide,128,128:480-ALA-H--481-LEU-H,0.045903907888130265,0.023323615160349854,0.005997501041232819,2.7928660932679716,3.5,3.7649501971806094,0.0,False,False
local_joint_v2,amide,129,129:485-GLY-H--486-GLY-H,0.0361950533684703,0.023323615160349854,0.005997501041232819,3.0230843120162927,3.5,2.146133551228972,0.0,False,False
local_joint_v2,amide,130,130:486-GLY-H--487-ALA-H,0.04122882664144522,0.023323615160349854,0.005997501041232819,2.8946740977473224,3.5,2.9854453309798594,0.0,False,False
local_joint_v2,amide,131,131:486-GLY-H--488-ARG-H,0.010504504843259163,0.011739293764087149,0.0024012191790178257,4.566058501203709,4.4,-0.5142341572221879,0.26443676845401387,True,False
local_joint_v2,amide,132,132:484-ASN-H--485-GLY-H,0.052350868070875675,0.023323615160349854,0.005997501041232819,2.6731625663536835,3.5,4.839891266539757,0.0,False,False
local_joint_v2,amide,133,133:485-GLY-H--486-GLY-H,0.0361950533684703,0.023323615160349854,0.005997501041232819,3.0230843120162927,3.5,2.146133551228972,0.0,False,False
local_joint_v2,amide,134,134:485-GLY-H--487-ALA-H,0.01009797455303959,0.011739293764087149,0.0024012191790178257,4.626528509240554,4.4,-0.6835357744056124,0.4672211548922803,True,False
local_joint_v2,amide,135,135:484-ASN-H--486-GLY-H,0.009748343717722733,0.011739293764087149,0.0024012191790178257,4.681191295398972,4.4,-0.8291413227753649,0.6874753331336818,True,False
local_joint_v2,amide,136,136:484-ASN-H--485-GLY-H,0.052350868070875675,0.023323615160349854,0.005997501041232819,2.6731625663536835,3.5,4.839891266539757,0.0,False,False
local_joint_v2,amide,137,137:486-GLY-H--487-ALA-H,0.04122882664144522,0.023323615160349854,0.005997501041232819,2.8946740977473224,3.5,2.9854453309798594,0.0,False,False
local_joint_v2,amide,138,138:488-ARG-H--490-ALA-H,0.011223825213670774,0.011739293764087149,0.0024012191790178257,4.46635290029416,4.4,-0.2146695124379351,0.04608299957034078,True,False
local_joint_v2,amide,139,139:486-GLY-H--488-ARG-H,0.010504504843259163,0.011739293764087149,0.0024012191790178257,4.566058501203709,4.4,-0.5142341572221879,0.26443676845401387,True,False
local_joint_v2,amide,140,140:490-ALA-H--491-GLU-H,0.04654715650972275,0.023323615160349854,0.005997501041232819,2.7799412301825317,3.5,3.872202970822523,0.0,False,False
local_joint_v2,amide,141,141:491-GLU-H--492-TYR-H,0.045504770224296845,0.023323615160349854,0.005997501041232819,2.801008057174191,3.5,3.6983995353150507,0.0,False,False
local_joint_v2,amide,142,142:490-ALA-H--492-TYR-H,0.013313659302021965,0.011739293764087149,0.0024012191790178257,4.219239584345204,4.4,0.6556525750301482,0.0,False,False
local_joint_v2,amide,143,143:491-GLU-H--493-HIS-H,0.012173519288062876,0.011739293764087149,0.0024012191790178257,4.347049817543006,4.4,0.18083543883459202,0.0,False,False
local_joint_v2,amide,144,144:493-HIS-H--494-ALA-H,0.03982619754741752,0.023323615160349854,0.005997501041232819,2.928265059532462,3.5,2.7515764105103804,0.0,False,False
local_joint_v2,amide,145,145:494-ALA-H--495-LYS-H,0.041060365512308496,0.023323615160349854,0.005997501041232819,2.8986274209871157,3.5,2.9573567774342155,0.0,False,False
local_joint_v2,amide,146,146:496-ALA-H--497-THR-H,0.04491732273892741,0.023323615160349854,0.005997501041232819,2.8131661247561883,3.5,3.6004508261225494,0.0,False,False
local_joint_v2,amide,147,147:495-LYS-H--496-ALA-H,0.04329690711378442,0.023323615160349854,0.005997501041232819,2.847832063250729,3.5,3.330269026402528,0.0,False,False
local_joint_v2,amide,148,148:495-LYS-H--496-ALA-H,0.04329690711378442,0.023323615160349854,0.005997501041232819,2.847832063250729,3.5,3.330269026402528,0.0,False,False
local_joint_v2,amide,149,149:494-ALA-H--496-ALA-H,0.012516516623977457,0.011739293764087149,0.0024012191790178257,4.306973237430207,4.4,0.3236784324737137,0.0,False,False
local_joint_v2,amide,150,150:493-HIS-H--495-LYS-H,0.011316034396540798,0.011739293764087149,0.0024012191790178257,4.454188377605549,4.4,-0.17626852694033449,0.031070593589715423,True,False
local_joint_v2,amide,151,151:493-HIS-H--496-ALA-H,0.009440975456039571,0.011739293764087149,0.0024012191790178257,4.731451330554204,4.4,-0.9571464063466552,0.9161292431823163,True,True
local_joint_v2,amide,152,152:496-ALA-H--497-THR-H,0.04491732273892741,0.023323615160349854,0.005997501041232819,2.8131661247561883,3.5,3.6004508261225494,0.0,False,False
local_joint_v2,amide,153,153:495-LYS-H--497-THR-H,0.01184945231274304,0.011739293764087149,0.0024012191790178257,4.38632264721975,4.4,0.04587609062032769,0.0,False,False
local_joint_v2,amide,154,154:497-THR-H--498-GLU-H,0.04915782977842993,0.023323615160349854,0.005997501041232819,2.7298310307452276,3.5,4.307496479028491,0.0,False,False
local_joint_v2,amide,155,155:497-THR-H--498-GLU-H,0.04915782977842993,0.023323615160349854,0.005997501041232819,2.7298310307452276,3.5,4.307496479028491,0.0,False,False
local_joint_v2,amide,156,156:498-GLU-H--499-HIS-H,0.04044543649299015,0.023323615160349854,0.005997501041232819,2.9132437568108482,3.5,2.854825904143705,0.0,False,False
local_joint_v2,amide,157,157:496-ALA-H--498-GLU-H,0.011837019236769435,0.011739293764087149,0.0024012191790178257,4.38785784226853,4.4,0.040698272584287105,0.0,False,False
local_joint_v2,amide,158,158:499-HIS-H--500-LEU-H,0.04333852185085483,0.023323615160349854,0.005997501041232819,2.8469202513846597,3.5,3.3372077058265592,0.0,False,False
local_joint_v2,amide,159,159:499-HIS-H--500-LEU-H,0.04333852185085483,0.023323615160349854,0.005997501041232819,2.8469202513846597,3.5,3.3372077058265592,0.0,False,False
local_joint_v2,amide,160,160:498-GLU-H--499-HIS-H,0.04044543649299015,0.023323615160349854,0.005997501041232819,2.9132437568108482,3.5,2.854825904143705,0.0,False,False
local_joint_v2,amide,161,161:500-LEU-H--501-SER-H,0.04595563952902766,0.023323615160349854,0.005997501041232819,2.7918177359527356,3.5,3.7735757298052377,0.0,False,False
local_joint_v2,amide,162,162:501-SER-H--503-LEU-H,0.012868548939883408,0.011739293764087149,0.0024012191790178257,4.267335681874076,4.4,0.4702840897090284,0.0,False,False
local_joint_v2,amide,163,163:503-LEU-H--504-SER-H,0.046836094391271864,0.023323615160349854,0.005997501041232819,2.7742128294093797,3.5,3.9203793495447052,0.0,False,False
local_joint_v2,amide,164,164:504-SER-H--505-GLU-H,0.0416655848172374,0.023323615160349854,0.005997501041232819,2.884524105796947,3.5,3.0582686907074312,0.0,False,False
local_joint_v2,amide,165,165:504-SER-H--506-LYS-H,0.012344850168553467,0.011739293764087149,0.0024012191790178257,4.326845542624065,4.4,0.2521870597060656,0.0,False,False
local_joint_v2,amide,166,166:503-LEU-H--504-SER-H,0.046836094391271864,0.023323615160349854,0.005997501041232819,2.7742128294093797,3.5,3.9203793495447052,0.0,False,False
local_joint_v2,amide,167,167:507-ALA-H--508-LYS-H,0.039119120754181134,0.023323615160349854,0.005997501041232819,2.9458025809707236,3.5,2.63368117574923,0.0,False,False
local_joint_v2,amide,168,168:505-GLU-H--506-LYS-H,0.04995670446582735,0.023323615160349854,0.005997501041232819,2.715201550254007,3.5,4.440697737670242,0.0,False,False
local_joint_v2,amide,169,169:506-LYS-H--507-ALA-H,0.04879168805612393,0.023323615160349854,0.005997501041232819,2.7366424043636206,3.5,4.246447432135664,0.0,False,False
local_joint_v2,amide,170,170:517-GLY-H--519-LEU-H,0.011995532967778909,0.011739293764087149,0.0024012191790178257,4.3684444460141245,4.4,0.10671212604447448,0.0,False,False
local_joint_v2,amide,171,171:517-GLY-H--518-LEU-H,0.06500592035288631,0.023323615160349854,0.005997501041232819,2.4870376670760503,3.5,6.949945469950004,0.0,False,False
local_joint_v2,amide,172,172:516-GLN-H--518-LEU-H,0.01235837522269346,0.011739293764087149,0.0024012191790178257,4.325266527566791,4.4,0.25781963763072024,0.0,False,False
local_joint_v2,amide,173,173:519-LEU-H--521-VAL-H,0.011340938261079101,0.011739293764087149,0.0024012191790178257,4.450925631728488,4.4,-0.16589718526693922,0.027521876079493156,True,False
local_joint_v2,amide,174,174:521-VAL-H--522-LEU-H,0.052298686068038995,0.023323615160349854,0.005997501041232819,2.67405133698733,3.5,4.8311906423167805,0.0,False,False
local_joint_v2,amide,175,175:518-LEU-H--519-LEU-H,0.04563893368870606,0.023323615160349854,0.005997501041232819,2.798260682269582,3.5,3.7207694296238367,0.0,False,False
local_joint_v2,amide,176,176:518-LEU-H--519-LEU-H,0.04563893368870606,0.023323615160349854,0.005997501041232819,2.798260682269582,3.5,3.7207694296238367,0.0,False,False
local_joint_v2,amide,177,177:521-VAL-H--523-GLU-H,0.01303887226499099,0.011739293764087149,0.0024012191790178257,4.248673159055747,4.4,0.5412161089915202,0.0,False,False
local_joint_v2,amide,178,178:521-VAL-H--522-LEU-H,0.052298686068038995,0.023323615160349854,0.005997501041232819,2.67405133698733,3.5,4.8311906423167805,0.0,False,False
local_joint_v2,amide,179,179:522-LEU-H--523-GLU-H,0.042025016143714795,0.023323615160349854,0.005997501041232819,2.876276968268003,3.5,3.11819887229578,0.0,False,False
local_joint_v2,amide,180,180:523-GLU-H--524-SER-H,0.04679291313187469,0.023323615160349854,0.005997501041232819,2.775065929913929,3.5,3.91317947427994,0.0,False,False
local_joint_v2,amide,181,181:525-PHE-H--526-LYS-H,0.042438220558914,0.023323615160349854,0.005997501041232819,2.866911443375671,3.5,3.1870949695800355,0.0,False,False
local_joint_v2,amide,182,182:523-GLU-H--525-PHE-H,0.01248280253004824,0.011739293764087149,0.0024012191790178257,4.310847238474895,4.4,0.3096380257404117,0.0,False,False
local_joint_v2,amide,183,183:522-LEU-H--524-SER-H,0.011659710326604511,0.011739293764087149,0.0024012191790178257,4.4099880538208485,4.4,-0.033142929299436207,0.001098453762547427,True,False
local_joint_v2,amide,184,184:522-LEU-H--523-GLU-H,0.042025016143714795,0.023323615160349854,0.005997501041232819,2.876276968268003,3.5,3.11819887229578,0.0,False,False
local_joint_v2,amide,185,185:523-GLU-H--524-SER-H,0.04679291313187469,0.023323615160349854,0.005997501041232819,2.775065929913929,3.5,3.91317947427994,0.0,False,False
local_joint_v2,amide,186,186:525-PHE-H--526-LYS-H,0.042438220558914,0.023323615160349854,0.005997501041232819,2.866911443375671,3.5,3.1870949695800355,0.0,False,False
local_joint_v2,amide,187,187:526-LYS-H--527-VAL-H,0.035384191364293355,0.023323615160349854,0.005997501041232819,3.046002403088262,3.5,2.0109335740047465,0.0,False,False
local_joint_v2,amide,188,188:526-LYS-H--527-VAL-H,0.035384191364293355,0.023323615160349854,0.005997501041232819,3.046002403088262,3.5,2.0109335740047465,0.0,False,False
local_joint_v2,amide,189,189:521-VAL-H--523-GLU-H,0.01303887226499099,0.011739293764087149,0.0024012191790178257,4.248673159055747,4.4,0.5412161089915202,0.0,False,False
local_joint_v2,amide,190,190:527-VAL-H--528-SER-H,0.04660925344667473,0.023323615160349854,0.005997501041232819,2.7787061209731605,3.5,3.8825567726018075,0.0,False,False
local_joint_v2,amide,191,191:527-VAL-H--528-SER-H,0.04660925344667473,0.023323615160349854,0.005997501041232819,2.7787061209731605,3.5,3.8825567726018075,0.0,False,False
local_joint_v2,amide,192,192:528-SER-H--529-PHE-H,0.041140406626347374,0.023323615160349854,0.005997501041232819,2.8967463830771476,3.5,2.970702521518059,0.0,False,False
local_joint_v2,amide,193,193:536-TYR-H--537-THR-H,0.048196304863517184,0.023323615160349854,0.005997501041232819,2.74786516844372,3.5,4.147175553979498,0.0,False,False
local_joint_v2,amide,194,194:537-THR-H--538-LYS-H,0.051825864016760995,0.023323615160349854,0.005997501041232819,2.682158774099196,3.5,4.752354132239108,0.0,False,False
local_joint_v2,amide,195,195:536-TYR-H--538-LYS-H,0.011955477301258515,0.011739293764087149,0.0024012191790178257,4.373317690680306,4.4,0.09003073899309445,0.0,False,False
local_joint_v2,amide,196,196:536-TYR-H--538-LYS-H,0.011955477301258515,0.011739293764087149,0.0024012191790178257,4.373317690680306,4.4,0.09003073899309445,0.0,False,False
local_joint_v2,amide,197,197:535-GLU-H--537-THR-H,0.013894631986882778,0.011739293764087149,0.0024012191790178257,4.159594390114182,4.4,0.8976016190563787,0.0,False,False
local_joint_v2,amide,198,198:370-GLU-H--371-PHE-H,0.047384952266473365,0.023323615160349854,0.005997501041232819,2.763460009259105,3.5,4.011893777208511,0.0,False,False
local_joint_v2,amide,199,199:419-VAL-H--420-GLU-H,0.061959820840306656,0.023323615160349854,0.005997501041232819,2.5271437649150488,3.5,6.442050683165021,0.0,False,False
local_joint_v2,amide,200,200:503-LEU-H--505-GLU-H,0.011887994954256199,0.011739293764087149,0.0024012191790178257,4.381577145611791,4.4,0.0619273706742062,0.0,False,False
local_joint_v2,amide,201,201:372-TRP-HD1--373-ASP-H,0.011283812721340443,0.006010518407212622,0.0009835393757257017,4.45842409176244,5.5,5.361548753690655,0.0,False,False
local_joint_v2,amide,202,202:492-TYR-QD--493-HIS-H,0.009759993181484539,0.0022512637902654935,0.0002655488088124435,4.679328074164,7.63,28.276268399766927,0.0,False,False
local_joint_v2,amide,203,203:525-PHE-QD--526-LYS-H,0.013016181055557477,0.0022512637902654935,0.0002655488088124435,4.251140640712724,7.63,40.53837527433693,0.0,False,False
local_joint_v2,amide,204,204:525-PHE-QD--527-VAL-H,0.003503136880251715,0.0022512637902654935,0.0002655488088124435,6.584371063310008,7.63,4.714286219488999,0.0,False,False
local_joint_v2,amide,205,205:400-TYR-QD--402-ASP-H,0.0034830837598876447,0.0022512637902654935,0.0002655488088124435,6.596982933502157,7.63,4.638770458549421,0.0,False,False
local_joint_v2,amide,206,206:400-TYR-QD--401-LEU-H,0.011456478684175899,0.0022512637902654935,0.0002655488088124435,4.4359122813184415,7.63,34.66486984097913,0.0,False,False
local_joint_v2,amide,207,207:408-TRP-HD1--409-GLN-H,0.012541733669993954,0.006010518407212622,0.0009835393757257017,4.304084694312665,5.5,6.640522407109825,0.0,False,False
local_joint_v2,amide,208,208:371-PHE-QD--372-TRP-HE1,0.002078180778598172,0.0022512637902654935,0.0002655488088124435,7.836200848145703,7.63,-0.6517935909460992,0.42483488519841095,True,False
local_joint_v2,amide,209,209:451-ARG-QD--452-ALA-H,0.005496664814405715,0.003850684739542303,0.0005432000416282245,5.666308925980267,6.38,3.0301545447780898,0.0,False,False
local_joint_v2,amide,210,210:464-ALA-H--466-TYR-QD,0.002346061510566101,0.0022512637902654935,0.0002655488088124435,7.525814946071251,7.63,0.3569879327440815,0.0,False,False
local_joint_v2,amide,211,211:466-TYR-QD--467-SER-H,0.011074335612800633,0.0022512637902654935,0.0002655488088124435,4.4863598609733994,7.63,33.225800793430984,0.0,False,False
local_joint_v2,amide,212,212:470-LEU-H--472-GLN-1HE2,0.0032430767462047587,0.006010518407212622,0.0009835393757257017,6.755864408243142,5.5,-2.8137578721400094,7.917233363029873,True,True
local_joint_v2,amide,213,213:400-TYR-QD--403-ASP-H,0.004411345566236153,0.0022512637902654935,0.0002655488088124435,6.097375949002351,7.63,8.13440582027359,0.0,False,False
local_joint_v2,amide,214,214:477-ARG-QD--478-LEU-H,0.005779256260755555,0.003850684739542303,0.0005432000416282245,5.5724051203638885,6.38,3.550389126319692,0.0,False,False
local_joint_v2,amide,215,215:524-SER-H--525-PHE-QD,0.0037601828189799493,0.0022512637902654935,0.0002655488088124435,6.430780404896105,7.63,5.682266229935159,0.0,False,False
local_joint_v2,amide,216,216:370-GLU-H--371-PHE-QD,0.003231625313863757,0.0022512637902654935,0.0002655488088124435,6.763834919945722,7.63,3.6918317501875544,0.0,False,False
local_joint_v2,amide,217,217:491-GLU-H--492-TYR-QD,0.005416722848158416,0.0022512637902654935,0.0002655488088124435,5.694048058308805,7.63,11.920441564204786,0.0,False,False
local_joint_v2,amide,218,218:492-TYR-QD--494-ALA-H,0.0033580654220220505,0.0022512637902654935,0.0002655488088124435,6.677854451271874,7.63,4.167978145736245,0.0,False,False
local_joint_v2,amide,219,219:357-PHE-QD--359-LYS-H,0.004021435396604553,0.0022512637902654935,0.0002655488088124435,6.288392406228502,7.63,6.666087542457507,0.0,False,False
local_joint_v2,amide,220,220:372-TRP-HE1--373-ASP-H,0.003380314646211297,0.006010518407212622,0.0009835393757257017,6.66317098028984,5.5,-2.6742231433903063,7.1514694206443306,True,True
local_joint_v2,amide,221,221:372-TRP-HE1--373-ASP-H,0.003380314646211297,0.006010518407212622,0.0009835393757257017,6.66317098028984,5.5,-2.6742231433903063,7.1514694206443306,True,True
local_joint_v2,amide,222,222:368-THR-QG2--372-TRP-HE1,0.005728721752394035,0.0036079226054996985,0.000498026126526032,5.588742375655039,6.52,4.258409416565984,0.0,False,False
local_joint_v2,amide,223,223:360-LEU-QD1--361-ARG-H,0.0060769423260430555,0.0036079226054996985,0.000498026126526032,5.4798873205311525,6.52,4.95761083412619,0.0,False,False
local_joint_v2,amide,224,224:364-LEU-QD1--365-GLY-H,0.004809442592759826,0.0036079226054996985,0.000498026126526032,5.924273295123502,6.52,2.412564167348606,0.0,False,False
local_joint_v2,amide,225,225:364-LEU-QD1--368-THR-H,0.0028699895463427834,0.0036079226054996985,0.000498026126526032,7.036767929790464,6.52,-1.4817155563792357,2.195480990016228,True,True
local_joint_v2,amide,226,226:367-VAL-QG1--368-THR-H,0.01211184340262679,0.0036079226054996985,0.000498026126526032,4.354416005448841,6.52,17.075250361755046,0.0,False,False
local_joint_v2,amide,227,227:375-LEU-QD1--376-GLU-H,0.005883844653950931,0.0036079226054996985,0.000498026126526032,5.539190066428883,6.52,4.569884845855108,0.0,False,False
local_joint_v2,amide,228,228:470-LEU-QD1--471-ARG-H,0.007243485209813967,0.0036079226054996985,0.000498026126526032,5.168336803332884,6.52,7.299943538452568,0.0,False,False
local_joint_v2,amide,229,229:470-LEU-QD1--472-GLN-2HE2,0.0007352510775971678,0.0036079226054996985,0.000498026126526032,11.07953269591049,6.52,-5.768114110680849,33.27114039383552,True,True
local_joint_v2,amide,230,230:454-ALA-H--456-VAL-QG1,0.002140256878780698,0.0036079226054996985,0.000498026126526032,7.759695859882481,6.52,-2.946965326812599,8.684604637435687,True,True
local_joint_v2,amide,231,231:455-HIS-H--456-VAL-QG1,0.0028655552948791043,0.0036079226054996985,0.000498026126526032,7.040395698741636,6.52,-1.490619208672761,2.2219456252642082,True,True
local_joint_v2,amide,232,232:456-VAL-QG1--457-ASP-H,0.013091544849223003,0.0036079226054996985,0.000498026126526032,4.242967456105453,6.52,19.042419139485833,0.0,False,False
local_joint_v2,amide,233,233:456-VAL-QG1--457-ASP-H,0.013091544849223003,0.0036079226054996985,0.000498026126526032,4.242967456105453,6.52,19.042419139485833,0.0,False,False
local_joint_v2,amide,234,234:470-LEU-QD1--472-GLN-2HE2,0.0007352510775971678,0.0036079226054996985,0.000498026126526032,11.07953269591049,6.52,-5.768114110680849,33.27114039383552,True,True
local_joint_v2,amide,235,235:470-LEU-QD1--472-GLN-1HE2,0.000859794338833205,0.0036079226054996985,0.000498026126526032,10.516433329836326,6.52,-5.5180403603240435,30.4487694181651,True,True
local_joint_v2,amide,236,236:470-LEU-QD1--472-GLN-H,0.002754151704412606,0.0036079226054996985,0.000498026126526032,7.13407023282922,6.52,-1.714309462121091,2.9388569319179045,True,True
local_joint_v2,amide,237,237:470-LEU-QD1--471-ARG-H,0.007243485209813967,0.0036079226054996985,0.000498026126526032,5.168336803332884,6.52,7.299943538452568,0.0,False,False
local_joint_v2,amide,238,238:521-VAL-QG1--524-SER-H,0.004487643340151615,0.0036079226054996985,0.000498026126526032,6.062622897804507,6.52,1.766414828050056,0.0,False,False
local_joint_v2,amide,239,239:521-VAL-QG1--522-LEU-H,0.013929048883898301,0.0036079226054996985,0.000498026126526032,4.1561656227624875,6.52,20.724065924800662,0.0,False,False
local_joint_v2,amide,240,240:521-VAL-QG1--523-GLU-H,0.0038522552773276064,0.0036079226054996985,0.000498026126526032,6.379132854881416,6.52,0.4906021166645291,0.0,False,False
local_joint_v2,amide,241,241:453-ARG-QD--456-VAL-QG1,0.0023645311248824182,0.002467770911890707,0.00030013430009481567,7.5061687128036825,7.4,-0.3439786354830955,0.11832130166881227,True,False
local_joint_v2,amide,242,242:470-LEU-QD1--473-ARG-H,0.0036454206842212243,0.0036079226054996985,0.000498026126526032,6.497567235456069,6.52,0.07529339672015328,0.0,False,False
local_joint_v2,amide,243,243:393-VAL-QG1--395-ALA-H,0.004209262512559651,0.0036079226054996985,0.000498026126526032,6.193431369712164,6.52,1.207446507384227,0.0,False,False
local_joint_v2,amide,244,244:393-VAL-QG1--396-LYS-H,0.005376751573920474,0.0036079226054996985,0.000498026126526032,5.708123265576396,6.52,3.5516790670384997,0.0,False,False
local_joint_v2,amide,245,245:393-VAL-QG1--394-LYS-H,0.014876399441146104,0.0036079226054996985,0.000498026126526032,4.066000144045077,6.52,22.626276485230537,0.0,False,False
local_joint_v2,amide,246,246:519-LEU-QD1--522-LEU-H,0.0032223571683903723,0.0036079226054996985,0.000498026126526032,6.770313427995412,6.52,-0.774187169253203,0.5993657730362876,True,False
local_joint_v2,amide,247,247:518-LEU-H--519-LEU-QD1,0.003259927167593918,0.0036079226054996985,0.000498026126526032,6.744204038272931,6.52,-0.698749361470679,0.48825067015568163,True,False
local_joint_v2,amide,248,248:522-LEU-QD1--523-GLU-H,0.0058041351768160976,0.0036079226054996985,0.000498026126526032,5.5644318420663605,6.52,4.409834051550711,0.0,False,False
local_joint_v2,amide,249,249:522-LEU-QD1--524-SER-H,0.0022060823344966303,0.0036079226054996985,0.000498026126526032,7.681736886006429,6.52,-2.8147926310243356,7.923057555668902,True,True
local_joint_v2,amide,250,250:522-LEU-QD1--525-PHE-QD,0.0034625974233692,0.0015450825141659923,0.00016076003037565235,6.609967632144436,8.65,11.927808826127354,0.0,False,False
local_joint_v2,amide,251,251:521-VAL-H--522-LEU-QD1,0.002960750302755909,0.0036079226054996985,0.000498026126526032,6.964117219936028,6.52,-1.2994746023830568,1.6886342422386036,True,True
local_joint_v2,amide,252,252:400-TYR-QD--401-LEU-QD1,0.0022651117174704535,0.0015450825141659923,0.00016076003037565235,7.614419350049694,8.65,4.478906862744112,0.0,False,False
local_joint_v2,amide,253,253:401-LEU-QD1--402-ASP-H,0.005827382529059508,0.0036079226054996985,0.000498026126526032,5.557022528860399,6.52,4.456513032843463,0.0,False,False
local_joint_v2,amide,254,254:470-LEU-QD1--471-ARG-QD,0.0016595440030340955,0.002467770911890707,0.00030013430009481567,8.446375972998112,7.4,-2.6928841808526505,7.25162521148645,True,True
local_joint_v2,amide,255,255:463-LEU-QD1--466-TYR-QD,0.004438999177395983,0.0015450825141659923,0.00016076003037565235,6.0846879674252214,8.65,18.001468751080083,0.0,False,False
local_joint_v2,amide,256,256:463-LEU-QD1--464-ALA-H,0.006150386310174513,0.0036079226054996985,0.000498026126526032,5.45798747866284,6.52,5.105080977196321,0.0,False,False
local_joint_v2,amide,257,257:532-ALA-QB--533-LEU-H,0.02676880985549557,0.0036079226054996985,0.000498026126526032,3.3429020050328373,6.52,46.50536591635067,0.0,False,False
local_joint_v2,amide,258,258:510-ALA-H--511-LEU-QD1,0.0035472560376000528,0.0036079226054996985,0.000498026126526032,6.556959297948702,6.52,-0.12181402675161594,0.014838657113443404,True,False
local_joint_v2,amide,259,259:375-LEU-QD1--376-GLU-H,0.005883844653950932,0.0036079226054996985,0.000498026126526032,5.539190066428883,6.52,4.56988484585511,0.0,False,False
local_joint_v2,amide,260,260:537-THR-QG2--538-LYS-H,0.012004530773508826,0.0036079226054996985,0.000498026126526032,4.36735274045172,6.52,16.859774459182383,0.0,False,False
local_joint_v2,amide,261,261:537-THR-QG2--539-LYS-H,0.0037558511351887813,0.0036079226054996985,0.000498026126526032,6.433251696056866,6.52,0.29702965730122305,0.0,False,False
local_joint_v2,amide,262,262:500-LEU-QD1--504-SER-H,0.0039505785329681615,0.0036079226054996985,0.000498026126526032,6.325765672643663,6.52,0.6880280154349538,0.0,False,False
local_joint_v2,amide,263,263:396-LYS-H--397-VAL-QG1,0.0045632075450612285,0.0036079226054996985,0.000498026126526032,6.0289718952902485,6.52,1.9181422192146718,0.0,False,False
local_joint_v2,amide,264,264:397-VAL-QG1--400-TYR-QD,0.0033564094095560543,0.0015450825141659923,0.00016076003037565235,6.678952528675204,8.65,11.267271417885933,0.0,False,False
local_joint_v2,amide,265,265:417-GLN-H--419-VAL-QG1,0.0025877161016212504,0.0036079226054996985,0.000498026126526032,7.283852186673945,6.52,-2.0484999672504562,4.19635211582512,True,True
local_joint_v2,amide,266,266:416-ARG-H--419-VAL-QG1,0.003216093955054555,0.0036079226054996985,0.000498026126526032,6.774705548897896,6.52,-0.7867632430819116,0.6189964006647671,True,False
local_joint_v2,amide,267,267:419-VAL-QG1--420-GLU-H,0.018919322768554504,0.0036079226054996985,0.000498026126526032,3.752881094351505,6.52,30.744170531492134,0.0,False,False
local_joint_v2,amide,268,268:519-LEU-QD1--521-VAL-H,0.0025454294573830144,0.0036079226054996985,0.000498026126526032,7.323965863514127,6.52,-2.1334084529421715,4.55143162708511,True,True
local_joint_v2,amide,269,269:519-LEU-QD1--523-GLU-H,0.00439687954247364,0.0036079226054996985,0.000498026126526032,6.104055551945904,6.52,1.584167767416721,0.0,False,False
local_joint_v2,amide,270,270:489-LEU-QD1--492-TYR-QD,0.005322525777644008,0.0015450825141659923,0.00016076003037565235,5.727442557330904,8.65,23.497403270272844,0.0,False,False
local_joint_v2,amide,271,271:364-LEU-QD1--367-VAL-H,0.0013433328529493566,0.0036079226054996985,0.000498026126526032,9.063002948737322,6.52,-4.547130425359263,20.676395105227908,True,True
local_joint_v2,amide,272,272:532-ALA-H--533-LEU-QD1,0.0025570764873994404,0.0036079226054996985,0.000498026126526032,7.312829149130982,6.52,-2.1100220693850087,4.452193133291795,True,True
local_joint_v2,amide,273,273:444-LEU-QD1--447-GLU-H,0.004824759662817337,0.0036079226054996985,0.000498026126526032,5.9179974243149305,6.52,2.443319722613055,0.0,False,False
local_joint_v2,amide,274,274:444-LEU-QD1--446-GLU-H,0.0028119246255007987,0.0036079226054996985,0.000498026126526032,7.084873629647865,6.52,-1.598305666313859,2.554581002970989,True,True
local_joint_v2,amide,275,275:444-LEU-QD1--445-GLY-H,0.006056858877859606,0.0036079226054996985,0.000498026126526032,5.485937410079429,6.52,4.91728474054644,0.0,False,False
local_joint_v2,amide,276,276:488-ARG-H--489-LEU-QD1,0.002446052952234233,0.0036079226054996985,0.000498026126526032,7.421836484094703,6.52,-2.3329491996133944,5.4426519679767775,True,True
local_joint_v2,amide,277,277:489-LEU-QD1--490-ALA-H,0.006017197265503636,0.0036079226054996985,0.000498026126526032,5.497964316919578,6.52,4.837647126687446,0.0,False,False
local_joint_v2,amide,278,278:489-LEU-QD1--492-TYR-H,0.004955903142927689,0.0036079226054996985,0.000498026126526032,5.865329255652324,6.52,2.706646229246632,0.0,False,False
local_joint_v2,amide,279,279:489-LEU-QD1--490-ALA-QB,0.002247070489665227,0.0023328454202689143,0.0002784563498994725,7.634743213033661,7.54,-0.30803725838772744,0.09488695255502756,True,False
local_joint_v2,amide,280,280:389-ASP-H--390-LEU-QD1,0.0033188538635903894,0.0036079226054996985,0.000498026126526032,6.704050700146552,6.52,-0.580428870119125,0.3368976732677641,True,False
local_joint_v2,amide,281,281:390-LEU-QD1--391-GLU-H,0.006563429767115226,0.0036079226054996985,0.000498026126526032,5.341005836342621,6.52,5.93444199851841,0.0,False,False
local_joint_v2,amide,282,282:357-PHE-QD--360-LEU-QD1,0.002184027579120411,0.0015450825141659923,0.00016076003037565235,7.707507581723282,8.65,3.9745268986412765,0.0,False,False
local_joint_v2,amide,283,283:360-LEU-QD1--361-ARG-H,0.006076942326043057,0.0036079226054996985,0.000498026126526032,5.4798873205311525,6.52,4.957610834126194,0.0,False,False
local_joint_v2,amide,284,284:514-LEU-QD1--515-ARG-H,0.005690098791834146,0.0036079226054996985,0.000498026126526032,5.601358865606706,6.52,4.180857339470546,0.0,False,False
local_joint_v2,amide,285,285:364-LEU-QD1--367-VAL-QG1,0.0008722321632000606,0.0023328454202689143,0.0002784563498994725,10.466206543103963,7.54,-5.245393964246676,27.514157840155463,True,True
local_joint_v2,amide,286,286:530-LEU-QD1--533-LEU-QD1,0.0023987090348949304,0.0023328454202689143,0.0002784563498994725,7.4703475897823,7.54,0.23653120013170456,0.0,False,False
local_joint_v2,amide,287,287:530-LEU-QD1--533-LEU-QD1,0.0023987090348949304,0.0023328454202689143,0.0002784563498994725,7.4703475897823,7.54,0.23653120013170456,0.0,False,False
local_joint_v2,amide,288,288:417-GLN-H--419-VAL-QG1,0.0025877161016212504,0.0036079226054996985,0.000498026126526032,7.283852186673945,6.52,-2.0484999672504562,4.19635211582512,True,True
local_joint_v2,amide,289,289:521-VAL-QG1--522-LEU-QD1,0.002286285392886846,0.0023328454202689143,0.0002784563498994725,7.590840268102149,7.54,-0.1672076337956635,0.02795839279954471,True,False
local_joint_v2,amide,290,290:452-ALA-QB--453-ARG-H,0.02682605739567409,0.0036079226054996985,0.000498026126526032,3.340522363386601,6.52,46.62031478575607,0.0,False,False
local_joint_v2,amide,291,291:490-ALA-QB--491-GLU-H,0.028198450223497023,0.0036079226054996985,0.000498026126526032,3.2854252196889924,6.52,49.37597910681493,0.0,False,False
local_joint_v2,methyl,0,0:64-LEU-QD2--67-VAL-QG2,0.00267343956641971,0.001953125,0.00021972656249999998,7.2051530361726845,8.0,3.278231626727924,0.0,False,False
local_joint_v2,methyl,1,1:364-LEU-QD2--367-VAL-QG2,0.0009327230615420313,0.001953125,0.00021972656249999998,10.234872300831436,8.0,-4.643962599915378,21.566388629412796,True,True
local_joint_v2,methyl,2,2:90-LEU-QD2--93-VAL-QG2,0.004152687026584339,0.001953125,0.00021972656249999998,6.221430676857588,8.0,10.010451178766061,0.0,False,False
local_joint_v2,methyl,3,3:390-LEU-QD2--393-VAL-QG2,0.002119873077358065,0.001953125,0.00021972656249999998,7.784487881666528,8.0,0.758889027620704,0.0,False,False
local_joint_v2,methyl,4,4:97-VAL-QG2--101-LEU-QD2,0.0029439962053079798,0.001953125,0.00021972656249999998,6.9773030228134765,8.0,4.5095649521572065,0.0,False,False
local_joint_v2,methyl,5,5:397-VAL-QG2--401-LEU-QD2,0.0038989400610142852,0.001953125,0.00021972656249999998,6.353569921764014,8.0,8.85562054434946,0.0,False,False
local_joint_v2,methyl,6,6:119-VAL-QG2--144-LEU-QD2,0.00516146755612827,0.001953125,0.00021972656249999998,5.786406403936584,8.0,14.601523455445992,0.0,False,False
local_joint_v2,methyl,7,7:419-VAL-QG2--444-LEU-QD2,0.005156905549208654,0.001953125,0.00021972656249999998,5.788112197297265,8.0,14.580761255065164,0.0,False,False
local_joint_v2,methyl,8,8:156-VAL-QG2--159-LEU-QD2,0.005741546047061617,0.001953125,0.00021972656249999998,5.584578276146323,8.0,17.241525120849317,0.0,False,False
local_joint_v2,methyl,9,9:456-VAL-QG2--459-LEU-QD2,0.005583326734576084,0.001953125,0.00021972656249999998,5.636839280050515,8.0,16.521451449804047,0.0,False,False
local_joint_v2,methyl,10,10:163-LEU-QD2--159-LEU-QD2,0.005346864337533482,0.001953125,0.00021972656249999998,5.718739029369874,8.0,15.445284807263493,0.0,False,False
local_joint_v2,methyl,11,11:463-LEU-QD2--459-LEU-QD2,0.0030393518002179757,0.001953125,0.00021972656249999998,6.903558500022905,8.0,4.943538859658699,0.0,False,False
local_joint_v2,methyl,12,12:200-LEU-QD2--203-LEU-QD2,0.006790429000671354,0.001953125,0.00021972656249999998,5.2808147052573835,8.0,22.01510798527763,0.0,False,False
local_joint_v2,methyl,13,13:500-LEU-QD2--503-LEU-QD2,0.0077021701374382955,0.001953125,0.00021972656249999998,5.0636338848101845,8.0,26.164543203274736,0.0,False,False
local_joint_v2,methyl,14,14:211-LEU-QD2--214-LEU-QD2,0.011506787239693877,0.001953125,0.00021972656249999998,4.4294381208244324,8.0,43.47977837087347,0.0,False,False
local_joint_v2,methyl,15,15:511-LEU-QD2--514-LEU-QD2,0.00894011257811116,0.001953125,0.00021972656249999998,4.818209402327375,8.0,31.798556799937014,0.0,False,False
local_joint_v2,methyl,16,16:214-LEU-QD2--218-LEU-QD2,0.005599561744719455,0.001953125,0.00021972656249999998,5.631386309906798,8.0,16.595338784856544,0.0,False,False
local_joint_v2,methyl,17,17:514-LEU-QD2--518-LEU-QD2,0.00637632893512622,0.001953125,0.00021972656249999998,5.392743479400682,8.0,20.130492575863332,0.0,False,False
local_joint_v2,methyl,18,18:218-LEU-QD2--221-VAL-QG2,0.0019382059789402686,0.001953125,0.00021972656249999998,8.020473785450726,8.0,-0.0678981225118442,0.004610155040633404,True,False
local_joint_v2,methyl,19,19:218-LEU-QD2--222-LEU-QD2,0.0041747308050297145,0.001953125,0.00021972656249999998,6.210461032524169,8.0,10.11077486377968,0.0,False,False
local_joint_v2,methyl,20,20:518-LEU-QD2--521-VAL-QG2,0.00287378008144341,0.001953125,0.00021972656249999998,7.033672720575079,8.0,4.190003570658009,0.0,False,False
local_joint_v2,methyl,21,21:518-LEU-QD2--522-LEU-QD2,0.007497964733202824,0.001953125,0.00021972656249999998,5.109191749694195,8.0,25.235181719109743,0.0,False,False
local_joint_v2,methyl,22,22:219-LEU-QD2--222-LEU-QD2,0.006579659902246365,0.001953125,0.00021972656249999998,5.336610643608654,8.0,21.055874399556792,0.0,False,False
local_joint_v2,methyl,23,23:519-LEU-QD2--522-LEU-QD2,0.005097093970834946,0.001953125,0.00021972656249999998,5.810664312132026,8.0,14.308552116155488,0.0,False,False
local_joint_v2,methyl,24,24:221-VAL-QG2--222-LEU-QD2,0.0016520854810200601,0.001953125,0.00021972656249999998,8.459067591338606,8.0,-1.3700642997131487,1.8770761853484805,True,True
local_joint_v2,methyl,25,25:521-VAL-QG2--522-LEU-QD2,0.0021604476577528316,0.001953125,0.00021972656249999998,7.735447038483782,8.0,0.9435484512839981,0.0,False,False
local_joint_v2,methyl,26,26:230-LEU-QD2--233-LEU-QD2,0.010580823652101522,0.001953125,0.00021972656249999998,4.5550537698623685,8.0,39.2656151988976,0.0,False,False
local_joint_v2,methyl,27,27:530-LEU-QD2--533-LEU-QD2,0.007253580607978499,0.001953125,0.00021972656249999998,5.165937958519173,8.0,24.12296241142215,0.0,False,False
local_joint_v2,methyl,28,28:233-LEU-QD2--503-LEU-QD2,0.01148044319775765,0.001953125,0.00021972656249999998,4.432823592970624,8.0,43.35988370890593,0.0,False,False
local_joint_v2,methyl,29,29:533-LEU-QD2--203-LEU-QD2,0.004162028669585791,0.001953125,0.00021972656249999998,6.21677253813436,8.0,10.052966034026001,0.0,False,False
local_joint_v2,methyl,30,30:470-LEU-QD2--93-VAL-QG2,0.0007679742087444723,0.001,8.999999999999999e-05,10.919878049011823,10.0,-2.5780643472836418,6.6464157787350295,True,True
local_joint_v2,methyl,31,31:474-LEU-QD2--93-VAL-QG2,0.0005777210136870582,0.001,8.999999999999999e-05,12.00680005290914,10.0,-4.6919887368104645,22.014758306356256,True,True
local_joint_v2,methyl,32,32:214-LEU-QD2--522-LEU-QD2,0.0028620624756316264,0.001953125,0.00021972656249999998,7.043258533167587,8.0,4.13667544465238,0.0,False,False
local_joint_v2,methyl,33,33:514-LEU-QD2--222-LEU-QD2,0.006550864992106155,0.001953125,0.00021972656249999998,5.344418397225054,8.0,20.924825564074236,0.0,False,False
local_joint_v2,methyl,34,34:230-LEU-QD2--511-LEU-QD2,0.003635989811499235,0.001953125,0.00021972656249999998,6.503180088181716,8.0,7.658904742112075,0.0,False,False
local_joint_v2,methyl,35,35:530-LEU-QD2--211-LEU-QD2,0.00626060062379769,0.001953125,0.00021972656249999998,5.425769417025643,8.0,19.603800172305935,0.0,False,False
local_joint_v2,methyl,36,36:219-LEU-QD2--519-LEU-QD2,0.010865635163732328,0.001953125,0.00021972656249999998,4.5149016444438805,8.0,40.56182403405291,0.0,False,False
local_joint_v2,methyl,37,37:170-LEU-QD2--393-VAL-QG2,0.0007991472397133506,0.001,8.999999999999999e-05,10.776003706440337,10.0,-2.2316973365183275,4.980473001822997,True,True
local_joint_v2,methyl,38,38:174-LEU-QD2--393-VAL-QG2,0.0008150676506360275,0.001,8.999999999999999e-05,10.705380659182797,10.0,-2.054803881821917,4.222218992750419,True,True
local_joint_v2,methyl,39,39:456-VAL-QG2--101-LEU-QD2,0.0018441656872632702,0.001953125,0.00021972656249999998,8.154550393456143,8.0,-0.4958859388551614,0.2459028643542649,True,False
author_joint,saxs,0,q=0.00281393,0.034664477803224854,0.03841014,0.0075855972,0.034664477803224854,0.03841014,-0.49378606562119437,0.24382467860165846,False,False
author_joint,saxs,1,q=0.0030889,0.03463137875729773,0.03180309,0.0060644814,0.03463137875729773,0.03180309,0.46636943388064966,0.21750044885815767,False,False
author_joint,saxs,2,q=0.00336388,0.0345948973805754,0.04259826,0.00501565569,0.0345948973805754,0.04259826,-1.59567624136987,2.5461826672722756,False,False
author_joint,saxs,3,q=0.00363886,0.03455656518621218,0.033286068,0.00419709855,0.03455656518621218,0.033286068,0.3027084475326842,0.09163240420764783,False,False
author_joint,saxs,4,q=0.00391383,0.034516420138699405,0.034125834,0.0035948268,0.034516420138699405,0.034125834,0.10865228296935041,0.011805318594451792,False,False
author_joint,saxs,5,q=0.00418881,0.034475185556097326,0.036513042,0.00304067508,0.034475185556097326,0.036513042,-0.6701986862413053,0.44916627903957157,False,False
author_joint,saxs,6,q=0.00446378,0.03443345485205704,0.035845962,0.00273230664,0.03443345485205704,0.035845962,-0.5169650899589234,0.2672529042362378,False,False
author_joint,saxs,7,q=0.00473876,0.0343816154542777,0.032072523,0.00241575678,0.0343816154542777,0.032072523,0.9558464135937162,0.9136423663799697,False,False
author_joint,saxs,8,q=0.00501374,0.03432823034136402,0.030565422,0.00223509999,0.03432823034136402,0.030565422,1.6835078332956475,2.8341986247678057,False,False
author_joint,saxs,9,q=0.00528871,0.03427462749412115,0.037125756,0.00227276247,0.03427462749412115,0.037125756,-1.254477114750515,1.5737128314327766,False,False
author_joint,saxs,10,q=0.00556369,0.03421862021319752,0.03683577,0.00204943296,0.03421862021319752,0.03683577,-1.277011660241122,1.6307587803917865,False,False
author_joint,saxs,11,q=0.00583866,0.03415464515707029,0.03511044,0.00197205678,0.03415464515707029,0.03511044,-0.48466902810461066,0.23490406680386788,False,False
author_joint,saxs,12,q=0.00611364,0.03409032884544745,0.036528648,0.00180530514,0.03409032884544745,0.036528648,-1.3506410082854723,1.8242311332623973,False,False
author_joint,saxs,13,q=0.00638862,0.03402553252426983,0.033469923,0.00170172873,0.03402553252426983,0.033469923,0.3264971170051495,0.10660036741267429,False,False
author_joint,saxs,14,q=0.00666359,0.03395573974410866,0.034477989,0.00163518342,0.03395573974410866,0.034477989,-0.31938267567031614,0.10200529351833035,False,False
author_joint,saxs,15,q=0.007076055,0.03384492283755826,0.0367608255,0.00108042646153,0.03384492283755826,0.0367608255,-2.69884417520884,7.283759882058685,False,False
author_joint,saxs,16,q=0.00762601,0.033688942818855844,0.033529185,0.000970700838168,0.033688942818855844,0.033529185,0.16457987113450015,0.027086533982648677,False,False
author_joint,saxs,17,q=0.00817596,0.03352266188509101,0.0363085575,0.00091396537725,0.03352266188509101,0.0363085575,-3.0481413019072745,9.291165396392975,False,False
author_joint,saxs,18,q=0.00872591,0.033347379379952864,0.0337609902,0.000853659320193,0.033347379379952864,0.0337609902,-0.48451508729925735,0.23475486982060698,False,False
author_joint,saxs,19,q=0.009275865,0.033161305968636805,0.0322778796,0.000787594489659,0.033161305968636805,0.0322778796,1.1216766752892,1.2581585638878334,False,False
author_joint,saxs,20,q=0.00982582,0.03296377739807953,0.03373332015,0.00075414716736,0.03296377739807953,0.03373332015,-1.020414562603702,1.0412458795737045,False,False
author_joint,saxs,21,q=0.0103758,0.032750690600196024,0.034474317,0.000727495376934,0.032750690600196024,0.034474317,-2.3692609663969657,5.6133975268922836,False,False
author_joint,saxs,22,q=0.0109257,0.032542156886580104,0.032768724,0.000678779657703,0.032542156886580104,0.032768724,-0.3337859507849745,0.11141306094142944,False,False
author_joint,saxs,23,q=0.0114757,0.032312518632743245,0.03249508605,0.000650521383444,0.032312518632743245,0.03249508605,-0.2806478340346022,0.07876320674831362,False,False
author_joint,saxs,24,q=0.0120256,0.03208055000421496,0.0318161001,0.000628406796798,0.03208055000421496,0.0318161001,0.42082597699841023,0.1770945029166665,False,False
author_joint,saxs,25,q=0.0125756,0.0318367605989883,0.0322276446,0.000614177813628,0.0318367605989883,0.0322276446,-0.636434583500687,0.405048979075693,False,False
author_joint,saxs,26,q=0.013263,0.0315151785816403,0.0309941008002,0.000476366986747,0.0315151785816403,0.0309941008002,1.0938578783526178,1.1965250580340905,False,False
author_joint,saxs,27,q=0.01408793333,0.031120213397836365,0.0316067332002,0.000459214311175,0.031120213397836365,0.0316067332002,-1.0594613245366158,1.1224582981888804,False,False
author_joint,saxs,28,q=0.0149129,0.03069519816761083,0.0307224832998,0.000441554443199,0.03069519816761083,0.0307224832998,-0.061793358915133545,0.0038184192060145145,False,False
author_joint,saxs,29,q=0.0157378,0.030249183217106713,0.0306244561998,0.000428198876997,0.030249183217106713,0.0306244561998,-0.8763988017089462,0.7680748596368768,False,False
author_joint,saxs,30,q=0.01656273333,0.029791061527987325,0.0295171441998,0.00041194860616,0.029791061527987325,0.0295171441998,0.6649308289707725,0.4421330073157587,False,False
author_joint,saxs,31,q=0.01738766667,0.02931329664650065,0.0300264709998,0.000401299629593,0.02931329664650065,0.0300264709998,-1.777161753233247,3.1583038971550685,False,False
author_joint,saxs,32,q=0.0182126,0.02882355188040351,0.0283768216002,0.000387213737949,0.02882355188040351,0.0283768216002,1.1537046246596447,1.3310343609610518,False,False
author_joint,saxs,33,q=0.019175,0.028222514818790914,0.028704588825,0.000326312698353,0.028222514818790914,0.028704588825,-1.4773375619222278,2.1825262718663123,False,False
author_joint,saxs,34,q=0.0202749,0.027512250443383922,0.027219507075,0.000311328514843,0.027512250443383922,0.027219507075,0.940303744845055,0.8841711325696342,False,False
author_joint,saxs,35,q=0.0213748,0.026783670314645132,0.026979330225,0.000304329094114,0.026783670314645132,0.026979330225,-0.6429221331088889,0.4133488692412839,False,False
author_joint,saxs,36,q=0.022474725,0.026031895852777178,0.0259613358,0.000291997855206,0.026031895852777178,0.0259613358,0.2416457912932278,0.05839268844973021,False,False
author_joint,saxs,37,q=0.023574625,0.02525727926948579,0.02588867865,0.000284858565565,0.02525727926948579,0.02588867865,-2.216536403818044,4.913033629450627,False,False
author_joint,saxs,38,q=0.024674525,0.02446598535236799,0.02492772645,0.000275967617306,0.02446598535236799,0.02492772645,-1.6731713022692,2.799502206737211,False,False
author_joint,saxs,39,q=0.02591192,0.023635279519295265,0.02381825766,0.000237745367656,0.023635279519295265,0.02381825766,-0.7696391416950433,0.592344408429083,False,False
author_joint,saxs,40,q=0.0272868,0.022614486904332036,0.02244276216,0.000229785095993,0.022614486904332036,0.02244276216,0.7473276001210556,0.5584985419026963,False,False
author_joint,saxs,41,q=0.02866168,0.021580537577915213,0.02115858726,0.000221186797443,0.021580537577915213,0.02115858726,1.907665026995787,3.6391858552228373,False,False
author_joint,saxs,42,q=0.03003656,0.02052794265705802,0.02022736908,0.00021407511092,0.02052794265705802,0.02022736908,1.4040566218384087,1.9713749973282844,False,False
author_joint,saxs,43,q=0.03154893333,0.019371362647273124,0.0194245544502,0.000188543480903,0.019371362647273124,0.0194245544502,-0.28211955498074703,0.07959144330253475,False,False
author_joint,saxs,44,q=0.03319876667,0.01799269551276418,0.0179979960498,0.000181713077765,0.01799269551276418,0.0179979960498,-0.029169815959384327,0.0008508781631043526,False,False
author_joint,saxs,45,q=0.03484865,0.016778782848429326,0.0167510383998,0.000175062682783,0.016778782848429326,0.0167510383998,0.1584829398719723,0.025116842230463184,False,False
author_joint,saxs,46,q=0.0364985,0.015672708880641952,0.0151704940002,0.000168807877258,0.015672708880641952,0.0151704940002,2.9750678025195785,8.851028429588673,False,False
author_joint,saxs,47,q=0.03828584286,0.014238846633309182,0.0142120658141,0.000151005333604,0.014238846633309182,0.0142120658141,0.17735015426284614,0.03145307721705532,False,False
author_joint,saxs,48,q=0.04021067143,0.012862887951716456,0.0128438210571,0.000146960411955,0.012862887951716456,0.0128438210571,0.1297417063739167,0.016832910372815615,False,False
author_joint,saxs,49,q=0.04213551429,0.011531095087743408,0.0114883365,0.000145648309598,0.011531095087743408,0.0114883365,0.29357421216507745,0.08618581804834591,False,False
author_joint,saxs,50,q=0.04406034286,0.010264608718116477,0.0102951791141,0.000139065101139,0.010264608718116477,0.0102951791141,-0.21982794916293577,0.04832432723318227,False,False
author_joint,saxs,51,q=0.0461226625,0.00898129465046089,0.0088883635125,0.000123726773614,0.00898129465046089,0.0088883635125,0.7510996629623161,0.5641507037021048,False,False
author_joint,saxs,52,q=0.048322475,0.007704995746197372,0.007655253,0.000122557359322,0.007704995746197372,0.007655253,0.40587318846093234,0.16473304511144352,False,False
author_joint,saxs,53,q=0.050522275,0.00653128771537703,0.0065296932,0.000127412304363,0.00653128771537703,0.0065296932,0.012514610617887471,0.00015661547891734182,False,False
author_joint,saxs,54,q=0.05285957778,0.005410315945709775,0.00533047466661,0.000120771153208,0.005410315945709775,0.00533047466661,0.6610956091664314,0.43704740445913504,False,False
author_joint,saxs,55,q=0.05533436667,0.0043316774251097034,0.00421292356664,0.000109810895157,0.0043316774251097034,0.00421292356664,1.0814396722649184,1.1695117647484543,False,False
author_joint,saxs,56,q=0.05794663,0.003453759518164608,0.00348760491,9.77684047542e-05,0.003453759518164608,0.00348760491,-0.3461792377658499,0.11984006466014485,False,False
author_joint,saxs,57,q=0.0606964,0.002624671137887159,0.00247022784,9.27384862308e-05,0.002624671137887159,0.00247022784,1.6653635848960617,2.7734358698978623,False,False
author_joint,saxs,58,q=0.06344615,0.0020018480989721387,0.00186401226,8.84842383099e-05,0.0020018480989721387,0.00186401226,1.557744538517625,2.426568047281488,False,False
author_joint,saxs,59,q=0.06633340909,0.0015365733399359855,0.0014532069818,8.10173252448e-05,0.0015365733399359855,0.0014532069818,1.0289942044382183,1.0588290727674419,False,False
author_joint,saxs,60,q=0.06935813636,0.0012457212904326532,0.00129269421821,7.94061476115e-05,0.0012457212904326532,0.00129269421821,-0.5915527851466251,0.34993469761472923,False,False
author_joint,saxs,61,q=0.072520375,0.0011525885146122451,0.00105593884998,7.38085356033e-05,0.0011525885146122451,0.00105593884998,1.309464601109413,1.7146975415586343,False,False
author_joint,saxs,62,q=0.075820075,0.0011870586261656514,0.00120755590002,7.21013287389e-05,0.0011870586261656514,0.00120755590002,-0.2842842734365589,0.08081754812335218,False,False
author_joint,saxs,63,q=0.07925728462,0.0014115618611934009,0.00150663140771,6.79077121578e-05,0.0014115618611934009,0.00150663140771,-1.399981585238536,1.9599484390070043,False,False
author_joint,saxs,64,q=0.08283196923,0.001781834707757158,0.00189455702307,6.66651384423e-05,0.001781834707757158,0.00189455702307,-1.6908734902036606,2.859053159873509,False,False
author_joint,saxs,65,q=0.08654415,0.0022654179685443095,0.00237375092141,6.31299329169e-05,0.0022654179685443095,0.00237375092141,-1.7160314902962546,2.9447640756883846,False,False
author_joint,saxs,66,q=0.09039382143,0.0028244691344136543,0.00295543797859,6.22012748859e-05,0.0028244691344136543,0.00295543797859,-2.1055652704320056,4.433405108049405,False,False
author_joint,saxs,67,q=0.09438096,0.003417098924570311,0.00358750999998,6.07486891221e-05,0.003417098924570311,0.00358750999998,-2.805181113738543,7.869041080875413,False,False
author_joint,saxs,68,q=0.09864301875,0.004016791273041641,0.003978003825,5.76834165381e-05,0.004016791273041641,0.003978003825,0.6724193948536688,0.4521478425753741,False,False
author_joint,saxs,69,q=0.1030425,0.004558194481195282,0.00454636185,5.63261185929e-05,0.004558194481195282,0.00454636185,0.2100736122224834,0.044130922552202335,False,False
author_joint,saxs,70,q=0.10758,0.004998110856480022,0.00500736420002,5.58094910001e-05,0.004998110856480022,0.00500736420002,-0.1658023281373593,0.027490412015768562,False,False
author_joint,saxs,71,q=0.1123917778,0.005313312213444099,0.00537149764983,5.5893579744e-05,0.005313312213444099,0.00537149764983,-1.041003933768387,1.0836891901212562,False,False
author_joint,saxs,72,q=0.1173415,0.005471622136159827,0.00549024236661,5.2197583734e-05,0.005471622136159827,0.00549024236661,-0.3567259079474323,0.12725337340091994,False,False
author_joint,saxs,73,q=0.122428579,0.005478127424502293,0.00545602938942,4.92090323023e-05,0.005478127424502293,0.00545602938942,0.4490646137184867,0.20165902729413368,False,False
author_joint,saxs,74,q=0.1277905,0.005344232738809036,0.005227522185,4.64202730274e-05,0.005344232738809036,0.005227522185,2.514215152076903,6.321277830933085,False,False
author_joint,saxs,75,q=0.1334276667,0.005093937907230452,0.00500287584286,4.39849978625e-05,0.005093937907230452,0.00500287584286,2.070298256126281,4.286134869319519,False,False
author_joint,saxs,76,q=0.1393395,0.004767490560199292,0.00467894770908,4.17291489963e-05,0.004767490560199292,0.00467894770908,2.1218465568790665,4.5022328109395495,False,False
author_joint,saxs,77,q=0.1455265217,0.004412854651974439,0.00438762202175,3.97208548002e-05,0.004412854651974439,0.00438762202175,0.6352489227978948,0.4035411939158857,False,False
author_joint,saxs,78,q=0.151851,0.004081169930666421,0.0040085898,3.88235519068e-05,0.004081169930666421,0.0040085898,1.8694871309213705,3.4949821326806174,False,False
author_joint,saxs,79,q=0.1583128333,0.003799222874115031,0.00384026323752,3.72166012535e-05,0.003799222874115031,0.00384026323752,-1.102743453799659,1.2160431248980006,False,False
author_joint,saxs,80,q=0.16505,0.003569952683061724,0.003625369068,3.68075140778e-05,0.003569952683061724,0.003625369068,-1.5055726072981337,2.2667488758465004,False,False
author_joint,saxs,81,q=0.1720615385,0.00338403366074549,0.00342677787693,3.66493890669e-05,0.00338403366074549,0.00342677787693,-1.1663009199548948,1.360257835887634,False,False
author_joint,saxs,82,q=0.1794861071,0.0032125233166895337,0.00331399839641,3.38619221769e-05,0.0032125233166895337,0.00331399839641,-2.9967312307418568,8.980398069303604,False,False
author_joint,saxs,83,q=0.187323,0.0030204028483366598,0.00312834914481,3.2840345416e-05,0.0030204028483366598,0.00312834914481,-3.2870024692477204,10.80438523284061,False,False
author_joint,saxs,84,q=0.1954345667,0.002779233535471504,0.00292031014998,3.21036699082e-05,0.002779233535471504,0.00292031014998,-4.394407708274561,19.31081910654288,False,False
author_joint,saxs,85,q=0.2038214516,0.00247525512399971,0.00249302707742,3.12943977175e-05,0.00247525512399971,0.00249302707742,-0.5678956847395155,0.3225055087457631,False,False
author_joint,saxs,86,q=0.21248325,0.002119457475148058,0.00209475774375,3.0315963712e-05,0.002119457475148058,0.00209475774375,0.8147434016185034,0.66380681048089,False,False
author_joint,saxs,87,q=0.2215575,0.0017386481732494087,0.00169647240001,2.97022071986e-05,0.0017386481732494087,0.00169647240001,1.4199541790751704,2.016269870673041,False,False
author_joint,saxs,88,q=0.231044,0.0013772215961296178,0.00137892036859,3.0449015241e-05,0.0013772215961296178,0.00137892036859,-0.05579071923793325,0.0031126043530858953,False,False
author_joint,saxs,89,q=0.2408056944,0.0010812219628380487,0.001065064875,2.91571341365e-05,0.0010812219628380487,0.001065064875,0.5541384061413144,0.30706937316083627,False,False
author_joint,amide,0,0:445-GLY-H--446-GLU-H,0.04416193167374208,0.023323615160349854,0.005997501041232819,2.829115292020207,3.5,3.4744998575454678,0.0,False,False
author_joint,amide,1,1:445-GLY-H--447-GLU-H,0.012893697065846463,0.011739293764087149,0.0024012191790178257,4.26455951042367,4.4,0.4807571553012087,0.0,False,False
author_joint,amide,2,2:444-LEU-H--445-GLY-H,0.04961752340947771,0.023323615160349854,0.005997501041232819,2.7213744659268846,3.5,4.384144007371944,0.0,False,False
author_joint,amide,3,3:444-LEU-H--446-GLU-H,0.012999025091053471,0.011739293764087149,0.0024012191790178257,4.253010020808646,4.4,0.5246215497419073,0.0,False,False
author_joint,amide,4,4:444-LEU-H--445-GLY-H,0.04961752340947771,0.023323615160349854,0.005997501041232819,2.7213744659268846,3.5,4.384144007371944,0.0,False,False
author_joint,amide,5,5:444-LEU-H--447-GLU-H,0.009030405374605201,0.011739293764087149,0.0024012191790178257,4.802096884818117,4.4,-1.128130415229304,1.2726782337654416,True,True
author_joint,amide,6,6:446-GLU-H--447-GLU-H,0.04904163227817896,0.023323615160349854,0.005997501041232819,2.731985318411715,3.5,4.288122159715812,0.0,False,False
author_joint,amide,7,7:451-ARG-H--452-ALA-H,0.04342291479689634,0.023323615160349854,0.005997501041232819,2.8450747142534594,3.5,3.3512790574547306,0.0,False,False
author_joint,amide,8,8:450-ASP-H--452-ALA-H,0.012598057253539663,0.011739293764087149,0.0024012191790178257,4.29766085602164,4.4,0.35763644441811215,0.0,False,False
author_joint,amide,9,9:452-ALA-H--454-ALA-H,0.012220284212221325,0.011739293764087149,0.0024012191790178257,4.341497591911779,4.4,0.20031093052110155,0.0,False,False
author_joint,amide,10,10:452-ALA-H--453-ARG-H,0.042407351159109534,0.023323615160349854,0.005997501041232819,2.8676069074720556,3.5,3.1819479259043053,0.0,False,False
author_joint,amide,11,11:453-ARG-H--455-HIS-H,0.01232108542264494,0.011739293764087149,0.0024012191790178257,4.3296256100741575,4.4,0.24229010980820279,0.0,False,False
author_joint,amide,12,12:453-ARG-H--454-ALA-H,0.04429881710833446,0.023323615160349854,0.005997501041232819,2.82619825211971,3.5,3.4973236025771555,0.0,False,False
author_joint,amide,13,13:454-ALA-H--455-HIS-H,0.04328541863551968,0.023323615160349854,0.005997501041232819,2.848083990756562,3.5,3.32835348221408,0.0,False,False
author_joint,amide,14,14:466-TYR-H--467-SER-H,0.05041277479382177,0.023323615160349854,0.005997501041232819,2.706988843568745,3.5,4.5167411305532,0.0,False,False
author_joint,amide,15,15:462-HIS-H--463-LEU-H,0.06293159462395996,0.023323615160349854,0.005997501041232819,2.514068391462432,3.5,6.604080464731103,0.0,False,False
author_joint,amide,16,16:361-ARG-H--362-GLU-H,0.04476408886560561,0.023323615160349854,0.005997501041232819,2.8163724255486287,3.5,3.57490120599438,0.0,False,False
author_joint,amide,17,17:363-GLN-H--364-LEU-H,0.05003290694045537,0.023323615160349854,0.005997501041232819,2.713822389877815,3.5,4.45340344194676,0.0,False,False
author_joint,amide,18,18:363-GLN-H--365-GLY-H,0.010255865771176398,0.011739293764087149,0.0024012191790178257,4.6026634903742405,4.4,-0.6177811696129796,0.38165357352838103,True,False
author_joint,amide,19,19:364-LEU-H--365-GLY-H,0.039392548347142196,0.023323615160349854,0.005997501041232819,2.9389710475638053,3.5,2.6792714292700293,0.0,False,False
author_joint,amide,20,20:367-VAL-H--368-THR-H,0.05347183544235386,0.023323615160349854,0.005997501041232819,2.654350701760888,3.5,5.026797006742473,0.0,False,False
author_joint,amide,21,21:359-LYS-H--361-ARG-H,0.012749599266066915,0.011739293764087149,0.0024012191790178257,4.280565581162273,4.4,0.42074689008315064,0.0,False,False
author_joint,amide,22,22:361-ARG-H--363-GLN-H,0.012690179514521371,0.011739293764087149,0.0024012191790178257,4.287236203584763,4.4,0.3960012308510563,0.0,False,False
author_joint,amide,23,23:362-GLU-H--364-LEU-H,0.01242418275435918,0.011739293764087149,0.0024012191790178257,4.317616416255687,4.4,0.28522552054251543,0.0,False,False
author_joint,amide,24,24:360-LEU-H--361-ARG-H,0.0457433160876858,0.023323615160349854,0.005997501041232819,2.796130596067035,3.5,3.738173744898168,0.0,False,False
author_joint,amide,25,25:367-VAL-H--369-GLN-H,0.014360670742029706,0.011739293764087149,0.0024012191790178257,4.114102348961392,4.4,1.0916858406131764,0.0,False,False
author_joint,amide,26,26:368-THR-H--369-GLN-H,0.05038397139809855,0.023323615160349854,0.005997501041232819,2.70750458707102,3.5,4.511938564363515,0.0,False,False
author_joint,amide,27,27:369-GLN-H--370-GLU-H,0.043482668654207066,0.023323615160349854,0.005997501041232819,2.843770883505084,3.5,3.3612421832466093,0.0,False,False
author_joint,amide,28,28:368-THR-H--370-GLU-H,0.011933359255329259,0.011739293764087149,0.0024012191790178257,4.376017951340769,4.4,0.08081956571806519,0.0,False,False
author_joint,amide,29,29:367-VAL-H--369-GLN-H,0.014360670742029706,0.011739293764087149,0.0024012191790178257,4.114102348961392,4.4,1.0916858406131764,0.0,False,False
author_joint,amide,30,30:375-LEU-H--376-GLU-H,0.04249386786432397,0.023323615160349854,0.005997501041232819,2.865659454207933,3.5,3.1963733848779072,0.0,False,False
author_joint,amide,31,31:376-GLU-H--377-LYS-H,0.04086029006764439,0.023323615160349854,0.005997501041232819,2.903350834648119,3.5,2.9239969758620963,0.0,False,False
author_joint,amide,32,32:375-LEU-H--377-LYS-H,0.011744351054788278,0.011739293764087149,0.0024012191790178257,4.399368341035621,4.4,0.002106134560859917,0.0,False,False
author_joint,amide,33,33:373-ASP-H--374-ASN-H,0.04421934659843084,0.023323615160349854,0.005997501041232819,2.827890309393675,3.5,3.484072998807809,0.0,False,False
author_joint,amide,34,34:373-ASP-H--376-GLU-H,0.009393151201368365,0.011739293764087149,0.0024012191790178257,4.739467639005404,4.4,-0.9770630616395585,0.9546522264204677,True,True
author_joint,amide,35,35:493-HIS-H--494-ALA-H,0.043258191601803865,0.023323615160349854,0.005997501041232819,2.8486814006539394,3.5,3.3238137524952145,0.0,False,False
author_joint,amide,36,36:493-HIS-H--495-LYS-H,0.011827190009024246,0.011739293764087149,0.0024012191790178257,4.389073045308019,4.4,0.036604840451528245,0.0,False,False
author_joint,amide,37,37:491-GLU-H--493-HIS-H,0.012684370085872755,0.011739293764087149,0.0024012191790178257,4.287890620300126,4.4,0.39358186459770506,0.0,False,False
author_joint,amide,38,38:373-ASP-H--374-ASN-H,0.04421934659843084,0.023323615160349854,0.005997501041232819,2.827890309393675,3.5,3.484072998807809,0.0,False,False
author_joint,amide,39,39:373-ASP-H--375-LEU-H,0.01312630121338496,0.011739293764087149,0.0024012191790178257,4.239219244262063,4.4,0.5776263414092592,0.0,False,False
author_joint,amide,40,40:373-ASP-H--376-GLU-H,0.009393151201368365,0.011739293764087149,0.0024012191790178257,4.739467639005404,4.4,-0.9770630616395585,0.9546522264204677,True,True
author_joint,amide,41,41:374-ASN-H--376-GLU-H,0.012461128859209811,0.011739293764087149,0.0024012191790178257,4.313345079792818,4.4,0.3006119147432078,0.0,False,False
author_joint,amide,42,42:377-LYS-H--378-GLU-H,0.042286810967797045,0.023323615160349854,0.005997501041232819,2.8703290640626866,3.5,3.1618495231722714,0.0,False,False
author_joint,amide,43,43:381-GLY-H--382-LEU-H,0.04544921654529694,0.023323615160349854,0.005997501041232819,2.802148839178621,3.5,3.6891367309206915,0.0,False,False
author_joint,amide,44,44:463-LEU-H--464-ALA-H,0.03902503147236318,0.023323615160349854,0.005997501041232819,2.9481681224857934,3.5,2.6179930948016663,0.0,False,False
author_joint,amide,45,45:532-ALA-H--533-LEU-H,0.04477906115181112,0.023323615160349854,0.005997501041232819,2.8160584973159195,3.5,3.57739762677073,0.0,False,False
author_joint,amide,46,46:531-SER-H--532-ALA-H,0.04408569734726288,0.023323615160349854,0.005997501041232819,2.830745083641421,3.5,3.4617888424151513,0.0,False,False
author_joint,amide,47,47:531-SER-H--532-ALA-H,0.04408569734726288,0.023323615160349854,0.005997501041232819,2.830745083641421,3.5,3.4617888424151513,0.0,False,False
author_joint,amide,48,48:530-LEU-H--532-ALA-H,0.01219418520796406,0.011739293764087149,0.0024012191790178257,4.3445927289405635,4.4,0.18944186680325306,0.0,False,False
author_joint,amide,49,49:536-TYR-H--537-THR-H,0.04697204603961549,0.023323615160349854,0.005997501041232819,2.7715337660335555,3.5,3.943047398688666,0.0,False,False
author_joint,amide,50,50:537-THR-H--538-LYS-H,0.048514280924050183,0.023323615160349854,0.005997501041232819,2.7418485808125603,3.5,4.200193645739201,0.0,False,False
author_joint,amide,51,51:537-THR-H--539-LYS-H,0.013235699592321126,0.011739293764087149,0.0024012191790178257,4.227507299584252,4.4,0.6231858554644955,0.0,False,False
author_joint,amide,52,52:538-LYS-H--539-LYS-H,0.0429179012581699,0.023323615160349854,0.005997501041232819,2.8561905281228652,3.5,3.2670750639490227,0.0,False,False
author_joint,amide,53,53:538-LYS-H--540-LEU-H,0.012337764941670085,0.011739293764087149,0.0024012191790178257,4.32767364549779,4.4,0.2492363807570992,0.0,False,False
author_joint,amide,54,54:532-ALA-H--533-LEU-H,0.04477906115181112,0.023323615160349854,0.005997501041232819,2.8160584973159195,3.5,3.57739762677073,0.0,False,False
author_joint,amide,55,55:532-ALA-H--535-GLU-H,0.00890904378110908,0.011739293764087149,0.0024012191790178257,4.823803803427311,4.4,-1.1786720711333523,1.3892678512697862,True,True
author_joint,amide,56,56:386-MET-H--387-SER-H,0.04809225179561781,0.023323615160349854,0.005997501041232819,2.7498455140518256,3.5,4.129826150088776,0.0,False,False
author_joint,amide,57,57:386-MET-H--388-LYS-H,0.01216143812621857,0.011739293764087149,0.0024012191790178257,4.348488792966442,4.4,0.1758041772363703,0.0,False,False
author_joint,amide,58,58:386-MET-H--387-SER-H,0.04809225179561781,0.023323615160349854,0.005997501041232819,2.7498455140518256,3.5,4.129826150088776,0.0,False,False
author_joint,amide,59,59:387-SER-H--388-LYS-H,0.062072157148036204,0.023323615160349854,0.005997501041232819,2.5256183282640925,3.5,6.460781202252425,0.0,False,False
author_joint,amide,60,60:388-LYS-H--389-ASP-H,0.020174757286978533,0.023323615160349854,0.005997501041232819,3.6733633937066816,3.5,-0.5250283162475377,0.2756547328617244,True,False
author_joint,amide,61,61:389-ASP-H--390-LEU-H,0.026656920968545446,0.023323615160349854,0.005997501041232819,3.347572605500942,3.5,0.5557824476026123,0.0,False,False
author_joint,amide,62,62:388-LYS-H--390-LEU-H,0.006186102634951593,0.011739293764087149,0.0024012191790178257,5.44746304765893,4.4,-2.3126548287053854,5.348372356734336,True,True
author_joint,amide,63,63:394-LYS-H--395-ALA-H,0.044361956943003704,0.023323615160349854,0.005997501041232819,2.8248567842678924,3.5,3.5078512930661043,0.0,False,False
author_joint,amide,64,64:393-VAL-H--395-ALA-H,0.013023658958813064,0.011739293764087149,0.0024012191790178257,4.25032684727257,4.4,0.534880449876825,0.0,False,False
author_joint,amide,65,65:400-TYR-H--401-LEU-H,0.0496259648975846,0.023323615160349854,0.005997501041232819,2.7212201532069593,3.5,4.385551508270877,0.0,False,False
author_joint,amide,66,66:400-TYR-H--402-ASP-H,0.013069328424892146,0.011739293764087149,0.0024012191790178257,4.245370288145378,4.4,0.553899732447174,0.0,False,False
author_joint,amide,67,67:402-ASP-H--403-ASP-H,0.04216395293608486,0.023323615160349854,0.005997501041232819,2.873114231610526,3.5,3.1413646527458163,0.0,False,False
author_joint,amide,68,68:401-LEU-H--403-ASP-H,0.011907888758871728,0.011739293764087149,0.0024012191790178257,4.379135771727358,4.4,0.07021224728578895,0.0,False,False
author_joint,amide,69,69:401-LEU-H--402-ASP-H,0.04248856413744451,0.023323615160349854,0.005997501041232819,2.8657786866259145,3.5,3.1954890620836296,0.0,False,False
author_joint,amide,70,70:403-ASP-H--404-PHE-H,0.04524165086298683,0.023323615160349854,0.005997501041232819,2.806427659629794,3.5,3.6545280362521795,0.0,False,False
author_joint,amide,71,71:402-ASP-H--403-ASP-H,0.04216395293608486,0.023323615160349854,0.005997501041232819,2.873114231610526,3.5,3.1413646527458163,0.0,False,False
author_joint,amide,72,72:403-ASP-H--405-GLN-H,0.0123457366100768,0.011739293764087149,0.0024012191790178257,4.326741982248613,4.4,0.25255622280915835,0.0,False,False
author_joint,amide,73,73:404-PHE-H--405-GLN-H,0.043044136306290955,0.023323615160349854,0.005997501041232819,2.8533956884015765,3.5,3.288123004958652,0.0,False,False
author_joint,amide,74,74:404-PHE-H--406-LYS-H,0.0124383770441521,0.011739293764087149,0.0024012191790178257,4.3159734145047395,4.4,0.2911368050753696,0.0,False,False
author_joint,amide,75,75:405-GLN-H--406-LYS-H,0.04380798040478639,0.023323615160349854,0.005997501041232819,2.8367142430927106,3.5,3.4154833994369533,0.0,False,False
author_joint,amide,76,76:406-LYS-H--407-LYS-H,0.04377355033147797,0.023323615160349854,0.005997501041232819,2.8374577871035225,3.5,3.4097426629082372,0.0,False,False
author_joint,amide,77,77:406-LYS-H--408-TRP-H,0.012787445844734208,0.011739293764087149,0.0024012191790178257,4.276338392141696,4.4,0.43650829120721324,0.0,False,False
author_joint,amide,78,78:408-TRP-H--409-GLN-H,0.044391896540285976,0.023323615160349854,0.005997501041232819,2.824221577531385,3.5,3.512843305085183,0.0,False,False
author_joint,amide,79,79:409-GLN-H--411-GLU-H,0.011563695261663065,0.011739293764087149,0.0024012191790178257,4.422160020628445,4.4,-0.07312889383796664,0.005347835113964595,True,False
author_joint,amide,80,80:413-GLU-H--414-LEU-H,0.046908400959487194,0.023323615160349854,0.005997501041232819,2.772786667205783,3.5,3.9324354655367193,0.0,False,False
author_joint,amide,81,81:412-MET-H--413-GLU-H,0.042927065641291486,0.023323615160349854,0.005997501041232819,2.8559872601939533,3.5,3.268603097551449,0.0,False,False
author_joint,amide,82,82:409-GLN-H--411-GLU-H,0.011563695261663065,0.011739293764087149,0.0024012191790178257,4.422160020628445,4.4,-0.07312889383796664,0.005347835113964595,True,False
author_joint,amide,83,83:411-GLU-H--412-MET-H,0.047910073594848945,0.023323615160349854,0.005997501041232819,2.7533265375531313,3.5,4.099450465363356,0.0,False,False
author_joint,amide,84,84:411-GLU-H--412-MET-H,0.047910073594848945,0.023323615160349854,0.005997501041232819,2.7533265375531313,3.5,4.099450465363356,0.0,False,False
author_joint,amide,85,85:412-MET-H--414-LEU-H,0.01234370082539248,0.011739293764087149,0.0024012191790178257,4.326979831793422,4.4,0.2517084098722515,0.0,False,False
author_joint,amide,86,86:414-LEU-H--415-TYR-H,0.04887156016836802,0.023323615160349854,0.005997501041232819,2.735150735216906,3.5,4.2597649975174745,0.0,False,False
author_joint,amide,87,87:447-GLU-H--448-MET-H,0.04621233512581672,0.023323615160349854,0.005997501041232819,2.786638899696852,3.5,3.8163761553531907,0.0,False,False
author_joint,amide,88,88:446-GLU-H--447-GLU-H,0.04904163227817896,0.023323615160349854,0.005997501041232819,2.731985318411715,3.5,4.288122159715812,0.0,False,False
author_joint,amide,89,89:445-GLY-H--447-GLU-H,0.012893697065846463,0.011739293764087149,0.0024012191790178257,4.26455951042367,4.4,0.4807571553012087,0.0,False,False
author_joint,amide,90,90:447-GLU-H--448-MET-H,0.04621233512581672,0.023323615160349854,0.005997501041232819,2.786638899696852,3.5,3.8163761553531907,0.0,False,False
author_joint,amide,91,91:448-MET-H--449-ARG-H,0.04392218427259581,0.023323615160349854,0.005997501041232819,2.8342534901809184,3.5,3.4345253082293437,0.0,False,False
author_joint,amide,92,92:449-ARG-H--450-ASP-H,0.04416488359031866,0.023323615160349854,0.005997501041232819,2.829052259298893,3.5,3.474992048635771,0.0,False,False
author_joint,amide,93,93:450-ASP-H--451-ARG-H,0.0460948160843096,0.023323615160349854,0.005997501041232819,2.789005074804497,3.5,3.7967814873907884,0.0,False,False
author_joint,amide,94,94:452-ALA-H--454-ALA-H,0.012220284212221325,0.011739293764087149,0.0024012191790178257,4.341497591911779,4.4,0.20031093052110155,0.0,False,False
author_joint,amide,95,95:453-ARG-H--455-HIS-H,0.01232108542264494,0.011739293764087149,0.0024012191790178257,4.3296256100741575,4.4,0.24229010980820279,0.0,False,False
author_joint,amide,96,96:455-HIS-H--456-VAL-H,0.043144809575529824,0.023323615160349854,0.005997501041232819,2.851174607080246,3.5,3.304908874364383,0.0,False,False
author_joint,amide,97,97:456-VAL-H--457-ASP-H,0.045578011209452395,0.023323615160349854,0.005997501041232819,2.799506905125669,3.5,3.7106114523538336,0.0,False,False
author_joint,amide,98,98:457-ASP-H--458-ALA-H,0.04187494870556674,0.023323615160349854,0.005997501041232819,2.8797087808070625,3.5,3.0931772112545657,0.0,False,False
author_joint,amide,99,99:456-VAL-H--458-ALA-H,0.012706346969024151,0.011739293764087149,0.0024012191790178257,4.285417083442246,4.4,0.4027342499123955,0.0,False,False
author_joint,amide,100,100:457-ASP-H--458-ALA-H,0.04187494870556674,0.023323615160349854,0.005997501041232819,2.8797087808070625,3.5,3.0931772112545657,0.0,False,False
author_joint,amide,101,101:455-HIS-H--456-VAL-H,0.043144809575529824,0.023323615160349854,0.005997501041232819,2.851174607080246,3.5,3.304908874364383,0.0,False,False
author_joint,amide,102,102:456-VAL-H--457-ASP-H,0.045578011209452395,0.023323615160349854,0.005997501041232819,2.799506905125669,3.5,3.7106114523538336,0.0,False,False
author_joint,amide,103,103:455-HIS-H--457-ASP-H,0.012449153785015606,0.011739293764087149,0.0024012191790178257,4.31472766571568,4.4,0.29562483388909616,0.0,False,False
author_joint,amide,104,104:459-LEU-H--460-ARG-H,0.044141682770849455,0.023323615160349854,0.005997501041232819,2.82954782139586,3.5,3.4711236342228853,0.0,False,False
author_joint,amide,105,105:457-ASP-H--459-LEU-H,0.012337889392712484,0.011739293764087149,0.0024012191790178257,4.327659094513418,4.4,0.24928820902978915,0.0,False,False
author_joint,amide,106,106:460-ARG-H--461-THR-H,0.04498138233256045,0.023323615160349854,0.005997501041232819,2.811830046841735,3.5,3.6111318736442812,0.0,False,False
author_joint,amide,107,107:461-THR-H--462-HIS-H,0.054557169241536245,0.023323615160349854,0.005997501041232819,2.636631222073174,3.5,5.2077613436755925,0.0,False,False
author_joint,amide,108,108:461-THR-H--463-LEU-H,0.013338216272444043,0.011739293764087149,0.0024012191790178257,4.216648648367154,4.4,0.665879450875827,0.0,False,False
author_joint,amide,109,109:462-HIS-H--463-LEU-H,0.06293159462395996,0.023323615160349854,0.005997501041232819,2.514068391462432,3.5,6.604080464731103,0.0,False,False
author_joint,amide,110,110:470-LEU-H--471-ARG-H,0.042625779479573765,0.023323615160349854,0.005997501041232819,2.862700334295665,3.5,3.2183678146150427,0.0,False,False
author_joint,amide,111,111:472-GLN-H--473-ARG-H,0.04641058100830427,0.023323615160349854,0.005997501041232819,2.7826654656070082,3.5,3.8494309028429563,0.0,False,False
author_joint,amide,112,112:474-LEU-H--475-ALA-H,0.04584150050521654,0.023323615160349854,0.005997501041232819,2.7941328961128464,3.5,3.7545446328489533,0.0,False,False
author_joint,amide,113,113:473-ARG-H--474-LEU-H,0.04359612450721292,0.023323615160349854,0.005997501041232819,2.8413018357389817,3.5,3.3801593709595985,0.0,False,False
author_joint,amide,114,114:471-ARG-H--472-GLN-H,0.04323895629473503,0.023323615160349854,0.005997501041232819,2.8491037600474742,3.5,3.3206065321985285,0.0,False,False
author_joint,amide,115,115:470-LEU-H--471-ARG-H,0.042625779479573765,0.023323615160349854,0.005997501041232819,2.862700334295665,3.5,3.2183678146150427,0.0,False,False
author_joint,amide,116,116:475-ALA-H--476-ALA-H,0.04289466851701452,0.023323615160349854,0.005997501041232819,2.856706094594123,3.5,3.263201327038324,0.0,False,False
author_joint,amide,117,117:476-ALA-H--477-ARG-H,0.045379361803570516,0.023323615160349854,0.005997501041232819,2.803585931741175,3.5,3.6774894229425565,0.0,False,False
author_joint,amide,118,118:477-ARG-H--478-LEU-H,0.04840397391847267,0.023323615160349854,0.005997501041232819,2.743929784943559,3.5,4.181801484600895,0.0,False,False
author_joint,amide,119,119:466-TYR-H--467-SER-H,0.05041277479382177,0.023323615160349854,0.005997501041232819,2.706988843568745,3.5,4.5167411305532,0.0,False,False
author_joint,amide,120,120:467-SER-H--468-ASP-H,0.04306382473903703,0.023323615160349854,0.005997501041232819,2.8529607722963446,3.5,3.2914057776686048,0.0,False,False
author_joint,amide,121,121:470-LEU-H--472-GLN-H,0.012289081437416817,0.011739293764087149,0.0024012191790178257,4.333380844934585,4.4,0.22896188658402605,0.0,False,False
author_joint,amide,122,122:472-GLN-H--473-ARG-H,0.04641058100830427,0.023323615160349854,0.005997501041232819,2.7826654656070082,3.5,3.8494309028429563,0.0,False,False
author_joint,amide,123,123:479-GLU-H--480-ALA-H,0.04135190413876553,0.023323615160349854,0.005997501041232819,2.8917993950662675,3.5,3.0059667942483363,0.0,False,False
author_joint,amide,124,124:480-ALA-H--481-LEU-H,0.045350856371990406,0.023323615160349854,0.005997501041232819,2.8041732097999312,3.5,3.672736538135345,0.0,False,False
author_joint,amide,125,125:478-LEU-H--479-GLU-H,0.046499622367588395,0.023323615160349854,0.005997501041232819,2.7808881706310262,3.5,3.8642773128180377,0.0,False,False
author_joint,amide,126,126:476-ALA-H--478-LEU-H,0.013028763620568515,0.011739293764087149,0.0024012191790178257,4.249771682927219,4.4,0.5370063123553761,0.0,False,False
author_joint,amide,127,127:478-LEU-H--480-ALA-H,0.012631534198356624,0.011739293764087149,0.0024012191790178257,4.293860846701546,4.4,0.3715780891915205,0.0,False,False
author_joint,amide,128,128:480-ALA-H--481-LEU-H,0.045350856371990406,0.023323615160349854,0.005997501041232819,2.8041732097999312,3.5,3.672736538135345,0.0,False,False
author_joint,amide,129,129:485-GLY-H--486-GLY-H,0.04189975456416606,0.023323615160349854,0.005997501041232819,2.8791403785086906,3.5,3.0973132436501882,0.0,False,False
author_joint,amide,130,130:486-GLY-H--487-ALA-H,0.041874731114992285,0.023323615160349854,0.005997501041232819,2.8797137686711505,3.5,3.093140931048367,0.0,False,False
author_joint,amide,131,131:486-GLY-H--488-ARG-H,0.011254330181183788,0.011739293764087149,0.0024012191790178257,4.462313885021107,4.4,-0.2019655628028617,0.04079008855827668,True,False
author_joint,amide,132,132:484-ASN-H--485-GLY-H,0.056463490871436005,0.023323615160349854,0.005997501041232819,2.606618210307055,3.5,5.525613998772073,0.0,False,False
author_joint,amide,133,133:485-GLY-H--486-GLY-H,0.04189975456416606,0.023323615160349854,0.005997501041232819,2.8791403785086906,3.5,3.0973132436501882,0.0,False,False
author_joint,amide,134,134:485-GLY-H--487-ALA-H,0.010553826749602563,0.011739293764087149,0.0024012191790178257,4.558934436055111,4.4,-0.4936937972357357,0.2437335654290397,True,False
author_joint,amide,135,135:484-ASN-H--486-GLY-H,0.01025322710785016,0.011739293764087149,0.0024012191790178257,4.6030582876268475,4.4,-0.618880054441693,0.3830125217857529,True,False
author_joint,amide,136,136:484-ASN-H--485-GLY-H,0.056463490871436005,0.023323615160349854,0.005997501041232819,2.606618210307055,3.5,5.525613998772073,0.0,False,False
author_joint,amide,137,137:486-GLY-H--487-ALA-H,0.041874731114992285,0.023323615160349854,0.005997501041232819,2.8797137686711505,3.5,3.093140931048367,0.0,False,False
author_joint,amide,138,138:488-ARG-H--490-ALA-H,0.011419379652231169,0.011739293764087149,0.0024012191790178257,4.44071085363913,4.4,-0.13322986699899478,0.017750197460569838,True,False
author_joint,amide,139,139:486-GLY-H--488-ARG-H,0.011254330181183788,0.011739293764087149,0.0024012191790178257,4.462313885021107,4.4,-0.2019655628028617,0.04079008855827668,True,False
author_joint,amide,140,140:490-ALA-H--491-GLU-H,0.04449993848154703,0.023323615160349854,0.005997501041232819,2.8219340712835823,3.5,3.5308577982079457,0.0,False,False
author_joint,amide,141,141:491-GLU-H--492-TYR-H,0.0457451958803854,0.023323615160349854,0.005997501041232819,2.7960922953757206,3.5,3.738487174222594,0.0,False,False
author_joint,amide,142,142:490-ALA-H--492-TYR-H,0.012644190021005534,0.011739293764087149,0.0024012191790178257,4.292427764731829,4.4,0.3768486712189746,0.0,False,False
author_joint,amide,143,143:491-GLU-H--493-HIS-H,0.012684370085872755,0.011739293764087149,0.0024012191790178257,4.287890620300126,4.4,0.39358186459770506,0.0,False,False
author_joint,amide,144,144:493-HIS-H--494-ALA-H,0.043258191601803865,0.023323615160349854,0.005997501041232819,2.8486814006539394,3.5,3.3238137524952145,0.0,False,False
author_joint,amide,145,145:494-ALA-H--495-LYS-H,0.04279244503473239,0.023323615160349854,0.005997501041232819,2.858979005329899,3.5,3.246156981138366,0.0,False,False
author_joint,amide,146,146:496-ALA-H--497-THR-H,0.04370101167755257,0.023323615160349854,0.005997501041232819,2.8390268704672237,3.5,3.3976478498474805,0.0,False,False
author_joint,amide,147,147:495-LYS-H--496-ALA-H,0.04577245450589052,0.023323615160349854,0.005997501041232819,2.7955371378512903,3.5,3.743032171433552,0.0,False,False
author_joint,amide,148,148:495-LYS-H--496-ALA-H,0.04577245450589052,0.023323615160349854,0.005997501041232819,2.7955371378512903,3.5,3.743032171433552,0.0,False,False
author_joint,amide,149,149:494-ALA-H--496-ALA-H,0.012759341864257437,0.011739293764087149,0.0024012191790178257,4.279475805791542,4.4,0.42480424489509516,0.0,False,False
author_joint,amide,150,150:493-HIS-H--495-LYS-H,0.011827190009024246,0.011739293764087149,0.0024012191790178257,4.389073045308019,4.4,0.036604840451528245,0.0,False,False
author_joint,amide,151,151:493-HIS-H--496-ALA-H,0.009330957892637772,0.011739293764087149,0.0024012191790178257,4.749974266520433,4.4,-1.0029637829373255,1.0059363498839504,True,True
author_joint,amide,152,152:496-ALA-H--497-THR-H,0.04370101167755257,0.023323615160349854,0.005997501041232819,2.8390268704672237,3.5,3.3976478498474805,0.0,False,False
author_joint,amide,153,153:495-LYS-H--497-THR-H,0.011563945783798067,0.011739293764087149,0.0024012191790178257,4.422128086402571,4.4,-0.07302456261439853,0.005332586745024212,True,False
author_joint,amide,154,154:497-THR-H--498-GLU-H,0.04564024767606394,0.023323615160349854,0.005997501041232819,2.798233827942285,3.5,3.7209885187659397,0.0,False,False
author_joint,amide,155,155:497-THR-H--498-GLU-H,0.04564024767606394,0.023323615160349854,0.005997501041232819,2.798233827942285,3.5,3.7209885187659397,0.0,False,False
author_joint,amide,156,156:498-GLU-H--499-HIS-H,0.042237112794581394,0.023323615160349854,0.005997501041232819,2.871454410853006,3.5,3.153563043040968,0.0,False,False
author_joint,amide,157,157:496-ALA-H--498-GLU-H,0.011954966501287294,0.011739293764087149,0.0024012191790178257,4.373379976055879,4.4,0.08981801373432378,0.0,False,False
author_joint,amide,158,158:499-HIS-H--500-LEU-H,0.04331357770441834,0.023323615160349854,0.005997501041232819,2.8474666571656675,3.5,3.333048615854753,0.0,False,False
author_joint,amide,159,159:499-HIS-H--500-LEU-H,0.04331357770441834,0.023323615160349854,0.005997501041232819,2.8474666571656675,3.5,3.333048615854753,0.0,False,False
author_joint,amide,160,160:498-GLU-H--499-HIS-H,0.042237112794581394,0.023323615160349854,0.005997501041232819,2.871454410853006,3.5,3.153563043040968,0.0,False,False
author_joint,amide,161,161:500-LEU-H--501-SER-H,0.04530926340155552,0.023323615160349854,0.005997501041232819,2.805031005120913,3.5,3.665801487995473,0.0,False,False
author_joint,amide,162,162:501-SER-H--503-LEU-H,0.012916313788776652,0.011739293764087149,0.0024012191790178257,4.262068946609722,4.4,0.4901760051620699,0.0,False,False
author_joint,amide,163,163:503-LEU-H--504-SER-H,0.04458861815178635,0.023323615160349854,0.005997501041232819,2.8200620369835976,3.5,3.5456439015582664,0.0,False,False
author_joint,amide,164,164:504-SER-H--505-GLU-H,0.042097515598907266,0.023323615160349854,0.005997501041232819,2.8746248649496082,3.5,3.1302871495122466,0.0,False,False
author_joint,amide,165,165:504-SER-H--506-LYS-H,0.012310044896220831,0.011739293764087149,0.0024012191790178257,4.330919595674839,4.4,0.2376922261495251,0.0,False,False
author_joint,amide,166,166:503-LEU-H--504-SER-H,0.04458861815178635,0.023323615160349854,0.005997501041232819,2.8200620369835976,3.5,3.5456439015582664,0.0,False,False
author_joint,amide,167,167:507-ALA-H--508-LYS-H,0.04190440671323162,0.023323615160349854,0.005997501041232819,2.8790338289675748,3.5,3.098088924893689,0.0,False,False
author_joint,amide,168,168:505-GLU-H--506-LYS-H,0.0481366837827755,0.023323615160349854,0.005997501041232819,2.7489991829875216,3.5,4.137234566836387,0.0,False,False
author_joint,amide,169,169:506-LYS-H--507-ALA-H,0.0531315034443332,0.023323615160349854,0.005997501041232819,2.6600060941321453,3.5,4.970051372905835,0.0,False,False
author_joint,amide,170,170:517-GLY-H--519-LEU-H,0.012366687507034667,0.011739293764087149,0.0024012191790178257,4.324297232610284,4.4,0.26128133092962463,0.0,False,False
author_joint,amide,171,171:517-GLY-H--518-LEU-H,0.06196585002818826,0.023323615160349854,0.005997501041232819,2.527061799774844,3.5,6.443055966505558,0.0,False,False
author_joint,amide,172,172:516-GLN-H--518-LEU-H,0.012757446315320777,0.011739293764087149,0.0024012191790178257,4.279687748784875,4.4,0.42401483385206185,0.0,False,False
author_joint,amide,173,173:519-LEU-H--521-VAL-H,0.011368841225309463,0.011739293764087149,0.0024012191790178257,4.447281291915726,4.4,-0.15427685319805445,0.023801347432694044,True,False
author_joint,amide,174,174:521-VAL-H--522-LEU-H,0.05353339628166455,0.023323615160349854,0.005997501041232819,2.6533328528165137,3.5,5.037061421685874,0.0,False,False
author_joint,amide,175,175:518-LEU-H--519-LEU-H,0.04751574751854782,0.023323615160349854,0.005997501041232819,2.760922046413593,3.5,4.033702068891203,0.0,False,False
author_joint,amide,176,176:518-LEU-H--519-LEU-H,0.04751574751854782,0.023323615160349854,0.005997501041232819,2.760922046413593,3.5,4.033702068891203,0.0,False,False
author_joint,amide,177,177:521-VAL-H--523-GLU-H,0.01264126714287619,0.011739293764087149,0.0024012191790178257,4.292758566917209,4.4,0.3756314236828543,0.0,False,False
author_joint,amide,178,178:521-VAL-H--522-LEU-H,0.05353339628166455,0.023323615160349854,0.005997501041232819,2.6533328528165137,3.5,5.037061421685874,0.0,False,False
author_joint,amide,179,179:522-LEU-H--523-GLU-H,0.04263029581360834,0.023323615160349854,0.005997501041232819,2.8625992374324936,3.5,3.2191208505884465,0.0,False,False
author_joint,amide,180,180:523-GLU-H--524-SER-H,0.04707304086261607,0.023323615160349854,0.005997501041232819,2.7695502458282704,3.5,3.9598868827181386,0.0,False,False
author_joint,amide,181,181:525-PHE-H--526-LYS-H,0.04315041743115957,0.023323615160349854,0.005997501041232819,2.8510510882421953,3.5,3.3058439064037595,0.0,False,False
author_joint,amide,182,182:523-GLU-H--525-PHE-H,0.012318467326584606,0.011739293764087149,0.0024012191790178257,4.329932319572316,4.4,0.24119979032249667,0.0,False,False
author_joint,amide,183,183:522-LEU-H--524-SER-H,0.012445521858240603,0.011739293764087149,0.0024012191790178257,4.315147341456125,4.4,0.29411229942046496,0.0,False,False
author_joint,amide,184,184:522-LEU-H--523-GLU-H,0.04263029581360834,0.023323615160349854,0.005997501041232819,2.8625992374324936,3.5,3.2191208505884465,0.0,False,False
author_joint,amide,185,185:523-GLU-H--524-SER-H,0.04707304086261607,0.023323615160349854,0.005997501041232819,2.7695502458282704,3.5,3.9598868827181386,0.0,False,False
author_joint,amide,186,186:525-PHE-H--526-LYS-H,0.04315041743115957,0.023323615160349854,0.005997501041232819,2.8510510882421953,3.5,3.3058439064037595,0.0,False,False
author_joint,amide,187,187:526-LYS-H--527-VAL-H,0.03795837790608253,0.023323615160349854,0.005997501041232819,2.975528526758958,3.5,2.440143427257233,0.0,False,False
author_joint,amide,188,188:526-LYS-H--527-VAL-H,0.03795837790608253,0.023323615160349854,0.005997501041232819,2.975528526758958,3.5,2.440143427257233,0.0,False,False
author_joint,amide,189,189:521-VAL-H--523-GLU-H,0.01264126714287619,0.011739293764087149,0.0024012191790178257,4.292758566917209,4.4,0.3756314236828543,0.0,False,False
author_joint,amide,190,190:527-VAL-H--528-SER-H,0.04728026122186239,0.023323615160349854,0.005997501041232819,2.765498183569201,3.5,3.9944379995619164,0.0,False,False
author_joint,amide,191,191:527-VAL-H--528-SER-H,0.04728026122186239,0.023323615160349854,0.005997501041232819,2.765498183569201,3.5,3.9944379995619164,0.0,False,False
author_joint,amide,192,192:528-SER-H--529-PHE-H,0.04265119888065138,0.023323615160349854,0.005997501041232819,2.8621315141072796,3.5,3.222606146697498,0.0,False,False
author_joint,amide,193,193:536-TYR-H--537-THR-H,0.04697204603961549,0.023323615160349854,0.005997501041232819,2.7715337660335555,3.5,3.943047398688666,0.0,False,False
author_joint,amide,194,194:537-THR-H--538-LYS-H,0.048514280924050183,0.023323615160349854,0.005997501041232819,2.7418485808125603,3.5,4.200193645739201,0.0,False,False
author_joint,amide,195,195:536-TYR-H--538-LYS-H,0.012053927143631233,0.011739293764087149,0.0024012191790178257,4.361378844201567,4.4,0.13103067903729576,0.0,False,False
author_joint,amide,196,196:536-TYR-H--538-LYS-H,0.012053927143631233,0.011739293764087149,0.0024012191790178257,4.361378844201567,4.4,0.13103067903729576,0.0,False,False
author_joint,amide,197,197:535-GLU-H--537-THR-H,0.013381463163167337,0.011739293764087149,0.0024012191790178257,4.212101219716347,4.4,0.6838898395572065,0.0,False,False
author_joint,amide,198,198:370-GLU-H--371-PHE-H,0.04697673751787533,0.023323615160349854,0.005997501041232819,2.7714415003437063,3.5,3.943829637529075,0.0,False,False
author_joint,amide,199,199:419-VAL-H--420-GLU-H,0.0503822836016587,0.023323615160349854,0.005997501041232819,2.7075348203544216,3.5,4.511657147748788,0.0,False,False
author_joint,amide,200,200:503-LEU-H--505-GLU-H,0.011721033706879129,0.011739293764087149,0.0024012191790178257,4.40228371681626,4.4,-0.007604494153461391,5.782833133002848e-05,True,False
author_joint,amide,201,201:372-TRP-HD1--373-ASP-H,0.013105967863548038,0.006010518407212622,0.0009835393757257017,4.241410434055556,5.5,7.214199686819919,0.0,False,False
author_joint,amide,202,202:492-TYR-QD--493-HIS-H,0.009737411263749064,0.0022512637902654935,0.0002655488088124435,4.682942540035622,7.63,28.191229728961122,0.0,False,False
author_joint,amide,203,203:525-PHE-QD--526-LYS-H,0.012615165248062499,0.0022512637902654935,0.0002655488088124435,4.295717226573299,7.63,39.02823554037105,0.0,False,False
author_joint,amide,204,204:525-PHE-QD--527-VAL-H,0.003514139218230236,0.0022512637902654935,0.0002655488088124435,6.577492260568406,7.63,4.755718670373356,0.0,False,False
author_joint,amide,205,205:400-TYR-QD--402-ASP-H,0.003513943750539406,0.0022512637902654935,0.0002655488088124435,6.577614218827302,7.63,4.7549825808698705,0.0,False,False
author_joint,amide,206,206:400-TYR-QD--401-LEU-H,0.011872982479641291,0.0022512637902654935,0.0002655488088124435,4.383423090424355,7.63,36.23333402399705,0.0,False,False
author_joint,amide,207,207:408-TRP-HD1--409-GLN-H,0.013926712693509757,0.006010518407212622,0.0009835393757257017,4.156398007138252,5.5,8.048680593449747,0.0,False,False
author_joint,amide,208,208:371-PHE-QD--372-TRP-HE1,0.0020124712274765476,0.0022512637902654935,0.0002655488088124435,7.920576143405025,7.63,-0.89924170195621,0.8086356385371012,True,False
author_joint,amide,209,209:451-ARG-QD--452-ALA-H,0.005476972016986115,0.003850684739542303,0.0005432000416282245,5.673091992878493,6.38,2.9939012386101234,0.0,False,False
author_joint,amide,210,210:464-ALA-H--466-TYR-QD,0.0024150615949347504,0.0022512637902654935,0.0002655488088124435,7.453448632813644,7.63,0.6168274879551308,0.0,False,False
author_joint,amide,211,211:466-TYR-QD--467-SER-H,0.011811657605593237,0.0022512637902654935,0.0002655488088124435,4.390996088760496,7.63,36.00239766874732,0.0,False,False
author_joint,amide,212,212:470-LEU-H--472-GLN-1HE2,0.0022781938413178695,0.006010518407212622,0.0009835393757257017,7.599816545651637,5.5,-3.7947891645322973,14.400424803251731,True,True
author_joint,amide,213,213:400-TYR-QD--403-ASP-H,0.0043994100924099055,0.0022512637902654935,0.0002655488088124435,6.102884972280869,7.63,8.089459379430478,0.0,False,False
author_joint,amide,214,214:477-ARG-QD--478-LEU-H,0.005740113675798724,0.003850684739542303,0.0005432000416282245,5.585042757317329,6.38,3.478329881185059,0.0,False,False
author_joint,amide,215,215:524-SER-H--525-PHE-QD,0.003777253075449226,0.0022512637902654935,0.0002655488088124435,6.421078393837588,7.63,5.746549163628653,0.0,False,False
author_joint,amide,216,216:370-GLU-H--371-PHE-QD,0.0033275430960456164,0.0022512637902654935,0.0002655488088124435,6.698210171319622,7.63,4.05303759633995,0.0,False,False
author_joint,amide,217,217:491-GLU-H--492-TYR-QD,0.005637606115099685,0.0022512637902654935,0.0002655488088124435,5.61869024217625,7.63,12.752240689680354,0.0,False,False
author_joint,amide,218,218:492-TYR-QD--494-ALA-H,0.003392081459598301,0.0022512637902654935,0.0002655488088124435,6.65545741517299,7.63,4.296075265540221,0.0,False,False
author_joint,amide,219,219:357-PHE-QD--359-LYS-H,0.004009109982198587,0.0022512637902654935,0.0002655488088124435,6.294830056988076,7.63,6.619672668818694,0.0,False,False
author_joint,amide,220,220:372-TRP-HE1--373-ASP-H,0.003629220599213484,0.006010518407212622,0.0009835393757257017,6.5072208148461925,5.5,-2.4211514727024577,5.86197445376928,True,True
author_joint,amide,221,221:372-TRP-HE1--373-ASP-H,0.003629220599213484,0.006010518407212622,0.0009835393757257017,6.5072208148461925,5.5,-2.4211514727024577,5.86197445376928,True,True
author_joint,amide,222,222:368-THR-QG2--372-TRP-HE1,0.006177697593144677,0.0036079226054996985,0.000498026126526032,5.449932436128492,6.52,5.159920033855203,0.0,False,False
author_joint,amide,223,223:360-LEU-QD1--361-ARG-H,0.006071699949517415,0.0036079226054996985,0.000498026126526032,5.481463999711085,6.52,4.947084525873632,0.0,False,False
author_joint,amide,224,224:364-LEU-QD1--365-GLY-H,0.004854237078162064,0.0036079226054996985,0.000498026126526032,5.905994056779233,6.52,2.5025082144906703,0.0,False,False
author_joint,amide,225,225:364-LEU-QD1--368-THR-H,0.0028059355909084206,0.0036079226054996985,0.000498026126526032,7.089910737445199,6.52,-1.610331209299233,2.5931666036431302,True,True
author_joint,amide,226,226:367-VAL-QG1--368-THR-H,0.01316096908448435,0.0036079226054996985,0.000498026126526032,4.23549373497886,6.52,19.181817921123283,0.0,False,False
author_joint,amide,227,227:375-LEU-QD1--376-GLU-H,0.005916005900371994,0.0036079226054996985,0.000498026126526032,5.5291342359969775,6.52,4.634462274042266,0.0,False,False
author_joint,amide,228,228:470-LEU-QD1--471-ARG-H,0.006388588151001384,0.0036079226054996985,0.000498026126526032,5.389291848813164,6.52,5.5833728340682525,0.0,False,False
author_joint,amide,229,229:470-LEU-QD1--472-GLN-2HE2,0.0006694738546864647,0.0036079226054996985,0.000498026126526032,11.431120241278974,6.52,-5.900189958527487,34.812241546708584,True,True
author_joint,amide,230,230:454-ALA-H--456-VAL-QG1,0.0022181634530367665,0.0036079226054996985,0.000498026126526032,7.667765422430107,6.52,-2.790534629492553,7.787083518397139,True,True
author_joint,amide,231,231:455-HIS-H--456-VAL-QG1,0.002922571504678062,0.0036079226054996985,0.000498026126526032,6.9943111980479955,6.52,-1.3761348337330912,1.8937470806136025,True,True
author_joint,amide,232,232:456-VAL-QG1--457-ASP-H,0.013493668181347984,0.0036079226054996985,0.000498026126526032,4.200393630264114,6.52,19.849853349674728,0.0,False,False
author_joint,amide,233,233:456-VAL-QG1--457-ASP-H,0.013493668181347984,0.0036079226054996985,0.000498026126526032,4.200393630264114,6.52,19.849853349674728,0.0,False,False
author_joint,amide,234,234:470-LEU-QD1--472-GLN-2HE2,0.0006694738546864647,0.0036079226054996985,0.000498026126526032,11.431120241278974,6.52,-5.900189958527487,34.812241546708584,True,True
author_joint,amide,235,235:470-LEU-QD1--472-GLN-1HE2,0.0006903506130805592,0.0036079226054996985,0.000498026126526032,11.314710027700485,6.52,-5.858270956125505,34.31933859538364,True,True
author_joint,amide,236,236:470-LEU-QD1--472-GLN-H,0.002624766278707193,0.0036079226054996985,0.000498026126526032,7.2494176477721,6.52,-1.974105924222262,3.8970942000494313,True,True
author_joint,amide,237,237:470-LEU-QD1--471-ARG-H,0.006388588151001384,0.0036079226054996985,0.000498026126526032,5.389291848813164,6.52,5.5833728340682525,0.0,False,False
author_joint,amide,238,238:521-VAL-QG1--524-SER-H,0.0047101888173665665,0.0036079226054996985,0.000498026126526032,5.965596761479736,6.52,2.2132698530410373,0.0,False,False
author_joint,amide,239,239:521-VAL-QG1--522-LEU-H,0.012892361282704374,0.0036079226054996985,0.000498026126526032,4.264706789623836,6.52,18.642473120773865,0.0,False,False
author_joint,amide,240,240:521-VAL-QG1--523-GLU-H,0.003745317216872343,0.0036079226054996985,0.000498026126526032,6.439277346210077,6.52,0.27587832054321554,0.0,False,False
author_joint,amide,241,241:453-ARG-QD--456-VAL-QG1,0.0025057568358729976,0.002467770911890707,0.00030013430009481567,7.362416100017873,7.4,0.1265630884916873,0.0,False,False
author_joint,amide,242,242:470-LEU-QD1--473-ARG-H,0.003960244483879999,0.0036079226054996985,0.000498026126526032,6.320614950730534,6.52,0.7074365371911565,0.0,False,False
author_joint,amide,243,243:393-VAL-QG1--395-ALA-H,0.004270278672079174,0.0036079226054996985,0.000498026126526032,6.1637913289463055,6.52,1.3299624885138512,0.0,False,False
author_joint,amide,244,244:393-VAL-QG1--396-LYS-H,0.0053520246468970155,0.0036079226054996985,0.000498026126526032,5.71690047579763,6.52,3.5020292079117503,0.0,False,False
author_joint,amide,245,245:393-VAL-QG1--394-LYS-H,0.015716586703918546,0.0036079226054996985,0.000498026126526032,3.9922150029385954,6.52,24.313310996116833,0.0,False,False
author_joint,amide,246,246:519-LEU-QD1--522-LEU-H,0.003212502687296475,0.0036079226054996985,0.000498026126526032,6.7772290976164085,6.52,-0.7939742458120919,0.63039510301288,True,False
author_joint,amide,247,247:518-LEU-H--519-LEU-QD1,0.0031094466348132615,0.0036079226054996985,0.000498026126526032,6.851289160523718,6.52,-1.0009032541395828,1.0018073241472063,True,True
author_joint,amide,248,248:522-LEU-QD1--523-GLU-H,0.005935528002417315,0.0036079226054996985,0.000498026126526032,5.523065757116989,6.52,4.673661225674577,0.0,False,False
author_joint,amide,249,249:522-LEU-QD1--524-SER-H,0.002342459101080064,0.0036079226054996985,0.000498026126526032,7.529670891188872,6.52,-2.540958068298227,6.456467904849856,True,True
author_joint,amide,250,250:522-LEU-QD1--525-PHE-QD,0.0036089449909293978,0.0015450825141659923,0.00016076003037565235,6.51938425379273,8.65,12.838156797686102,0.0,False,False
author_joint,amide,251,251:521-VAL-H--522-LEU-QD1,0.0029902638660067905,0.0036079226054996985,0.000498026126526032,6.941129744467743,6.52,-1.2402135281563842,1.5381295954221064,True,True
author_joint,amide,252,252:400-TYR-QD--401-LEU-QD1,0.0022666557505554566,0.0015450825141659923,0.00016076003037565235,7.612689990840081,8.65,4.48851144593183,0.0,False,False
author_joint,amide,253,253:401-LEU-QD1--402-ASP-H,0.005782173603052627,0.0036079226054996985,0.000498026126526032,5.571467794191055,6.52,4.365736819309778,0.0,False,False
author_joint,amide,254,254:470-LEU-QD1--471-ARG-QD,0.0013753744885330302,0.002467770911890707,0.00030013430009481567,8.992069988589643,7.4,-3.6396920412381286,13.247358155052176,True,True
author_joint,amide,255,255:463-LEU-QD1--466-TYR-QD,0.004565416233626209,0.0015450825141659923,0.00016076003037565235,6.027999492587854,8.65,18.787839940080378,0.0,False,False
author_joint,amide,256,256:463-LEU-QD1--464-ALA-H,0.006355776865836909,0.0036079226054996985,0.000498026126526032,5.398549892044515,6.52,5.517490175675711,0.0,False,False
author_joint,amide,257,257:532-ALA-QB--533-LEU-H,0.02666265471704137,0.0036079226054996985,0.000498026126526032,3.3473326254533617,6.52,46.292214170287295,0.0,False,False
author_joint,amide,258,258:510-ALA-H--511-LEU-QD1,0.0034720470309117265,0.0036079226054996985,0.000498026126526032,6.603965567565981,6.52,-0.27282820589306916,0.07443522993083095,True,False
author_joint,amide,259,259:375-LEU-QD1--376-GLU-H,0.005916005900372001,0.0036079226054996985,0.000498026126526032,5.529134235996976,6.52,4.6344622740422805,0.0,False,False
author_joint,amide,260,260:537-THR-QG2--538-LYS-H,0.011518338589923818,0.0036079226054996985,0.000498026126526032,4.427956914589612,6.52,15.883536150207652,0.0,False,False
author_joint,amide,261,261:537-THR-QG2--539-LYS-H,0.003808060963896505,0.0036079226054996985,0.000498026126526032,6.403715599020904,6.52,0.4018631709000214,0.0,False,False
author_joint,amide,262,262:500-LEU-QD1--504-SER-H,0.0047684830887190464,0.0036079226054996985,0.000498026126526032,5.941187396528004,6.52,2.330320482009261,0.0,False,False
author_joint,amide,263,263:396-LYS-H--397-VAL-QG1,0.004497767404977062,0.0036079226054996985,0.000498026126526032,6.058070676538491,6.52,1.7867432090048212,0.0,False,False
author_joint,amide,264,264:397-VAL-QG1--400-TYR-QD,0.0035698901749761413,0.0015450825141659923,0.00016076003037565235,6.543072233620351,8.65,12.595218202427093,0.0,False,False
author_joint,amide,265,265:417-GLN-H--419-VAL-QG1,0.0025693167730346847,0.0036079226054996985,0.000498026126526032,7.30119782878734,6.52,-2.085444471979374,4.349078645709331,True,True
author_joint,amide,266,266:416-ARG-H--419-VAL-QG1,0.003064123380247406,0.0036079226054996985,0.000498026126526032,6.884904445280907,6.52,-1.0919090310493342,1.192265332087096,True,True
author_joint,amide,267,267:419-VAL-QG1--420-GLU-H,0.018070840441536097,0.0036079226054996985,0.000498026126526032,3.810721552421937,6.52,29.040480138907768,0.0,False,False
author_joint,amide,268,268:519-LEU-QD1--521-VAL-H,0.0025750931898939552,0.0036079226054996985,0.000498026126526032,7.295734423028512,6.52,-2.073845849835665,4.300836608880611,True,True
author_joint,amide,269,269:519-LEU-QD1--523-GLU-H,0.004125041280976453,0.0036079226054996985,0.000498026126526032,6.235298277771358,6.52,1.0383364404672952,0.0,False,False
author_joint,amide,270,270:489-LEU-QD1--492-TYR-QD,0.005182765066413625,0.0015450825141659923,0.00016076003037565235,5.778469505442124,8.65,22.628028520194732,0.0,False,False
author_joint,amide,271,271:364-LEU-QD1--367-VAL-H,0.001268303199505545,0.0036079226054996985,0.000498026126526032,9.238305164498767,6.52,-4.697784476316747,22.069178985922616,True,True
author_joint,amide,272,272:532-ALA-H--533-LEU-QD1,0.0026436178782662024,0.0036079226054996985,0.000498026126526032,7.232144695139667,6.52,-1.936253292492862,3.7490768126894483,True,True
author_joint,amide,273,273:444-LEU-QD1--447-GLU-H,0.004625960455844817,0.0036079226054996985,0.000498026126526032,6.001585921087749,6.52,2.0441454697294987,0.0,False,False
author_joint,amide,274,274:444-LEU-QD1--446-GLU-H,0.0027381290364149893,0.0036079226054996985,0.000498026126526032,7.147958621188191,6.52,-1.7464818063902212,3.05019870005205,True,True
author_joint,amide,275,275:444-LEU-QD1--445-GLY-H,0.00606813908026357,0.0036079226054996985,0.000498026126526032,5.482535990077192,6.52,4.939934561114386,0.0,False,False
author_joint,amide,276,276:488-ARG-H--489-LEU-QD1,0.002486176306965809,0.0036079226054996985,0.000498026126526032,7.381693787819013,6.52,-2.252384440869801,5.073235669472365,True,True
author_joint,amide,277,277:489-LEU-QD1--490-ALA-H,0.00598924907440768,0.0036079226054996985,0.000498026126526032,5.506502936890498,6.52,4.7815292051420295,0.0,False,False
author_joint,amide,278,278:489-LEU-QD1--492-TYR-H,0.004726142322318652,0.0036079226054996985,0.000498026126526032,5.958876730668185,6.52,2.245303322978385,0.0,False,False
author_joint,amide,279,279:489-LEU-QD1--490-ALA-QB,0.002207151416657698,0.0023328454202689143,0.0002784563498994725,7.680496413163013,7.54,-0.45139571662342776,0.20375809298597788,True,False
author_joint,amide,280,280:389-ASP-H--390-LEU-QD1,0.003159736270255273,0.0036079226054996985,0.000498026126526032,6.814746755217945,6.52,-0.8999253480349265,0.8098656320357837,True,False
author_joint,amide,281,281:390-LEU-QD1--391-GLU-H,0.006342020217606197,0.0036079226054996985,0.000498026126526032,5.402450453509129,6.52,5.48986783319607,0.0,False,False
author_joint,amide,282,282:357-PHE-QD--360-LEU-QD1,0.002836361463463208,0.0015450825141659923,0.00016076003037565235,7.064468201299135,8.65,8.032338301254663,0.0,False,False
author_joint,amide,283,283:360-LEU-QD1--361-ARG-H,0.006071699949517418,0.0036079226054996985,0.000498026126526032,5.481463999711084,6.52,4.947084525873637,0.0,False,False
author_joint,amide,284,284:514-LEU-QD1--515-ARG-H,0.006003397348846839,0.0036079226054996985,0.000498026126526032,5.5021737883369,6.52,4.809937904376044,0.0,False,False
author_joint,amide,285,285:364-LEU-QD1--367-VAL-QG1,0.0008620266445086024,0.0023328454202689143,0.0002784563498994725,10.507347691333186,7.54,-5.28204429991021,27.899991986213944,True,True
author_joint,amide,286,286:530-LEU-QD1--533-LEU-QD1,0.0028609590859335005,0.0023328454202689143,0.0002784563498994725,7.044163877588955,7.54,1.8965761271209802,0.0,False,False
author_joint,amide,287,287:530-LEU-QD1--533-LEU-QD1,0.0028609590859335005,0.0023328454202689143,0.0002784563498994725,7.044163877588955,7.54,1.8965761271209802,0.0,False,False
author_joint,amide,288,288:417-GLN-H--419-VAL-QG1,0.0025693167730346847,0.0036079226054996985,0.000498026126526032,7.30119782878734,6.52,-2.085444471979374,4.349078645709331,True,True
author_joint,amide,289,289:521-VAL-QG1--522-LEU-QD1,0.0022862785207829056,0.0023328454202689143,0.0002784563498994725,7.590847873619234,7.54,-0.1672323130818176,0.027966646538695062,True,False
author_joint,amide,290,290:452-ALA-QB--453-ARG-H,0.027118936289073983,0.0036079226054996985,0.000498026126526032,3.3284531604377885,6.52,47.20839416111507,0.0,False,False
author_joint,amide,291,291:490-ALA-QB--491-GLU-H,0.026201264773132567,0.0036079226054996985,0.000498026126526032,3.3668666414497737,6.52,45.365776942732154,0.0,False,False
author_joint,methyl,0,0:64-LEU-QD2--67-VAL-QG2,0.0020317240606187933,0.001953125,0.00021972656249999998,7.895477957513431,8.0,0.3577130581050862,0.0,False,False
author_joint,methyl,1,1:364-LEU-QD2--367-VAL-QG2,0.0008048499098009818,0.001953125,0.00021972656249999998,10.750492653904749,8.0,-5.225927521616866,27.310318461192598,True,True
author_joint,methyl,2,2:90-LEU-QD2--93-VAL-QG2,0.003905162659258531,0.001953125,0.00021972656249999998,6.350193474206975,8.0,8.883940280358825,0.0,False,False
author_joint,methyl,3,3:390-LEU-QD2--393-VAL-QG2,0.002517989218457486,0.001953125,0.00021972656249999998,7.350474544752029,8.0,2.570759820890959,0.0,False,False
author_joint,methyl,4,4:97-VAL-QG2--101-LEU-QD2,0.00351443882918453,0.001953125,0.00021972656249999998,6.577305341704747,8.0,7.105712715933151,0.0,False,False
author_joint,methyl,5,5:397-VAL-QG2--401-LEU-QD2,0.0034204759868033145,0.001953125,0.00021972656249999998,6.636989818125645,8.0,6.678077379940419,0.0,False,False
author_joint,methyl,6,6:119-VAL-QG2--144-LEU-QD2,0.005087225887973206,0.001953125,0.00021972656249999998,5.814419016064472,8.0,14.263641374598059,0.0,False,False
author_joint,methyl,7,7:419-VAL-QG2--444-LEU-QD2,0.005449726037459766,0.001953125,0.00021972656249999998,5.682530514525047,8.0,15.913419832705783,0.0,False,False
author_joint,methyl,8,8:156-VAL-QG2--159-LEU-QD2,0.004759778791937271,0.001953125,0.00021972656249999998,5.944806778101137,8.0,12.773393257527848,0.0,False,False
author_joint,methyl,9,9:456-VAL-QG2--459-LEU-QD2,0.005228600708407453,0.001953125,0.00021972656249999998,5.761534598413353,8.0,14.907053890707699,0.0,False,False
author_joint,methyl,10,10:163-LEU-QD2--159-LEU-QD2,0.004662367583530687,0.001953125,0.00021972656249999998,5.985923512256851,8.0,12.330064024601883,0.0,False,False
author_joint,methyl,11,11:463-LEU-QD2--459-LEU-QD2,0.0038157220999098613,0.001953125,0.00021972656249999998,6.399426973755481,8.0,8.476886356923103,0.0,False,False
author_joint,methyl,12,12:200-LEU-QD2--203-LEU-QD2,0.007593967339998114,0.001953125,0.00021972656249999998,5.087570319299867,8.0,25.67210024959142,0.0,False,False
author_joint,methyl,13,13:500-LEU-QD2--503-LEU-QD2,0.007478899880763186,0.001953125,0.00021972656249999998,5.113529434728397,8.0,25.148415457340015,0.0,False,False
author_joint,methyl,14,14:211-LEU-QD2--214-LEU-QD2,0.008469013279621771,0.001953125,0.00021972656249999998,4.90594184054529,8.0,29.654531548145307,0.0,False,False
author_joint,methyl,15,15:511-LEU-QD2--514-LEU-QD2,0.013111341389837005,0.001953125,0.00021972656249999998,4.2408309244517275,8.0,50.782282591969306,0.0,False,False
author_joint,methyl,16,16:214-LEU-QD2--218-LEU-QD2,0.004670101521155502,0.001953125,0.00021972656249999998,5.982617350143802,8.0,12.36526203405882,0.0,False,False
author_joint,methyl,17,17:514-LEU-QD2--518-LEU-QD2,0.0046283006924527,0.001953125,0.00021972656249999998,6.0005742107488995,8.0,12.175021818095846,0.0,False,False
author_joint,methyl,18,18:218-LEU-QD2--221-VAL-QG2,0.001882140753424152,0.001953125,0.00021972656249999998,8.099333846406232,8.0,-0.3230571933051923,0.10436595014622838,True,False
author_joint,methyl,19,19:218-LEU-QD2--222-LEU-QD2,0.004728343309359635,0.001953125,0.00021972656249999998,5.957951991976903,8.0,12.630326883485626,0.0,False,False
author_joint,methyl,20,20:518-LEU-QD2--521-VAL-QG2,0.0029189058141252887,0.001953125,0.00021972656249999998,6.997237894641621,8.0,4.395375794063536,0.0,False,False
author_joint,methyl,21,21:518-LEU-QD2--522-LEU-QD2,0.007253536491518751,0.001953125,0.00021972656249999998,5.165948431683183,8.0,24.122761632512006,0.0,False,False
author_joint,methyl,22,22:219-LEU-QD2--222-LEU-QD2,0.008202979743099355,0.001953125,0.00021972656249999998,4.958414021153295,8.0,28.443783364149958,0.0,False,False
author_joint,methyl,23,23:519-LEU-QD2--522-LEU-QD2,0.005097888715667855,0.001953125,0.00021972656249999998,5.810362341669795,8.0,14.31216908819504,0.0,False,False
author_joint,methyl,24,24:221-VAL-QG2--222-LEU-QD2,0.0014392158115053779,0.001953125,0.00021972656249999998,8.857096153856945,8.0,-2.3388578178599695,5.470255892164698,True,True
author_joint,methyl,25,25:521-VAL-QG2--522-LEU-QD2,0.002073596207283519,0.001953125,0.00021972656249999998,7.841971688462241,8.0,0.5482778500369929,0.0,False,False
author_joint,methyl,26,26:230-LEU-QD2--233-LEU-QD2,0.010750975671389891,0.001953125,0.00021972656249999998,4.530895442857535,8.0,40.03999594445889,0.0,False,False
author_joint,methyl,27,27:530-LEU-QD2--533-LEU-QD2,0.007628644008612473,0.001953125,0.00021972656249999998,5.079849944278797,8.0,25.829917621418545,0.0,False,False
author_joint,methyl,28,28:233-LEU-QD2--503-LEU-QD2,0.01168493955675574,0.001953125,0.00021972656249999998,4.4068118635245295,8.0,44.29056936052391,0.0,False,False
author_joint,methyl,29,29:533-LEU-QD2--203-LEU-QD2,0.006402377341889252,0.001953125,0.00021972656249999998,5.385419985517953,8.0,20.249041769309308,0.0,False,False
author_joint,methyl,30,30:470-LEU-QD2--93-VAL-QG2,0.0005792921983983835,0.001,8.999999999999999e-05,11.995935080154846,10.0,-4.674531128906851,21.85124127511916,True,True
author_joint,methyl,31,31:474-LEU-QD2--93-VAL-QG2,0.0005313259508785808,0.001,8.999999999999999e-05,12.3465700266191,10.0,-5.2074894346824365,27.1179462123292,True,True
author_joint,methyl,32,32:214-LEU-QD2--522-LEU-QD2,0.0032410997812925765,0.001953125,0.00021972656249999998,6.757237747861513,8.0,5.861716337971549,0.0,False,False
author_joint,methyl,33,33:514-LEU-QD2--222-LEU-QD2,0.007178296050884997,0.001953125,0.00021972656249999998,5.183934968432363,8.0,23.780334027138835,0.0,False,False
author_joint,methyl,34,34:230-LEU-QD2--511-LEU-QD2,0.0034636482861539228,0.001953125,0.00021972656249999998,6.609299081623794,8.0,6.874559311207187,0.0,False,False
author_joint,methyl,35,35:530-LEU-QD2--211-LEU-QD2,0.005849761500269118,0.001953125,0.00021972656249999998,5.5499271187650425,8.0,17.7340256723359,0.0,False,False
author_joint,methyl,36,36:219-LEU-QD2--519-LEU-QD2,0.01121880572655098,0.001953125,0.00021972656249999998,4.4670189087420376,8.0,42.169142506614236,0.0,False,False
author_joint,methyl,37,37:170-LEU-QD2--393-VAL-QG2,0.0007584896111945121,0.001,8.999999999999999e-05,10.965205815615459,10.0,-2.6834487645054215,7.2008972717256725,True,True
author_joint,methyl,38,38:174-LEU-QD2--393-VAL-QG2,0.0007257766769734065,0.001,8.999999999999999e-05,11.127535727534774,10.0,-3.046925811406595,9.283756900215739,True,True
author_joint,methyl,39,39:456-VAL-QG2--101-LEU-QD2,0.0019096019491157976,0.001953125,0.00021972656249999998,8.060321849456534,8.0,-0.19807824046854786,0.03923498934711587,True,False
